,Q2_1,Q2_2,Q2_3,Q2_4,Q2_5,Q2_6,Q2_7,Q2_8,Q2_9,Q2_10,Q2_11,Q2_12,Q2_13,Q2_14,Q2_15,Q2_16,Q2_17,Q2_18,Q2_19,Q2_20,Q2_21,Q4_1,Q4_2,Q4_3,Q4_4,Q4_5,Q4_6,Q4_7,Q4_8,Q4_9,Q4_10,Q4_11,Q4_12,Q4_13,Q4_14,Q4_15,Q4_16,Q4_17,Q4_18,Q4_19,Q4_20,Q5_1,Q5_2,Q5_3,Q5_4,Q5_5,Q5_6,Q5_7,Q5_8,Q5_9,Q5_10,Q5_11,Q5_12,Q5_13,Q5_14,Q5_15,Q5_16,Q5_17,Q5_18,Q5_19,Q5_20,where
1,3.0,3.0,4.0,2.0,4.0,3.0,3.0,3.0,4.0,2.0,1.0,3.0,1.0,2.0,2.0,4.0,3.0,1.0,3.0,3.0,1.0,3.0,4.0,4.0,3.0,2.0,3.0,2.0,1.0,2.0,2.0,2.0,4.0,2.0,2.0,4.0,2.0,1.0,1.0,2.0,4.0,2.0,2.0,1.0,2.0,2.0,2.0,2.0,3.0,2.0,1.0,4.0,1.0,2.0,2.0,3.0,3.0,3.0,3.0,2.0,1.0,sona
2,5.0,4.0,4.0,5.0,5.0,5.0,5.0,4.0,5.0,3.0,4.0,5.0,3.0,4.0,5.0,4.0,5.0,4.0,5.0,4.0,1.0,4.0,5.0,5.0,4.0,5.0,5.0,1.0,1.0,4.0,4.0,3.0,5.0,4.0,4.0,5.0,4.0,5.0,2.0,4.0,4.0,4.0,4.0,4.0,5.0,2.0,4.0,4.0,2.0,4.0,5.0,4.0,4.0,4.0,5.0,5.0,3.0,1.0,5.0,2.0,3.0,sona
3,4.0,4.0,3.0,5.0,5.0,3.0,4.0,4.0,3.0,4.0,5.0,3.0,1.0,4.0,5.0,4.0,5.0,5.0,5.0,4.0,1.0,4.0,4.0,5.0,4.0,4.0,5.0,2.0,1.0,4.0,4.0,1.0,5.0,5.0,5.0,4.0,3.0,3.0,5.0,5.0,4.0,5.0,5.0,5.0,5.0,5.0,5.0,3.0,4.0,4.0,5.0,2.0,3.0,3.0,3.0,1.0,3.0,3.0,4.0,4.0,5.0,sona
4,4.0,5.0,5.0,5.0,5.0,5.0,4.0,5.0,5.0,3.0,3.0,3.0,3.0,3.0,5.0,5.0,4.0,3.0,5.0,5.0,1.0,4.0,3.0,5.0,3.0,3.0,3.0,3.0,1.0,3.0,2.0,3.0,4.0,3.0,5.0,5.0,3.0,3.0,3.0,5.0,4.0,5.0,5.0,3.0,5.0,3.0,3.0,3.0,2.0,4.0,3.0,2.0,3.0,3.0,3.0,3.0,3.0,5.0,3.0,3.0,5.0,sona
5,4.0,2.0,2.0,3.0,2.0,4.0,4.0,4.0,5.0,4.0,3.0,4.0,3.0,4.0,2.0,2.0,4.0,3.0,5.0,4.0,1.0,5.0,4.0,1.0,3.0,4.0,5.0,2.0,1.0,4.0,4.0,2.0,4.0,4.0,3.0,4.0,2.0,3.0,1.0,4.0,4.0,4.0,4.0,4.0,4.0,4.0,3.0,3.0,3.0,2.0,4.0,2.0,3.0,3.0,2.0,4.0,3.0,4.0,4.0,2.0,4.0,sona
6,3.0,5.0,5.0,5.0,5.0,4.0,4.0,4.0,4.0,3.0,3.0,5.0,1.0,4.0,5.0,5.0,5.0,5.0,5.0,5.0,1.0,4.0,4.0,5.0,3.0,3.0,4.0,2.0,1.0,5.0,4.0,1.0,5.0,5.0,5.0,5.0,3.0,3.0,1.0,5.0,4.0,5.0,5.0,5.0,5.0,2.0,3.0,5.0,3.0,5.0,5.0,5.0,1.0,3.0,4.0,3.0,3.0,3.0,3.0,5.0,5.0,sona
7,5.0,4.0,4.0,3.0,5.0,4.0,4.0,5.0,5.0,4.0,4.0,4.0,3.0,3.0,5.0,4.0,4.0,4.0,5.0,5.0,1.0,5.0,4.0,5.0,3.0,3.0,5.0,1.0,3.0,3.0,3.0,1.0,5.0,4.0,4.0,5.0,3.0,3.0,1.0,5.0,4.0,4.0,3.0,4.0,4.0,1.0,3.0,3.0,4.0,4.0,3.0,4.0,1.0,4.0,3.0,4.0,3.0,3.0,5.0,4.0,2.0,sona
8,4.0,3.0,3.0,4.0,4.0,4.0,4.0,4.0,4.0,3.0,5.0,5.0,5.0,3.0,4.0,4.0,5.0,5.0,5.0,4.0,1.0,3.0,4.0,4.0,3.0,2.0,4.0,2.0,2.0,3.0,3.0,1.0,3.0,4.0,4.0,4.0,2.0,5.0,1.0,5.0,4.0,4.0,5.0,4.0,4.0,2.0,2.0,4.0,3.0,4.0,5.0,4.0,1.0,3.0,4.0,4.0,3.0,4.0,5.0,4.0,4.0,sona
9,3.0,4.0,4.0,3.0,4.0,3.0,4.0,4.0,4.0,3.0,3.0,4.0,3.0,3.0,4.0,4.0,3.0,3.0,5.0,4.0,1.0,3.0,3.0,5.0,3.0,4.0,5.0,3.0,1.0,4.0,3.0,2.0,4.0,4.0,4.0,5.0,3.0,3.0,3.0,4.0,4.0,4.0,3.0,3.0,4.0,3.0,3.0,3.0,4.0,3.0,3.0,4.0,2.0,3.0,4.0,4.0,3.0,4.0,5.0,4.0,2.0,sona
10,1.0,3.0,2.0,1.0,4.0,3.0,4.0,4.0,4.0,1.0,2.0,4.0,3.0,1.0,4.0,2.0,4.0,1.0,5.0,4.0,1.0,4.0,4.0,4.0,2.0,3.0,4.0,1.0,1.0,1.0,3.0,1.0,4.0,3.0,3.0,4.0,1.0,3.0,1.0,5.0,4.0,4.0,3.0,4.0,3.0,1.0,1.0,3.0,3.0,4.0,4.0,4.0,1.0,2.0,3.0,3.0,3.0,4.0,3.0,3.0,3.0,sona
11,1.0,1.0,1.0,2.0,2.0,1.0,3.0,3.0,2.0,1.0,4.0,1.0,1.0,1.0,1.0,1.0,1.0,1.0,3.0,4.0,1.0,2.0,2.0,2.0,2.0,4.0,4.0,1.0,1.0,2.0,1.0,1.0,2.0,2.0,1.0,3.0,1.0,1.0,1.0,1.0,4.0,1.0,2.0,3.0,2.0,4.0,2.0,2.0,1.0,2.0,3.0,2.0,1.0,1.0,4.0,2.0,3.0,1.0,1.0,2.0,5.0,sona
12,3.0,3.0,4.0,4.0,3.0,3.0,3.0,4.0,5.0,2.0,3.0,3.0,3.0,3.0,4.0,4.0,3.0,3.0,4.0,4.0,1.0,5.0,3.0,5.0,1.0,4.0,4.0,2.0,3.0,4.0,4.0,1.0,3.0,3.0,4.0,4.0,3.0,4.0,1.0,3.0,4.0,3.0,3.0,3.0,4.0,3.0,3.0,3.0,3.0,5.0,3.0,3.0,1.0,3.0,4.0,3.0,3.0,3.0,5.0,4.0,3.0,sona
13,4.0,2.0,3.0,4.0,4.0,3.0,4.0,4.0,4.0,3.0,5.0,5.0,1.0,3.0,4.0,4.0,5.0,4.0,5.0,4.0,1.0,4.0,4.0,4.0,5.0,4.0,5.0,2.0,3.0,4.0,3.0,2.0,4.0,4.0,5.0,4.0,2.0,4.0,1.0,5.0,4.0,5.0,5.0,2.0,4.0,4.0,3.0,4.0,3.0,4.0,5.0,4.0,4.0,3.0,4.0,3.0,3.0,4.0,3.0,3.0,2.0,sona
14,4.0,4.0,4.0,4.0,4.0,4.0,5.0,3.0,3.0,3.0,3.0,4.0,3.0,3.0,4.0,4.0,3.0,3.0,4.0,4.0,1.0,3.0,4.0,4.0,3.0,3.0,4.0,2.0,2.0,4.0,3.0,2.0,4.0,3.0,4.0,4.0,3.0,2.0,2.0,4.0,4.0,4.0,3.0,5.0,4.0,2.0,2.0,4.0,4.0,4.0,2.0,5.0,2.0,4.0,4.0,4.0,3.0,4.0,4.0,4.0,3.0,sona
15,3.0,4.0,4.0,3.0,4.0,4.0,4.0,4.0,4.0,3.0,4.0,2.0,1.0,3.0,5.0,5.0,1.0,2.0,4.0,4.0,1.0,4.0,4.0,3.0,3.0,3.0,4.0,3.0,2.0,3.0,3.0,1.0,1.0,5.0,5.0,4.0,3.0,3.0,2.0,5.0,4.0,5.0,4.0,5.0,4.0,1.0,4.0,4.0,3.0,4.0,5.0,1.0,1.0,4.0,4.0,4.0,3.0,3.0,4.0,4.0,5.0,sona
16,4.0,5.0,5.0,5.0,5.0,5.0,5.0,5.0,5.0,5.0,4.0,1.0,4.0,5.0,5.0,5.0,4.0,2.0,5.0,5.0,1.0,5.0,5.0,4.0,3.0,5.0,5.0,4.0,3.0,5.0,4.0,1.0,4.0,5.0,4.0,5.0,4.0,1.0,1.0,1.0,4.0,1.0,1.0,1.0,4.0,1.0,4.0,4.0,4.0,4.0,1.0,1.0,1.0,4.0,4.0,4.0,3.0,4.0,4.0,4.0,1.0,sona
17,2.0,4.0,3.0,4.0,5.0,2.0,4.0,4.0,5.0,4.0,4.0,4.0,4.0,3.0,4.0,4.0,5.0,4.0,4.0,4.0,1.0,5.0,4.0,4.0,4.0,4.0,4.0,2.0,3.0,4.0,4.0,4.0,2.0,3.0,4.0,4.0,2.0,5.0,1.0,5.0,4.0,5.0,5.0,5.0,4.0,2.0,3.0,4.0,4.0,4.0,4.0,4.0,2.0,3.0,4.0,4.0,3.0,3.0,3.0,4.0,2.0,sona
18,5.0,4.0,4.0,4.0,4.0,4.0,5.0,4.0,4.0,1.0,5.0,3.0,3.0,3.0,4.0,4.0,5.0,3.0,5.0,4.0,1.0,5.0,4.0,5.0,4.0,4.0,3.0,2.0,1.0,4.0,4.0,3.0,4.0,5.0,2.0,4.0,3.0,1.0,1.0,2.0,4.0,2.0,3.0,5.0,4.0,3.0,4.0,4.0,3.0,4.0,4.0,1.0,1.0,3.0,5.0,3.0,3.0,4.0,1.0,5.0,5.0,sona
19,4.0,2.0,3.0,3.0,3.0,2.0,4.0,4.0,4.0,3.0,3.0,4.0,4.0,3.0,2.0,3.0,3.0,1.0,4.0,3.0,2.0,4.0,4.0,5.0,3.0,2.0,4.0,1.0,1.0,2.0,2.0,1.0,3.0,3.0,2.0,3.0,2.0,1.0,1.0,4.0,4.0,2.0,4.0,3.0,1.0,2.0,2.0,3.0,1.0,3.0,3.0,2.0,1.0,2.0,2.0,4.0,3.0,4.0,3.0,2.0,4.0,sona
20,4.0,3.0,4.0,5.0,5.0,5.0,4.0,4.0,4.0,3.0,4.0,5.0,3.0,4.0,5.0,5.0,3.0,5.0,4.0,5.0,1.0,4.0,4.0,4.0,3.0,3.0,4.0,2.0,3.0,4.0,3.0,2.0,4.0,3.0,3.0,5.0,4.0,1.0,2.0,3.0,4.0,4.0,4.0,2.0,3.0,2.0,5.0,3.0,5.0,5.0,3.0,4.0,3.0,4.0,4.0,4.0,3.0,4.0,4.0,5.0,3.0,sona
21,4.0,4.0,4.0,4.0,4.0,3.0,4.0,4.0,4.0,3.0,3.0,3.0,3.0,3.0,4.0,4.0,3.0,3.0,4.0,4.0,1.0,3.0,4.0,4.0,2.0,3.0,4.0,1.0,3.0,4.0,4.0,2.0,4.0,3.0,3.0,4.0,3.0,3.0,2.0,3.0,4.0,4.0,3.0,4.0,4.0,2.0,2.0,4.0,3.0,4.0,3.0,3.0,1.0,3.0,4.0,4.0,3.0,5.0,5.0,3.0,4.0,sona
22,5.0,4.0,4.0,5.0,5.0,4.0,3.0,5.0,4.0,3.0,5.0,5.0,1.0,3.0,5.0,5.0,5.0,3.0,5.0,3.0,1.0,5.0,5.0,5.0,3.0,3.0,4.0,2.0,2.0,4.0,3.0,1.0,2.0,5.0,3.0,4.0,4.0,3.0,1.0,4.0,4.0,4.0,4.0,3.0,5.0,4.0,4.0,5.0,4.0,5.0,5.0,3.0,1.0,5.0,5.0,5.0,3.0,5.0,5.0,4.0,2.0,sona
23,1.0,1.0,1.0,3.0,3.0,1.0,3.0,3.0,4.0,1.0,1.0,5.0,1.0,1.0,1.0,1.0,5.0,3.0,5.0,3.0,1.0,1.0,4.0,5.0,1.0,1.0,4.0,1.0,1.0,1.0,1.0,5.0,3.0,4.0,3.0,1.0,1.0,3.0,1.0,5.0,4.0,3.0,5.0,3.0,3.0,5.0,1.0,1.0,1.0,1.0,1.0,3.0,4.0,1.0,1.0,1.0,3.0,3.0,4.0,1.0,3.0,sona
24,4.0,5.0,4.0,4.0,5.0,5.0,5.0,5.0,5.0,5.0,5.0,1.0,1.0,5.0,4.0,5.0,1.0,2.0,5.0,4.0,1.0,5.0,5.0,5.0,5.0,4.0,5.0,5.0,1.0,5.0,3.0,1.0,5.0,5.0,4.0,5.0,3.0,1.0,1.0,2.0,4.0,3.0,1.0,3.0,5.0,3.0,5.0,5.0,3.0,5.0,1.0,3.0,1.0,5.0,5.0,5.0,3.0,5.0,5.0,5.0,3.0,sona
25,2.0,3.0,4.0,3.0,4.0,2.0,3.0,3.0,2.0,3.0,3.0,2.0,2.0,3.0,4.0,3.0,2.0,2.0,3.0,2.0,1.0,3.0,3.0,4.0,2.0,3.0,4.0,2.0,1.0,4.0,3.0,2.0,4.0,2.0,2.0,4.0,3.0,2.0,2.0,2.0,4.0,1.0,3.0,4.0,2.0,3.0,1.0,2.0,4.0,4.0,4.0,4.0,1.0,3.0,3.0,3.0,3.0,4.0,2.0,3.0,2.0,sona
26,5.0,5.0,5.0,4.0,5.0,5.0,4.0,5.0,5.0,2.0,4.0,2.0,2.0,4.0,5.0,5.0,5.0,4.0,5.0,5.0,1.0,5.0,4.0,4.0,5.0,4.0,5.0,2.0,3.0,5.0,4.0,5.0,1.0,2.0,2.0,5.0,2.0,3.0,2.0,4.0,4.0,2.0,3.0,2.0,4.0,1.0,5.0,5.0,5.0,4.0,4.0,5.0,4.0,5.0,4.0,5.0,3.0,5.0,5.0,5.0,1.0,sona
27,4.0,4.0,3.0,5.0,4.0,4.0,3.0,4.0,5.0,4.0,5.0,5.0,2.0,4.0,4.0,4.0,5.0,5.0,5.0,4.0,1.0,4.0,4.0,4.0,3.0,3.0,4.0,1.0,3.0,4.0,3.0,4.0,4.0,4.0,4.0,4.0,2.0,4.0,1.0,5.0,4.0,5.0,5.0,4.0,4.0,2.0,3.0,3.0,4.0,4.0,5.0,5.0,4.0,4.0,4.0,3.0,3.0,5.0,4.0,5.0,4.0,sona
28,4.0,3.0,2.0,3.0,4.0,3.0,5.0,5.0,5.0,2.0,4.0,4.0,1.0,1.0,2.0,2.0,4.0,3.0,3.0,5.0,1.0,5.0,5.0,4.0,3.0,3.0,5.0,1.0,3.0,3.0,2.0,1.0,5.0,4.0,3.0,4.0,2.0,1.0,1.0,4.0,2.0,4.0,2.0,1.0,5.0,1.0,4.0,5.0,4.0,5.0,5.0,5.0,1.0,4.0,3.0,5.0,3.0,5.0,3.0,3.0,2.0,sona
29,5.0,3.0,4.0,3.0,5.0,3.0,5.0,4.0,4.0,1.0,4.0,5.0,1.0,3.0,3.0,2.0,5.0,5.0,4.0,4.0,1.0,4.0,4.0,5.0,3.0,3.0,4.0,1.0,1.0,1.0,2.0,4.0,4.0,3.0,4.0,4.0,1.0,4.0,1.0,5.0,4.0,5.0,4.0,2.0,3.0,1.0,3.0,1.0,1.0,3.0,3.0,5.0,2.0,3.0,2.0,4.0,3.0,4.0,3.0,3.0,1.0,sona
30,4.0,5.0,4.0,5.0,4.0,4.0,5.0,4.0,4.0,4.0,5.0,5.0,1.0,3.0,5.0,5.0,5.0,5.0,4.0,4.0,1.0,4.0,4.0,4.0,4.0,5.0,5.0,1.0,3.0,4.0,3.0,1.0,5.0,2.0,5.0,4.0,3.0,5.0,1.0,5.0,4.0,5.0,5.0,4.0,5.0,2.0,5.0,4.0,3.0,5.0,5.0,1.0,1.0,4.0,3.0,4.0,3.0,5.0,3.0,5.0,1.0,sona
31,2.0,3.0,3.0,3.0,4.0,2.0,3.0,4.0,4.0,2.0,2.0,3.0,3.0,3.0,4.0,3.0,3.0,1.0,2.0,3.0,1.0,4.0,3.0,3.0,3.0,2.0,3.0,1.0,1.0,2.0,2.0,5.0,2.0,1.0,3.0,4.0,3.0,3.0,1.0,3.0,4.0,2.0,3.0,1.0,3.0,1.0,3.0,3.0,2.0,4.0,1.0,5.0,1.0,1.0,4.0,2.0,3.0,2.0,4.0,3.0,1.0,sona
32,4.0,2.0,3.0,4.0,4.0,3.0,4.0,4.0,4.0,1.0,5.0,3.0,2.0,2.0,4.0,2.0,4.0,3.0,4.0,4.0,1.0,4.0,3.0,2.0,3.0,4.0,4.0,1.0,2.0,2.0,1.0,1.0,5.0,4.0,1.0,4.0,1.0,4.0,1.0,4.0,4.0,3.0,3.0,1.0,4.0,3.0,3.0,4.0,2.0,4.0,2.0,5.0,1.0,3.0,3.0,4.0,3.0,4.0,5.0,4.0,1.0,sona
33,1.0,2.0,2.0,1.0,2.0,2.0,3.0,4.0,4.0,3.0,1.0,1.0,1.0,2.0,3.0,3.0,1.0,2.0,3.0,5.0,1.0,3.0,3.0,2.0,1.0,1.0,2.0,1.0,3.0,2.0,1.0,1.0,3.0,4.0,2.0,2.0,3.0,1.0,1.0,1.0,4.0,1.0,1.0,4.0,4.0,4.0,3.0,3.0,1.0,2.0,1.0,1.0,4.0,2.0,5.0,3.0,3.0,3.0,4.0,1.0,4.0,sona
34,5.0,4.0,4.0,4.0,4.0,4.0,5.0,4.0,4.0,2.0,5.0,5.0,1.0,3.0,4.0,4.0,5.0,5.0,5.0,4.0,1.0,4.0,4.0,4.0,3.0,4.0,4.0,1.0,1.0,4.0,2.0,1.0,5.0,4.0,4.0,5.0,2.0,4.0,1.0,5.0,4.0,5.0,5.0,5.0,4.0,2.0,4.0,3.0,4.0,4.0,5.0,4.0,4.0,4.0,4.0,4.0,3.0,4.0,3.0,4.0,2.0,sona
35,3.0,3.0,3.0,3.0,4.0,3.0,3.0,4.0,4.0,2.0,1.0,1.0,1.0,3.0,4.0,4.0,2.0,2.0,4.0,4.0,2.0,3.0,4.0,3.0,2.0,2.0,3.0,2.0,1.0,3.0,4.0,1.0,3.0,3.0,3.0,3.0,3.0,1.0,1.0,1.0,4.0,3.0,1.0,1.0,3.0,3.0,3.0,3.0,3.0,4.0,2.0,2.0,1.0,3.0,4.0,3.0,3.0,4.0,4.0,3.0,2.0,sona
36,5.0,4.0,5.0,5.0,3.0,4.0,4.0,5.0,4.0,3.0,5.0,5.0,5.0,4.0,5.0,4.0,5.0,5.0,5.0,5.0,1.0,5.0,4.0,4.0,4.0,3.0,5.0,2.0,3.0,5.0,4.0,1.0,5.0,5.0,5.0,5.0,4.0,5.0,3.0,5.0,4.0,4.0,5.0,5.0,5.0,5.0,3.0,3.0,4.0,5.0,5.0,4.0,4.0,4.0,3.0,4.0,3.0,5.0,5.0,5.0,5.0,sona
37,4.0,3.0,2.0,3.0,5.0,4.0,5.0,4.0,4.0,3.0,4.0,5.0,4.0,3.0,2.0,3.0,5.0,4.0,5.0,4.0,1.0,4.0,4.0,4.0,3.0,2.0,5.0,1.0,1.0,4.0,2.0,5.0,4.0,4.0,4.0,4.0,3.0,3.0,1.0,5.0,2.0,4.0,4.0,4.0,4.0,2.0,3.0,4.0,3.0,3.0,4.0,4.0,2.0,3.0,2.0,4.0,3.0,4.0,4.0,3.0,3.0,sona
38,4.0,2.0,2.0,2.0,4.0,3.0,4.0,5.0,4.0,1.0,3.0,1.0,1.0,2.0,4.0,2.0,1.0,1.0,3.0,3.0,1.0,4.0,4.0,5.0,3.0,4.0,5.0,1.0,1.0,4.0,1.0,4.0,5.0,5.0,3.0,5.0,1.0,4.0,1.0,1.0,4.0,1.0,1.0,1.0,4.0,1.0,5.0,4.0,3.0,4.0,1.0,4.0,1.0,3.0,5.0,4.0,3.0,1.0,3.0,2.0,4.0,sona
39,4.0,4.0,4.0,3.0,4.0,3.0,5.0,5.0,5.0,2.0,3.0,4.0,3.0,3.0,4.0,4.0,3.0,3.0,5.0,5.0,1.0,4.0,3.0,4.0,3.0,2.0,5.0,1.0,3.0,4.0,3.0,1.0,4.0,2.0,2.0,4.0,2.0,1.0,1.0,4.0,4.0,4.0,4.0,2.0,4.0,1.0,4.0,3.0,3.0,3.0,2.0,3.0,3.0,3.0,1.0,4.0,4.0,3.0,1.0,3.0,4.0,sona
40,4.0,5.0,5.0,5.0,5.0,5.0,3.0,4.0,4.0,4.0,4.0,2.0,1.0,4.0,5.0,5.0,3.0,5.0,3.0,4.0,1.0,5.0,3.0,4.0,3.0,5.0,5.0,2.0,1.0,4.0,4.0,1.0,4.0,4.0,2.0,5.0,5.0,4.0,1.0,2.0,4.0,1.0,2.0,1.0,4.0,2.0,3.0,5.0,4.0,5.0,2.0,2.0,1.0,4.0,3.0,3.0,3.0,1.0,1.0,5.0,4.0,sona
41,1.0,4.0,4.0,4.0,3.0,4.0,3.0,4.0,4.0,2.0,4.0,5.0,1.0,2.0,4.0,4.0,5.0,4.0,4.0,2.0,1.0,4.0,4.0,3.0,4.0,4.0,4.0,1.0,2.0,2.0,3.0,1.0,3.0,4.0,5.0,4.0,2.0,4.0,1.0,5.0,4.0,4.0,2.0,4.0,5.0,2.0,4.0,2.0,2.0,4.0,5.0,4.0,1.0,4.0,4.0,4.0,3.0,4.0,2.0,2.0,2.0,sona
42,2.0,2.0,4.0,4.0,4.0,4.0,5.0,4.0,4.0,2.0,1.0,1.0,1.0,2.0,4.0,4.0,1.0,1.0,5.0,4.0,1.0,5.0,4.0,4.0,4.0,4.0,5.0,1.0,3.0,4.0,2.0,1.0,5.0,5.0,5.0,5.0,2.0,2.0,1.0,1.0,4.0,1.0,1.0,2.0,4.0,4.0,2.0,4.0,4.0,4.0,1.0,2.0,1.0,2.0,4.0,4.0,3.0,2.0,4.0,2.0,4.0,sona
43,4.0,4.0,4.0,4.0,4.0,4.0,4.0,4.0,4.0,4.0,4.0,2.0,2.0,4.0,5.0,4.0,2.0,4.0,2.0,5.0,1.0,4.0,4.0,4.0,4.0,4.0,4.0,2.0,2.0,4.0,4.0,2.0,4.0,5.0,3.0,5.0,3.0,3.0,2.0,2.0,4.0,2.0,2.0,3.0,3.0,5.0,4.0,4.0,4.0,4.0,4.0,2.0,1.0,5.0,2.0,4.0,3.0,5.0,4.0,5.0,4.0,sona
44,3.0,4.0,5.0,5.0,5.0,3.0,5.0,4.0,4.0,3.0,5.0,5.0,1.0,4.0,5.0,5.0,5.0,5.0,4.0,4.0,1.0,4.0,4.0,4.0,4.0,2.0,4.0,2.0,1.0,4.0,3.0,2.0,5.0,5.0,5.0,5.0,2.0,5.0,1.0,5.0,2.0,5.0,5.0,5.0,5.0,3.0,5.0,4.0,4.0,4.0,5.0,2.0,5.0,4.0,2.0,4.0,3.0,4.0,3.0,5.0,5.0,sona
45,2.0,1.0,1.0,2.0,2.0,3.0,3.0,4.0,4.0,1.0,4.0,5.0,1.0,1.0,1.0,1.0,5.0,5.0,5.0,5.0,1.0,4.0,2.0,3.0,2.0,2.0,2.0,1.0,4.0,3.0,2.0,4.0,4.0,4.0,5.0,2.0,1.0,5.0,5.0,5.0,4.0,5.0,5.0,5.0,4.0,5.0,1.0,5.0,2.0,2.0,5.0,3.0,4.0,2.0,4.0,3.0,3.0,3.0,5.0,5.0,5.0,sona
46,2.0,4.0,4.0,4.0,4.0,4.0,5.0,5.0,5.0,4.0,5.0,3.0,4.0,2.0,5.0,4.0,5.0,4.0,4.0,5.0,1.0,5.0,4.0,3.0,2.0,2.0,4.0,1.0,1.0,4.0,2.0,1.0,4.0,5.0,3.0,4.0,1.0,5.0,1.0,4.0,4.0,3.0,4.0,2.0,4.0,3.0,2.0,4.0,2.0,3.0,5.0,2.0,2.0,4.0,4.0,5.0,3.0,4.0,5.0,4.0,4.0,sona
47,4.0,4.0,4.0,4.0,5.0,4.0,5.0,4.0,4.0,5.0,4.0,1.0,1.0,4.0,5.0,5.0,4.0,3.0,5.0,4.0,1.0,5.0,5.0,4.0,4.0,4.0,5.0,4.0,1.0,4.0,4.0,1.0,4.0,4.0,4.0,5.0,4.0,3.0,1.0,1.0,4.0,3.0,3.0,3.0,4.0,3.0,4.0,3.0,3.0,4.0,4.0,5.0,1.0,4.0,3.0,3.0,3.0,4.0,3.0,4.0,1.0,sona
48,1.0,1.0,1.0,1.0,1.0,1.0,4.0,1.0,1.0,1.0,4.0,5.0,1.0,1.0,1.0,1.0,5.0,5.0,1.0,1.0,1.0,1.0,3.0,2.0,4.0,1.0,4.0,1.0,1.0,1.0,1.0,4.0,3.0,4.0,3.0,2.0,1.0,5.0,3.0,5.0,4.0,4.0,5.0,3.0,4.0,4.0,2.0,1.0,1.0,1.0,5.0,5.0,4.0,1.0,2.0,1.0,3.0,1.0,4.0,1.0,1.0,sona
49,4.0,4.0,4.0,3.0,5.0,4.0,4.0,4.0,4.0,3.0,4.0,4.0,2.0,3.0,4.0,4.0,4.0,3.0,4.0,4.0,1.0,5.0,4.0,5.0,3.0,3.0,5.0,3.0,4.0,4.0,3.0,1.0,4.0,3.0,4.0,4.0,3.0,3.0,1.0,4.0,4.0,4.0,4.0,3.0,4.0,2.0,3.0,4.0,3.0,4.0,4.0,2.0,1.0,4.0,4.0,4.0,3.0,5.0,4.0,4.0,4.0,sona
50,5.0,4.0,5.0,5.0,5.0,5.0,5.0,4.0,4.0,4.0,5.0,5.0,5.0,5.0,5.0,5.0,5.0,5.0,4.0,4.0,1.0,5.0,5.0,5.0,4.0,5.0,5.0,2.0,4.0,5.0,5.0,1.0,4.0,5.0,5.0,5.0,2.0,5.0,2.0,5.0,4.0,3.0,5.0,4.0,5.0,3.0,3.0,3.0,5.0,5.0,5.0,3.0,3.0,5.0,5.0,5.0,3.0,3.0,2.0,4.0,4.0,sona
51,3.0,3.0,5.0,5.0,5.0,4.0,4.0,5.0,5.0,2.0,5.0,5.0,1.0,3.0,5.0,5.0,5.0,5.0,5.0,5.0,1.0,4.0,5.0,5.0,4.0,4.0,5.0,1.0,5.0,3.0,2.0,1.0,5.0,5.0,5.0,5.0,3.0,5.0,1.0,5.0,4.0,5.0,5.0,5.0,3.0,4.0,2.0,3.0,5.0,4.0,5.0,1.0,1.0,2.0,3.0,4.0,3.0,2.0,5.0,2.0,5.0,sona
52,1.0,3.0,4.0,5.0,4.0,3.0,4.0,4.0,4.0,2.0,3.0,4.0,5.0,3.0,4.0,4.0,4.0,4.0,4.0,4.0,1.0,4.0,3.0,4.0,4.0,2.0,5.0,2.0,1.0,2.0,3.0,1.0,2.0,4.0,4.0,4.0,2.0,4.0,1.0,5.0,4.0,3.0,5.0,4.0,4.0,5.0,3.0,5.0,3.0,4.0,4.0,1.0,1.0,2.0,1.0,4.0,3.0,2.0,2.0,3.0,5.0,sona
53,2.0,2.0,5.0,5.0,4.0,4.0,5.0,4.0,5.0,2.0,5.0,5.0,1.0,5.0,5.0,5.0,5.0,5.0,5.0,2.0,1.0,3.0,4.0,5.0,4.0,3.0,4.0,1.0,2.0,3.0,4.0,1.0,2.0,3.0,4.0,5.0,2.0,5.0,1.0,5.0,4.0,5.0,5.0,5.0,3.0,1.0,3.0,4.0,3.0,4.0,3.0,5.0,1.0,3.0,5.0,3.0,3.0,3.0,5.0,4.0,1.0,sona
54,4.0,2.0,2.0,2.0,3.0,2.0,4.0,4.0,4.0,1.0,4.0,4.0,2.0,2.0,2.0,4.0,4.0,2.0,5.0,4.0,1.0,4.0,2.0,3.0,3.0,2.0,4.0,1.0,3.0,3.0,2.0,1.0,5.0,2.0,3.0,4.0,2.0,3.0,1.0,4.0,4.0,4.0,4.0,3.0,4.0,2.0,4.0,2.0,3.0,4.0,4.0,2.0,1.0,2.0,4.0,4.0,3.0,4.0,4.0,2.0,4.0,sona
55,4.0,5.0,5.0,5.0,5.0,5.0,5.0,5.0,4.0,4.0,5.0,5.0,5.0,4.0,5.0,4.0,5.0,5.0,5.0,4.0,1.0,5.0,5.0,5.0,5.0,5.0,5.0,2.0,4.0,5.0,4.0,4.0,5.0,5.0,4.0,5.0,5.0,5.0,5.0,5.0,4.0,5.0,5.0,4.0,5.0,1.0,4.0,5.0,4.0,5.0,4.0,4.0,4.0,5.0,3.0,4.0,3.0,4.0,5.0,5.0,1.0,sona
56,4.0,3.0,4.0,4.0,4.0,4.0,4.0,4.0,4.0,4.0,2.0,2.0,1.0,4.0,4.0,4.0,2.0,2.0,4.0,4.0,1.0,4.0,4.0,4.0,3.0,4.0,4.0,1.0,2.0,4.0,3.0,4.0,2.0,4.0,4.0,4.0,3.0,4.0,1.0,2.0,4.0,1.0,3.0,1.0,4.0,4.0,2.0,4.0,4.0,4.0,2.0,4.0,3.0,4.0,3.0,4.0,3.0,3.0,4.0,4.0,1.0,sona
57,2.0,3.0,4.0,4.0,3.0,1.0,5.0,4.0,3.0,2.0,3.0,5.0,1.0,1.0,5.0,4.0,3.0,3.0,3.0,4.0,1.0,5.0,1.0,1.0,1.0,2.0,4.0,1.0,1.0,3.0,1.0,1.0,4.0,3.0,5.0,4.0,1.0,1.0,1.0,5.0,4.0,4.0,5.0,5.0,5.0,3.0,1.0,3.0,2.0,5.0,4.0,4.0,1.0,3.0,1.0,3.0,3.0,3.0,5.0,5.0,1.0,sona
58,4.0,3.0,3.0,3.0,4.0,4.0,5.0,2.0,1.0,2.0,4.0,1.0,2.0,3.0,3.0,4.0,3.0,4.0,4.0,4.0,1.0,4.0,4.0,4.0,3.0,3.0,2.0,1.0,2.0,3.0,4.0,2.0,3.0,3.0,3.0,4.0,4.0,3.0,1.0,3.0,4.0,2.0,1.0,2.0,4.0,2.0,2.0,4.0,4.0,4.0,3.0,3.0,2.0,3.0,2.0,3.0,3.0,2.0,3.0,4.0,3.0,sona
59,4.0,3.0,4.0,4.0,4.0,2.0,4.0,5.0,5.0,2.0,4.0,3.0,3.0,3.0,4.0,5.0,3.0,2.0,4.0,4.0,1.0,4.0,3.0,3.0,3.0,4.0,5.0,1.0,1.0,4.0,3.0,2.0,4.0,5.0,3.0,4.0,1.0,2.0,1.0,3.0,4.0,3.0,3.0,4.0,4.0,2.0,3.0,3.0,3.0,4.0,3.0,5.0,2.0,3.0,4.0,4.0,3.0,4.0,4.0,4.0,2.0,sona
60,4.0,4.0,4.0,5.0,5.0,5.0,5.0,4.0,4.0,2.0,2.0,4.0,3.0,3.0,3.0,3.0,5.0,4.0,5.0,5.0,1.0,4.0,4.0,4.0,3.0,4.0,4.0,1.0,5.0,4.0,3.0,3.0,5.0,4.0,4.0,4.0,4.0,2.0,1.0,5.0,4.0,4.0,4.0,3.0,4.0,4.0,4.0,4.0,4.0,5.0,4.0,4.0,1.0,4.0,3.0,4.0,3.0,4.0,5.0,5.0,3.0,sona
61,4.0,5.0,3.0,5.0,5.0,5.0,5.0,5.0,5.0,3.0,5.0,4.0,3.0,4.0,5.0,4.0,5.0,5.0,5.0,4.0,1.0,5.0,5.0,4.0,4.0,4.0,5.0,3.0,2.0,5.0,3.0,2.0,5.0,5.0,5.0,5.0,3.0,5.0,3.0,5.0,4.0,5.0,5.0,4.0,4.0,2.0,5.0,2.0,5.0,5.0,5.0,4.0,4.0,5.0,5.0,4.0,3.0,4.0,3.0,4.0,3.0,sona
62,2.0,2.0,2.0,2.0,3.0,2.0,4.0,4.0,4.0,2.0,4.0,4.0,2.0,2.0,2.0,2.0,4.0,4.0,4.0,4.0,1.0,2.0,4.0,3.0,2.0,2.0,2.0,1.0,2.0,2.0,2.0,3.0,4.0,3.0,4.0,4.0,2.0,4.0,3.0,4.0,4.0,4.0,4.0,2.0,3.0,2.0,3.0,3.0,2.0,3.0,5.0,4.0,4.0,2.0,4.0,3.0,3.0,3.0,3.0,4.0,2.0,sona
63,2.0,1.0,1.0,1.0,3.0,1.0,3.0,4.0,4.0,1.0,1.0,2.0,1.0,1.0,1.0,1.0,1.0,1.0,2.0,1.0,1.0,3.0,2.0,2.0,2.0,1.0,3.0,1.0,3.0,1.0,1.0,1.0,3.0,2.0,1.0,3.0,1.0,1.0,1.0,3.0,4.0,3.0,3.0,4.0,2.0,3.0,2.0,2.0,2.0,2.0,2.0,2.0,2.0,3.0,4.0,3.0,3.0,2.0,3.0,2.0,4.0,sona
64,4.0,4.0,3.0,4.0,4.0,3.0,4.0,4.0,3.0,4.0,4.0,4.0,1.0,3.0,4.0,4.0,4.0,5.0,3.0,3.0,1.0,3.0,3.0,4.0,4.0,2.0,4.0,2.0,1.0,3.0,2.0,2.0,3.0,2.0,5.0,3.0,3.0,5.0,1.0,5.0,4.0,5.0,5.0,5.0,4.0,3.0,4.0,3.0,3.0,3.0,5.0,3.0,2.0,3.0,3.0,4.0,3.0,2.0,3.0,4.0,4.0,sona
65,3.0,4.0,4.0,4.0,4.0,4.0,4.0,4.0,3.0,3.0,4.0,4.0,2.0,3.0,4.0,3.0,4.0,3.0,5.0,4.0,1.0,4.0,3.0,5.0,4.0,4.0,4.0,1.0,3.0,3.0,3.0,1.0,2.0,5.0,3.0,3.0,3.0,3.0,1.0,4.0,4.0,4.0,4.0,2.0,4.0,2.0,3.0,3.0,3.0,5.0,4.0,3.0,1.0,4.0,4.0,3.0,3.0,4.0,3.0,4.0,2.0,sona
66,2.0,4.0,4.0,4.0,4.0,2.0,3.0,4.0,4.0,2.0,3.0,4.0,3.0,4.0,4.0,4.0,4.0,3.0,3.0,4.0,1.0,4.0,3.0,4.0,3.0,2.0,4.0,1.0,3.0,2.0,1.0,1.0,4.0,3.0,4.0,4.0,1.0,1.0,1.0,4.0,4.0,3.0,4.0,3.0,3.0,3.0,2.0,4.0,3.0,4.0,3.0,4.0,1.0,3.0,4.0,2.0,3.0,3.0,4.0,2.0,1.0,sona
67,3.0,3.0,4.0,4.0,2.0,3.0,4.0,4.0,4.0,1.0,4.0,4.0,1.0,2.0,4.0,4.0,4.0,4.0,4.0,5.0,1.0,3.0,3.0,2.0,2.0,2.0,4.0,1.0,3.0,3.0,1.0,1.0,4.0,3.0,4.0,4.0,1.0,4.0,1.0,5.0,2.0,4.0,4.0,4.0,3.0,3.0,3.0,3.0,3.0,4.0,4.0,4.0,1.0,2.0,4.0,3.0,3.0,4.0,4.0,3.0,5.0,sona
68,3.0,2.0,3.0,3.0,3.0,4.0,3.0,3.0,3.0,2.0,3.0,3.0,4.0,3.0,3.0,3.0,3.0,3.0,4.0,3.0,1.0,3.0,3.0,3.0,3.0,3.0,3.0,3.0,3.0,3.0,3.0,3.0,3.0,3.0,3.0,4.0,3.0,3.0,3.0,3.0,4.0,4.0,4.0,5.0,4.0,3.0,3.0,3.0,4.0,3.0,4.0,4.0,3.0,5.0,3.0,3.0,3.0,3.0,4.0,3.0,3.0,sona
69,4.0,5.0,4.0,5.0,4.0,5.0,4.0,3.0,5.0,4.0,4.0,3.0,3.0,5.0,5.0,5.0,5.0,3.0,5.0,4.0,1.0,5.0,4.0,4.0,4.0,5.0,5.0,4.0,3.0,4.0,5.0,5.0,4.0,5.0,5.0,5.0,5.0,5.0,4.0,4.0,4.0,5.0,5.0,5.0,5.0,4.0,5.0,5.0,4.0,4.0,4.0,5.0,5.0,4.0,4.0,4.0,3.0,5.0,5.0,4.0,4.0,sona
70,3.0,2.0,4.0,3.0,5.0,4.0,4.0,4.0,4.0,1.0,5.0,1.0,1.0,1.0,3.0,3.0,1.0,2.0,4.0,4.0,1.0,5.0,3.0,4.0,1.0,1.0,4.0,1.0,1.0,4.0,3.0,1.0,4.0,4.0,1.0,3.0,3.0,1.0,1.0,1.0,4.0,5.0,2.0,1.0,1.0,1.0,1.0,1.0,4.0,4.0,1.0,3.0,1.0,3.0,1.0,4.0,3.0,3.0,1.0,2.0,4.0,sona
71,2.0,4.0,3.0,4.0,4.0,3.0,3.0,4.0,5.0,4.0,4.0,4.0,3.0,4.0,4.0,4.0,4.0,3.0,4.0,4.0,1.0,4.0,4.0,4.0,3.0,3.0,3.0,3.0,3.0,4.0,3.0,2.0,3.0,3.0,3.0,4.0,5.0,3.0,1.0,4.0,4.0,4.0,3.0,4.0,4.0,3.0,3.0,4.0,3.0,4.0,4.0,3.0,2.0,3.0,2.0,4.0,3.0,4.0,3.0,4.0,4.0,sona
72,4.0,4.0,4.0,4.0,4.0,5.0,5.0,4.0,4.0,3.0,4.0,3.0,4.0,2.0,4.0,4.0,3.0,3.0,5.0,4.0,1.0,5.0,4.0,4.0,4.0,4.0,4.0,1.0,4.0,4.0,3.0,4.0,4.0,4.0,4.0,4.0,3.0,1.0,2.0,3.0,4.0,3.0,3.0,2.0,4.0,2.0,2.0,2.0,4.0,4.0,2.0,5.0,3.0,4.0,3.0,4.0,3.0,5.0,3.0,4.0,2.0,sona
73,2.0,4.0,3.0,3.0,2.0,2.0,3.0,2.0,2.0,3.0,4.0,2.0,2.0,2.0,3.0,3.0,2.0,3.0,2.0,2.0,1.0,2.0,2.0,3.0,3.0,3.0,2.0,3.0,3.0,3.0,3.0,2.0,2.0,2.0,2.0,4.0,3.0,3.0,1.0,2.0,4.0,3.0,2.0,4.0,4.0,2.0,3.0,3.0,3.0,4.0,5.0,1.0,1.0,4.0,4.0,4.0,3.0,4.0,5.0,4.0,3.0,sona
74,2.0,4.0,4.0,4.0,4.0,4.0,4.0,4.0,5.0,4.0,5.0,4.0,3.0,4.0,5.0,4.0,4.0,4.0,5.0,5.0,1.0,5.0,4.0,5.0,4.0,4.0,5.0,1.0,3.0,4.0,2.0,2.0,4.0,4.0,5.0,5.0,3.0,4.0,1.0,4.0,4.0,5.0,5.0,4.0,4.0,2.0,4.0,5.0,4.0,5.0,4.0,5.0,2.0,4.0,4.0,4.0,3.0,5.0,3.0,5.0,5.0,sona
75,3.0,2.0,2.0,4.0,4.0,4.0,4.0,4.0,4.0,4.0,4.0,5.0,1.0,2.0,2.0,2.0,4.0,5.0,2.0,4.0,1.0,4.0,4.0,3.0,3.0,3.0,3.0,2.0,1.0,4.0,3.0,1.0,3.0,3.0,5.0,2.0,2.0,3.0,1.0,5.0,4.0,5.0,4.0,5.0,3.0,2.0,3.0,2.0,2.0,3.0,5.0,1.0,1.0,3.0,2.0,3.0,3.0,3.0,4.0,4.0,4.0,sona
76,3.0,4.0,4.0,3.0,4.0,3.0,4.0,4.0,4.0,3.0,3.0,3.0,3.0,3.0,4.0,5.0,3.0,3.0,4.0,4.0,1.0,4.0,4.0,4.0,3.0,4.0,4.0,1.0,3.0,4.0,4.0,1.0,4.0,3.0,2.0,4.0,2.0,3.0,1.0,3.0,4.0,3.0,3.0,3.0,4.0,2.0,3.0,3.0,4.0,4.0,3.0,3.0,1.0,3.0,3.0,4.0,3.0,4.0,3.0,3.0,3.0,sona
77,3.0,5.0,4.0,3.0,5.0,4.0,2.0,5.0,3.0,4.0,4.0,5.0,3.0,5.0,4.0,4.0,4.0,5.0,4.0,4.0,1.0,4.0,3.0,5.0,4.0,3.0,4.0,3.0,4.0,3.0,2.0,3.0,3.0,2.0,3.0,4.0,4.0,4.0,2.0,4.0,4.0,5.0,3.0,5.0,5.0,5.0,5.0,5.0,4.0,4.0,3.0,5.0,2.0,4.0,3.0,4.0,3.0,3.0,4.0,5.0,4.0,sona
78,4.0,5.0,5.0,5.0,5.0,5.0,5.0,5.0,5.0,3.0,5.0,5.0,1.0,5.0,5.0,5.0,5.0,5.0,5.0,4.0,1.0,5.0,5.0,5.0,5.0,5.0,5.0,1.0,1.0,5.0,4.0,1.0,5.0,5.0,5.0,5.0,2.0,5.0,3.0,5.0,4.0,5.0,5.0,5.0,5.0,4.0,4.0,4.0,4.0,5.0,5.0,2.0,3.0,4.0,4.0,5.0,3.0,4.0,5.0,5.0,4.0,sona
79,4.0,4.0,3.0,4.0,4.0,4.0,5.0,4.0,5.0,3.0,5.0,5.0,1.0,3.0,4.0,4.0,5.0,4.0,4.0,5.0,1.0,4.0,5.0,3.0,4.0,3.0,4.0,1.0,3.0,5.0,3.0,4.0,5.0,5.0,5.0,5.0,3.0,5.0,2.0,5.0,4.0,3.0,5.0,2.0,5.0,3.0,3.0,4.0,4.0,4.0,5.0,5.0,3.0,4.0,3.0,4.0,3.0,4.0,5.0,4.0,2.0,sona
80,3.0,3.0,3.0,3.0,4.0,3.0,4.0,4.0,3.0,3.0,4.0,5.0,1.0,3.0,4.0,4.0,5.0,4.0,3.0,3.0,1.0,4.0,4.0,4.0,2.0,3.0,5.0,1.0,3.0,5.0,2.0,1.0,3.0,4.0,5.0,5.0,3.0,4.0,4.0,5.0,4.0,5.0,5.0,4.0,5.0,4.0,4.0,3.0,2.0,4.0,5.0,3.0,2.0,4.0,4.0,3.0,3.0,2.0,4.0,4.0,4.0,sona
81,2.0,3.0,4.0,4.0,4.0,4.0,4.0,4.0,3.0,4.0,4.0,4.0,4.0,2.0,4.0,4.0,4.0,3.0,5.0,3.0,1.0,3.0,2.0,4.0,3.0,3.0,2.0,4.0,3.0,3.0,3.0,4.0,4.0,3.0,2.0,3.0,2.0,2.0,3.0,3.0,4.0,3.0,3.0,5.0,3.0,3.0,4.0,4.0,3.0,3.0,3.0,5.0,3.0,3.0,4.0,3.0,3.0,4.0,3.0,4.0,2.0,sona
82,4.0,4.0,5.0,5.0,4.0,4.0,5.0,5.0,5.0,1.0,5.0,5.0,1.0,4.0,4.0,4.0,5.0,5.0,4.0,4.0,1.0,4.0,5.0,4.0,3.0,4.0,5.0,2.0,1.0,4.0,3.0,1.0,5.0,5.0,5.0,4.0,2.0,5.0,1.0,5.0,4.0,5.0,5.0,5.0,5.0,5.0,3.0,3.0,4.0,5.0,5.0,1.0,1.0,4.0,2.0,4.0,3.0,3.0,3.0,5.0,5.0,sona
83,5.0,4.0,4.0,3.0,4.0,4.0,5.0,5.0,4.0,2.0,5.0,1.0,1.0,2.0,5.0,4.0,1.0,1.0,5.0,5.0,1.0,4.0,4.0,5.0,3.0,4.0,5.0,2.0,1.0,4.0,3.0,1.0,5.0,4.0,5.0,5.0,2.0,1.0,1.0,1.0,4.0,2.0,1.0,1.0,4.0,1.0,3.0,4.0,2.0,4.0,3.0,5.0,1.0,4.0,4.0,3.0,3.0,5.0,5.0,2.0,1.0,sona
84,3.0,4.0,4.0,4.0,4.0,4.0,4.0,4.0,4.0,2.0,4.0,4.0,2.0,4.0,2.0,4.0,3.0,4.0,4.0,4.0,1.0,5.0,3.0,5.0,3.0,4.0,4.0,1.0,1.0,4.0,4.0,5.0,4.0,3.0,4.0,4.0,2.0,4.0,2.0,5.0,4.0,3.0,4.0,1.0,4.0,1.0,3.0,2.0,4.0,4.0,5.0,4.0,4.0,5.0,3.0,2.0,3.0,5.0,2.0,4.0,3.0,sona
85,4.0,4.0,4.0,4.0,4.0,4.0,4.0,4.0,4.0,3.0,5.0,5.0,1.0,3.0,4.0,4.0,5.0,5.0,5.0,5.0,1.0,4.0,3.0,4.0,4.0,4.0,4.0,2.0,4.0,4.0,4.0,1.0,3.0,4.0,5.0,5.0,3.0,5.0,1.0,5.0,4.0,5.0,5.0,3.0,4.0,3.0,5.0,4.0,3.0,4.0,4.0,2.0,1.0,4.0,3.0,4.0,3.0,4.0,4.0,5.0,5.0,sona
86,4.0,5.0,4.0,4.0,5.0,4.0,4.0,4.0,4.0,3.0,3.0,4.0,4.0,3.0,4.0,4.0,3.0,3.0,5.0,4.0,1.0,4.0,4.0,4.0,3.0,3.0,4.0,1.0,2.0,3.0,2.0,1.0,4.0,2.0,3.0,4.0,2.0,1.0,1.0,4.0,4.0,3.0,2.0,3.0,4.0,4.0,4.0,1.0,4.0,4.0,2.0,1.0,1.0,3.0,2.0,4.0,3.0,4.0,4.0,4.0,5.0,sona
87,2.0,3.0,2.0,3.0,3.0,3.0,4.0,3.0,3.0,2.0,2.0,3.0,1.0,2.0,4.0,3.0,3.0,2.0,4.0,3.0,1.0,3.0,2.0,4.0,3.0,2.0,3.0,1.0,2.0,2.0,3.0,1.0,3.0,2.0,4.0,4.0,1.0,3.0,1.0,4.0,4.0,4.0,1.0,4.0,3.0,2.0,2.0,3.0,2.0,3.0,2.0,4.0,1.0,3.0,3.0,3.0,3.0,4.0,4.0,3.0,3.0,sona
88,3.0,3.0,2.0,3.0,4.0,2.0,3.0,4.0,4.0,2.0,4.0,3.0,2.0,3.0,3.0,2.0,3.0,2.0,4.0,4.0,1.0,3.0,4.0,4.0,3.0,2.0,4.0,2.0,3.0,2.0,2.0,1.0,4.0,4.0,4.0,4.0,3.0,1.0,1.0,4.0,4.0,4.0,4.0,2.0,3.0,4.0,2.0,3.0,3.0,3.0,4.0,5.0,1.0,2.0,4.0,4.0,3.0,4.0,3.0,2.0,5.0,sona
89,3.0,3.0,4.0,5.0,5.0,4.0,5.0,5.0,5.0,2.0,5.0,5.0,1.0,4.0,5.0,5.0,5.0,5.0,5.0,4.0,1.0,4.0,4.0,5.0,5.0,4.0,4.0,2.0,3.0,4.0,4.0,4.0,4.0,5.0,5.0,5.0,4.0,5.0,1.0,5.0,4.0,5.0,5.0,4.0,4.0,4.0,3.0,3.0,4.0,4.0,5.0,5.0,2.0,3.0,4.0,4.0,3.0,4.0,5.0,4.0,2.0,sona
90,4.0,2.0,4.0,2.0,5.0,3.0,5.0,5.0,4.0,2.0,4.0,3.0,3.0,3.0,5.0,3.0,2.0,2.0,5.0,5.0,1.0,4.0,4.0,4.0,3.0,4.0,5.0,1.0,3.0,4.0,3.0,1.0,4.0,4.0,3.0,3.0,2.0,2.0,1.0,2.0,4.0,2.0,2.0,5.0,4.0,1.0,2.0,2.0,3.0,4.0,3.0,3.0,1.0,2.0,2.0,4.0,3.0,4.0,3.0,3.0,3.0,sona
91,4.0,2.0,4.0,4.0,4.0,2.0,4.0,4.0,4.0,2.0,2.0,2.0,1.0,3.0,4.0,4.0,1.0,4.0,3.0,3.0,1.0,4.0,3.0,4.0,4.0,2.0,5.0,1.0,1.0,4.0,4.0,4.0,5.0,4.0,4.0,5.0,2.0,4.0,1.0,3.0,4.0,2.0,4.0,2.0,4.0,5.0,2.0,4.0,3.0,4.0,2.0,4.0,1.0,4.0,4.0,2.0,3.0,2.0,4.0,4.0,4.0,sona
92,1.0,2.0,2.0,2.0,4.0,2.0,4.0,4.0,4.0,1.0,1.0,1.0,1.0,1.0,1.0,2.0,1.0,1.0,4.0,4.0,1.0,4.0,2.0,4.0,1.0,2.0,4.0,1.0,1.0,2.0,1.0,1.0,4.0,1.0,1.0,1.0,1.0,1.0,1.0,1.0,4.0,1.0,1.0,4.0,4.0,4.0,1.0,4.0,1.0,1.0,1.0,4.0,1.0,1.0,1.0,4.0,3.0,4.0,4.0,2.0,4.0,sona
93,4.0,4.0,5.0,4.0,4.0,4.0,4.0,4.0,4.0,2.0,5.0,5.0,1.0,4.0,4.0,4.0,5.0,5.0,4.0,5.0,1.0,5.0,4.0,4.0,4.0,4.0,4.0,2.0,2.0,4.0,4.0,3.0,3.0,4.0,4.0,4.0,3.0,4.0,4.0,5.0,4.0,4.0,5.0,5.0,4.0,2.0,4.0,2.0,4.0,4.0,4.0,3.0,3.0,4.0,4.0,3.0,3.0,4.0,3.0,4.0,4.0,sona
94,4.0,4.0,4.0,4.0,4.0,4.0,4.0,4.0,4.0,3.0,4.0,5.0,5.0,3.0,4.0,4.0,5.0,5.0,5.0,4.0,1.0,4.0,4.0,5.0,3.0,3.0,5.0,3.0,1.0,4.0,3.0,4.0,5.0,4.0,5.0,4.0,4.0,4.0,1.0,5.0,4.0,5.0,5.0,5.0,5.0,5.0,5.0,4.0,4.0,4.0,5.0,5.0,1.0,4.0,5.0,4.0,3.0,5.0,1.0,5.0,3.0,sona
95,4.0,3.0,3.0,3.0,3.0,4.0,4.0,4.0,4.0,2.0,4.0,3.0,3.0,3.0,2.0,3.0,4.0,4.0,4.0,3.0,1.0,4.0,3.0,4.0,3.0,2.0,2.0,3.0,3.0,3.0,3.0,3.0,4.0,3.0,3.0,2.0,3.0,3.0,3.0,4.0,4.0,4.0,4.0,4.0,4.0,3.0,3.0,3.0,3.0,3.0,3.0,4.0,2.0,4.0,4.0,4.0,3.0,4.0,4.0,3.0,2.0,sona
96,4.0,4.0,5.0,4.0,4.0,4.0,5.0,5.0,5.0,3.0,4.0,4.0,2.0,4.0,5.0,5.0,4.0,4.0,4.0,4.0,1.0,4.0,4.0,4.0,3.0,3.0,4.0,2.0,2.0,4.0,4.0,2.0,4.0,4.0,4.0,4.0,2.0,3.0,1.0,4.0,4.0,4.0,4.0,4.0,4.0,4.0,4.0,3.0,3.0,4.0,3.0,2.0,3.0,4.0,4.0,4.0,3.0,5.0,4.0,4.0,4.0,sona
97,4.0,4.0,4.0,4.0,4.0,4.0,5.0,4.0,4.0,2.0,3.0,2.0,2.0,4.0,4.0,4.0,2.0,3.0,2.0,4.0,1.0,4.0,4.0,4.0,4.0,3.0,4.0,2.0,2.0,3.0,2.0,4.0,5.0,4.0,4.0,5.0,2.0,4.0,2.0,2.0,4.0,3.0,3.0,5.0,3.0,4.0,4.0,4.0,4.0,4.0,3.0,4.0,4.0,5.0,4.0,4.0,3.0,4.0,4.0,3.0,3.0,sona
98,2.0,2.0,2.0,2.0,4.0,2.0,3.0,4.0,4.0,3.0,4.0,4.0,2.0,2.0,3.0,4.0,4.0,4.0,4.0,2.0,1.0,2.0,2.0,2.0,4.0,2.0,4.0,1.0,1.0,2.0,2.0,4.0,3.0,4.0,4.0,4.0,2.0,2.0,1.0,4.0,4.0,5.0,4.0,4.0,4.0,4.0,2.0,3.0,2.0,4.0,4.0,5.0,1.0,2.0,2.0,4.0,3.0,4.0,3.0,2.0,2.0,sona
99,3.0,3.0,2.0,4.0,3.0,3.0,4.0,4.0,4.0,3.0,4.0,3.0,2.0,3.0,4.0,4.0,3.0,2.0,3.0,4.0,1.0,4.0,3.0,2.0,3.0,4.0,4.0,2.0,2.0,4.0,2.0,2.0,2.0,2.0,2.0,4.0,3.0,4.0,1.0,3.0,4.0,2.0,2.0,4.0,4.0,4.0,2.0,4.0,4.0,2.0,2.0,3.0,2.0,3.0,4.0,4.0,3.0,4.0,3.0,2.0,4.0,sona
100,3.0,3.0,4.0,3.0,4.0,3.0,4.0,4.0,4.0,1.0,3.0,4.0,2.0,3.0,4.0,4.0,3.0,3.0,5.0,4.0,1.0,3.0,4.0,4.0,3.0,2.0,5.0,4.0,3.0,3.0,1.0,1.0,3.0,3.0,3.0,5.0,1.0,1.0,1.0,5.0,4.0,5.0,3.0,5.0,3.0,3.0,3.0,3.0,3.0,4.0,4.0,1.0,1.0,3.0,4.0,4.0,3.0,1.0,3.0,3.0,5.0,sona
101,4.0,3.0,2.0,2.0,5.0,4.0,5.0,4.0,4.0,2.0,1.0,1.0,1.0,2.0,4.0,3.0,1.0,1.0,4.0,5.0,1.0,4.0,5.0,4.0,3.0,3.0,5.0,1.0,4.0,1.0,2.0,1.0,4.0,1.0,3.0,4.0,2.0,1.0,1.0,1.0,4.0,1.0,1.0,1.0,3.0,2.0,2.0,3.0,3.0,4.0,1.0,4.0,1.0,4.0,3.0,4.0,3.0,4.0,3.0,2.0,2.0,sona
102,2.0,1.0,2.0,4.0,4.0,4.0,4.0,3.0,3.0,1.0,3.0,3.0,1.0,1.0,2.0,2.0,3.0,3.0,4.0,4.0,1.0,4.0,3.0,5.0,3.0,3.0,5.0,1.0,1.0,3.0,1.0,1.0,4.0,4.0,5.0,3.0,2.0,1.0,1.0,3.0,4.0,4.0,3.0,1.0,3.0,4.0,2.0,3.0,3.0,4.0,3.0,2.0,1.0,3.0,2.0,3.0,3.0,3.0,1.0,2.0,4.0,sona
103,4.0,2.0,4.0,5.0,4.0,3.0,4.0,4.0,5.0,2.0,2.0,5.0,4.0,3.0,4.0,4.0,4.0,2.0,4.0,4.0,1.0,4.0,3.0,2.0,2.0,2.0,5.0,1.0,2.0,4.0,4.0,1.0,5.0,2.0,5.0,4.0,1.0,2.0,1.0,4.0,4.0,4.0,2.0,4.0,4.0,2.0,1.0,3.0,3.0,4.0,4.0,1.0,1.0,3.0,5.0,4.0,3.0,1.0,4.0,4.0,4.0,sona
104,1.0,1.0,1.0,1.0,3.0,1.0,3.0,3.0,2.0,1.0,1.0,1.0,1.0,1.0,2.0,1.0,1.0,1.0,2.0,2.0,1.0,2.0,3.0,2.0,2.0,1.0,2.0,2.0,1.0,1.0,1.0,2.0,3.0,2.0,1.0,1.0,2.0,1.0,1.0,1.0,3.0,1.0,1.0,3.0,2.0,3.0,3.0,1.0,1.0,1.0,1.0,3.0,1.0,1.0,2.0,2.0,3.0,1.0,1.0,1.0,2.0,sona
105,4.0,4.0,2.0,2.0,4.0,2.0,4.0,5.0,4.0,2.0,4.0,3.0,3.0,3.0,4.0,4.0,4.0,4.0,4.0,2.0,1.0,5.0,2.0,4.0,4.0,4.0,5.0,2.0,1.0,4.0,4.0,1.0,5.0,5.0,2.0,4.0,2.0,4.0,1.0,3.0,4.0,3.0,3.0,2.0,4.0,4.0,2.0,4.0,4.0,4.0,5.0,2.0,1.0,4.0,2.0,5.0,3.0,4.0,4.0,4.0,4.0,sona
106,4.0,4.0,4.0,4.0,5.0,3.0,4.0,5.0,5.0,4.0,4.0,5.0,2.0,3.0,5.0,4.0,4.0,3.0,5.0,5.0,1.0,5.0,3.0,5.0,3.0,4.0,4.0,2.0,3.0,4.0,4.0,1.0,4.0,3.0,5.0,5.0,2.0,1.0,1.0,5.0,4.0,4.0,3.0,3.0,4.0,3.0,2.0,3.0,3.0,2.0,3.0,4.0,2.0,3.0,3.0,4.0,3.0,4.0,4.0,4.0,2.0,sona
107,3.0,2.0,3.0,4.0,3.0,2.0,5.0,4.0,4.0,1.0,3.0,4.0,1.0,1.0,3.0,3.0,4.0,4.0,5.0,4.0,1.0,3.0,2.0,2.0,2.0,2.0,4.0,1.0,1.0,3.0,1.0,1.0,4.0,3.0,4.0,5.0,1.0,1.0,1.0,4.0,4.0,4.0,4.0,4.0,4.0,2.0,3.0,3.0,2.0,2.0,3.0,5.0,1.0,3.0,4.0,3.0,3.0,4.0,4.0,3.0,1.0,sona
108,4.0,4.0,5.0,5.0,4.0,4.0,4.0,4.0,4.0,2.0,4.0,4.0,3.0,4.0,5.0,4.0,4.0,4.0,5.0,4.0,1.0,4.0,3.0,5.0,4.0,4.0,5.0,1.0,1.0,4.0,4.0,1.0,3.0,3.0,4.0,5.0,1.0,2.0,1.0,4.0,4.0,4.0,4.0,4.0,4.0,3.0,3.0,3.0,4.0,3.0,4.0,5.0,3.0,4.0,3.0,5.0,3.0,5.0,5.0,5.0,1.0,sona
109,5.0,5.0,5.0,4.0,4.0,4.0,5.0,4.0,4.0,5.0,5.0,5.0,5.0,5.0,5.0,4.0,5.0,5.0,5.0,5.0,1.0,5.0,4.0,5.0,5.0,4.0,5.0,4.0,3.0,5.0,4.0,1.0,5.0,5.0,5.0,5.0,4.0,5.0,5.0,5.0,4.0,5.0,5.0,5.0,4.0,5.0,4.0,4.0,5.0,4.0,5.0,1.0,5.0,5.0,3.0,4.0,3.0,5.0,4.0,5.0,5.0,sona
110,3.0,4.0,5.0,4.0,5.0,4.0,5.0,4.0,5.0,3.0,4.0,4.0,3.0,4.0,5.0,5.0,5.0,4.0,3.0,4.0,1.0,3.0,3.0,4.0,3.0,4.0,4.0,1.0,5.0,3.0,2.0,1.0,2.0,5.0,3.0,4.0,3.0,4.0,2.0,3.0,4.0,4.0,3.0,4.0,3.0,2.0,3.0,4.0,3.0,4.0,3.0,3.0,2.0,5.0,4.0,5.0,3.0,5.0,5.0,3.0,2.0,sona
111,5.0,3.0,3.0,3.0,4.0,4.0,4.0,5.0,5.0,1.0,3.0,2.0,2.0,3.0,4.0,4.0,2.0,1.0,5.0,4.0,1.0,5.0,4.0,3.0,4.0,4.0,5.0,1.0,3.0,3.0,3.0,4.0,2.0,3.0,4.0,4.0,2.0,1.0,1.0,2.0,4.0,3.0,1.0,3.0,3.0,1.0,4.0,4.0,3.0,4.0,4.0,5.0,1.0,4.0,5.0,4.0,3.0,3.0,3.0,3.0,2.0,sona
112,4.0,4.0,4.0,5.0,4.0,4.0,4.0,4.0,4.0,3.0,5.0,5.0,2.0,3.0,5.0,5.0,5.0,5.0,4.0,4.0,1.0,4.0,4.0,4.0,4.0,4.0,4.0,2.0,2.0,4.0,3.0,2.0,4.0,4.0,5.0,4.0,3.0,5.0,1.0,5.0,4.0,5.0,5.0,4.0,3.0,5.0,4.0,4.0,3.0,5.0,5.0,2.0,2.0,4.0,3.0,4.0,3.0,3.0,3.0,4.0,5.0,sona
113,3.0,4.0,4.0,4.0,3.0,4.0,3.0,3.0,3.0,3.0,4.0,4.0,1.0,3.0,5.0,5.0,5.0,5.0,2.0,4.0,1.0,5.0,4.0,4.0,4.0,4.0,5.0,1.0,3.0,5.0,3.0,1.0,4.0,5.0,5.0,5.0,3.0,5.0,3.0,4.0,4.0,5.0,5.0,5.0,4.0,2.0,3.0,5.0,4.0,4.0,4.0,3.0,3.0,4.0,5.0,4.0,3.0,4.0,4.0,3.0,3.0,sona
114,4.0,3.0,4.0,5.0,4.0,4.0,4.0,3.0,4.0,2.0,4.0,5.0,1.0,3.0,4.0,5.0,5.0,5.0,4.0,3.0,1.0,4.0,4.0,5.0,4.0,3.0,4.0,1.0,2.0,3.0,3.0,1.0,5.0,4.0,5.0,5.0,3.0,1.0,1.0,5.0,4.0,5.0,5.0,4.0,3.0,5.0,5.0,1.0,3.0,4.0,5.0,1.0,1.0,4.0,4.0,1.0,3.0,4.0,3.0,5.0,4.0,sona
115,3.0,3.0,3.0,4.0,4.0,4.0,4.0,4.0,4.0,2.0,3.0,4.0,4.0,3.0,3.0,3.0,4.0,4.0,3.0,4.0,1.0,4.0,3.0,3.0,4.0,3.0,4.0,2.0,3.0,4.0,3.0,4.0,4.0,3.0,4.0,4.0,3.0,4.0,2.0,5.0,4.0,4.0,4.0,5.0,4.0,4.0,4.0,4.0,3.0,4.0,4.0,2.0,4.0,4.0,4.0,3.0,3.0,4.0,4.0,3.0,5.0,sona
116,5.0,4.0,4.0,4.0,5.0,4.0,4.0,4.0,4.0,2.0,5.0,5.0,4.0,3.0,5.0,4.0,5.0,5.0,4.0,4.0,1.0,4.0,4.0,4.0,5.0,3.0,5.0,1.0,3.0,5.0,3.0,1.0,5.0,3.0,5.0,4.0,4.0,3.0,3.0,5.0,4.0,5.0,5.0,5.0,5.0,2.0,4.0,4.0,4.0,4.0,5.0,5.0,1.0,4.0,3.0,5.0,3.0,5.0,3.0,4.0,3.0,sona
117,3.0,2.0,4.0,4.0,5.0,3.0,3.0,4.0,4.0,3.0,1.0,5.0,1.0,1.0,3.0,2.0,3.0,2.0,3.0,3.0,1.0,4.0,3.0,4.0,1.0,1.0,5.0,2.0,1.0,3.0,3.0,1.0,4.0,1.0,4.0,4.0,1.0,1.0,1.0,5.0,4.0,4.0,5.0,5.0,3.0,3.0,1.0,1.0,2.0,2.0,3.0,4.0,1.0,1.0,3.0,3.0,3.0,3.0,3.0,2.0,2.0,sona
118,4.0,3.0,3.0,4.0,4.0,3.0,4.0,4.0,3.0,3.0,3.0,2.0,2.0,3.0,4.0,4.0,3.0,3.0,3.0,4.0,1.0,4.0,4.0,4.0,4.0,3.0,4.0,2.0,2.0,4.0,3.0,1.0,4.0,3.0,2.0,4.0,3.0,4.0,1.0,2.0,4.0,2.0,3.0,5.0,3.0,4.0,3.0,3.0,3.0,4.0,3.0,1.0,2.0,4.0,4.0,4.0,3.0,4.0,3.0,4.0,4.0,sona
119,4.0,3.0,3.0,3.0,4.0,3.0,4.0,4.0,4.0,2.0,4.0,4.0,2.0,3.0,2.0,2.0,4.0,4.0,4.0,4.0,1.0,4.0,3.0,3.0,3.0,3.0,4.0,3.0,1.0,4.0,2.0,2.0,4.0,4.0,4.0,2.0,3.0,3.0,1.0,5.0,4.0,3.0,4.0,2.0,4.0,2.0,3.0,3.0,3.0,3.0,4.0,4.0,2.0,2.0,3.0,4.0,3.0,3.0,3.0,2.0,2.0,sona
120,3.0,3.0,5.0,5.0,5.0,3.0,5.0,5.0,4.0,4.0,4.0,4.0,2.0,3.0,5.0,4.0,4.0,4.0,4.0,4.0,1.0,4.0,4.0,4.0,3.0,3.0,3.0,3.0,3.0,4.0,3.0,2.0,4.0,4.0,4.0,4.0,3.0,4.0,1.0,4.0,4.0,4.0,4.0,4.0,4.0,2.0,3.0,3.0,3.0,4.0,4.0,3.0,4.0,3.0,3.0,4.0,3.0,4.0,4.0,4.0,3.0,sona
121,4.0,3.0,4.0,3.0,5.0,4.0,4.0,4.0,4.0,2.0,4.0,4.0,1.0,2.0,4.0,4.0,4.0,3.0,4.0,4.0,1.0,4.0,4.0,4.0,3.0,3.0,4.0,2.0,1.0,4.0,3.0,4.0,4.0,4.0,4.0,4.0,2.0,4.0,1.0,4.0,4.0,4.0,4.0,4.0,4.0,2.0,2.0,3.0,3.0,4.0,4.0,4.0,2.0,3.0,5.0,4.0,3.0,4.0,3.0,3.0,2.0,sona
122,3.0,4.0,3.0,3.0,4.0,3.0,5.0,3.0,3.0,3.0,3.0,5.0,5.0,4.0,4.0,4.0,4.0,5.0,4.0,4.0,1.0,3.0,4.0,5.0,3.0,3.0,4.0,2.0,3.0,3.0,3.0,1.0,4.0,3.0,5.0,3.0,3.0,1.0,1.0,5.0,4.0,5.0,5.0,3.0,4.0,3.0,3.0,3.0,4.0,4.0,5.0,3.0,1.0,3.0,3.0,3.0,3.0,3.0,4.0,5.0,2.0,sona
123,5.0,5.0,5.0,5.0,5.0,5.0,5.0,4.0,5.0,4.0,5.0,5.0,1.0,5.0,5.0,4.0,5.0,5.0,5.0,5.0,1.0,4.0,4.0,4.0,5.0,5.0,5.0,3.0,4.0,4.0,4.0,1.0,3.0,3.0,3.0,4.0,5.0,5.0,1.0,5.0,4.0,5.0,5.0,5.0,5.0,4.0,4.0,5.0,5.0,5.0,5.0,3.0,2.0,5.0,3.0,5.0,3.0,5.0,5.0,5.0,5.0,sona
124,2.0,3.0,5.0,5.0,4.0,2.0,4.0,3.0,3.0,1.0,5.0,5.0,1.0,3.0,5.0,4.0,5.0,4.0,5.0,5.0,1.0,3.0,3.0,4.0,1.0,4.0,4.0,1.0,1.0,3.0,3.0,1.0,4.0,5.0,5.0,5.0,2.0,3.0,1.0,5.0,4.0,5.0,5.0,2.0,4.0,2.0,3.0,4.0,3.0,4.0,5.0,4.0,1.0,3.0,4.0,3.0,3.0,4.0,3.0,5.0,3.0,sona
125,4.0,2.0,4.0,4.0,4.0,4.0,4.0,3.0,4.0,3.0,4.0,3.0,3.0,2.0,2.0,4.0,3.0,2.0,3.0,4.0,2.0,4.0,4.0,4.0,2.0,2.0,2.0,1.0,2.0,3.0,2.0,1.0,4.0,2.0,2.0,5.0,2.0,2.0,1.0,4.0,4.0,3.0,4.0,3.0,2.0,1.0,4.0,3.0,4.0,4.0,4.0,5.0,1.0,4.0,3.0,3.0,3.0,3.0,3.0,4.0,3.0,sona
126,4.0,3.0,4.0,4.0,4.0,4.0,4.0,4.0,4.0,2.0,4.0,5.0,1.0,3.0,4.0,4.0,5.0,4.0,5.0,4.0,1.0,5.0,4.0,4.0,3.0,4.0,5.0,2.0,3.0,4.0,3.0,4.0,4.0,4.0,4.0,5.0,3.0,4.0,3.0,5.0,4.0,5.0,5.0,4.0,4.0,3.0,3.0,4.0,4.0,5.0,5.0,3.0,4.0,5.0,4.0,4.0,3.0,5.0,4.0,4.0,3.0,sona
127,4.0,4.0,5.0,4.0,4.0,4.0,4.0,4.0,4.0,4.0,4.0,4.0,1.0,4.0,4.0,5.0,5.0,2.0,4.0,4.0,1.0,5.0,5.0,4.0,4.0,4.0,5.0,1.0,4.0,5.0,2.0,1.0,2.0,3.0,4.0,5.0,4.0,3.0,3.0,5.0,4.0,5.0,4.0,2.0,4.0,2.0,5.0,5.0,4.0,5.0,4.0,4.0,1.0,5.0,5.0,5.0,3.0,4.0,4.0,4.0,5.0,sona
128,4.0,4.0,2.0,4.0,4.0,4.0,4.0,4.0,4.0,2.0,4.0,4.0,1.0,2.0,4.0,4.0,5.0,4.0,5.0,4.0,1.0,4.0,4.0,4.0,2.0,2.0,5.0,3.0,3.0,4.0,2.0,2.0,4.0,2.0,4.0,4.0,2.0,1.0,1.0,5.0,4.0,5.0,5.0,1.0,4.0,1.0,1.0,1.0,3.0,4.0,5.0,5.0,1.0,2.0,1.0,4.0,3.0,4.0,3.0,2.0,1.0,sona
129,2.0,2.0,4.0,5.0,4.0,3.0,4.0,4.0,4.0,2.0,1.0,5.0,1.0,1.0,4.0,4.0,4.0,4.0,5.0,4.0,1.0,4.0,4.0,4.0,3.0,2.0,4.0,1.0,1.0,3.0,2.0,2.0,4.0,4.0,5.0,5.0,3.0,1.0,1.0,5.0,4.0,5.0,5.0,5.0,4.0,2.0,2.0,2.0,2.0,3.0,4.0,2.0,1.0,3.0,4.0,3.0,3.0,4.0,4.0,4.0,4.0,sona
130,4.0,3.0,4.0,3.0,4.0,4.0,4.0,4.0,4.0,4.0,4.0,4.0,4.0,4.0,4.0,3.0,4.0,3.0,4.0,4.0,1.0,4.0,4.0,4.0,3.0,4.0,4.0,3.0,4.0,4.0,4.0,3.0,3.0,4.0,3.0,4.0,3.0,4.0,3.0,4.0,4.0,4.0,3.0,4.0,4.0,3.0,3.0,3.0,4.0,4.0,3.0,5.0,2.0,4.0,4.0,4.0,3.0,4.0,4.0,3.0,1.0,sona
131,4.0,3.0,4.0,4.0,4.0,4.0,5.0,5.0,5.0,4.0,4.0,5.0,1.0,3.0,2.0,4.0,5.0,4.0,5.0,5.0,1.0,5.0,3.0,4.0,3.0,2.0,4.0,1.0,1.0,4.0,3.0,1.0,5.0,5.0,5.0,4.0,2.0,3.0,3.0,5.0,4.0,5.0,5.0,4.0,4.0,5.0,4.0,4.0,3.0,4.0,5.0,2.0,5.0,4.0,2.0,4.0,3.0,5.0,4.0,5.0,5.0,sona
132,4.0,2.0,5.0,4.0,2.0,2.0,4.0,5.0,4.0,2.0,5.0,5.0,1.0,4.0,5.0,4.0,5.0,4.0,4.0,5.0,1.0,4.0,3.0,4.0,4.0,4.0,4.0,1.0,4.0,4.0,3.0,1.0,2.0,5.0,5.0,4.0,2.0,5.0,2.0,5.0,4.0,5.0,4.0,5.0,5.0,2.0,3.0,4.0,3.0,2.0,4.0,5.0,2.0,3.0,5.0,4.0,3.0,3.0,3.0,5.0,5.0,sona
133,5.0,5.0,4.0,5.0,5.0,5.0,5.0,5.0,4.0,5.0,2.0,3.0,3.0,2.0,5.0,5.0,3.0,1.0,5.0,5.0,1.0,5.0,5.0,5.0,4.0,5.0,5.0,1.0,5.0,5.0,2.0,1.0,5.0,1.0,2.0,5.0,1.0,3.0,1.0,3.0,4.0,1.0,1.0,3.0,3.0,1.0,1.0,4.0,4.0,5.0,3.0,4.0,1.0,5.0,1.0,5.0,3.0,3.0,5.0,2.0,5.0,sona
134,3.0,4.0,4.0,5.0,5.0,4.0,4.0,4.0,5.0,4.0,3.0,4.0,1.0,3.0,4.0,4.0,3.0,4.0,5.0,5.0,1.0,4.0,2.0,4.0,4.0,4.0,5.0,1.0,3.0,4.0,2.0,1.0,5.0,4.0,1.0,4.0,3.0,3.0,3.0,4.0,4.0,3.0,4.0,4.0,3.0,4.0,3.0,5.0,5.0,4.0,4.0,1.0,1.0,4.0,2.0,4.0,3.0,5.0,4.0,4.0,4.0,sona
135,3.0,2.0,3.0,1.0,3.0,1.0,4.0,4.0,4.0,1.0,3.0,3.0,4.0,1.0,2.0,3.0,4.0,3.0,3.0,3.0,1.0,4.0,3.0,2.0,2.0,1.0,4.0,1.0,1.0,2.0,1.0,5.0,1.0,1.0,4.0,4.0,1.0,1.0,2.0,2.0,4.0,2.0,2.0,1.0,3.0,2.0,4.0,1.0,1.0,4.0,4.0,5.0,4.0,4.0,2.0,4.0,3.0,1.0,5.0,1.0,1.0,sona
136,3.0,3.0,5.0,4.0,4.0,3.0,4.0,4.0,5.0,2.0,4.0,4.0,4.0,3.0,5.0,5.0,5.0,4.0,5.0,4.0,1.0,4.0,4.0,3.0,3.0,4.0,4.0,1.0,1.0,2.0,2.0,1.0,2.0,4.0,4.0,3.0,2.0,3.0,1.0,5.0,4.0,4.0,4.0,3.0,4.0,3.0,2.0,4.0,3.0,5.0,5.0,2.0,1.0,3.0,4.0,4.0,3.0,4.0,4.0,4.0,4.0,sona
137,3.0,3.0,4.0,4.0,4.0,4.0,3.0,4.0,4.0,3.0,4.0,4.0,2.0,3.0,4.0,3.0,4.0,5.0,4.0,4.0,1.0,3.0,3.0,4.0,2.0,4.0,5.0,1.0,2.0,4.0,4.0,1.0,4.0,5.0,4.0,5.0,3.0,3.0,1.0,5.0,4.0,4.0,5.0,3.0,4.0,5.0,4.0,3.0,3.0,4.0,5.0,2.0,1.0,4.0,1.0,4.0,3.0,4.0,4.0,4.0,4.0,sona
138,4.0,3.0,3.0,4.0,4.0,3.0,4.0,4.0,4.0,2.0,4.0,4.0,3.0,3.0,2.0,3.0,4.0,3.0,4.0,4.0,5.0,4.0,4.0,4.0,3.0,3.0,4.0,2.0,3.0,4.0,4.0,5.0,4.0,5.0,4.0,5.0,2.0,3.0,1.0,4.0,4.0,3.0,3.0,2.0,3.0,1.0,3.0,3.0,3.0,4.0,4.0,5.0,2.0,3.0,3.0,4.0,3.0,4.0,5.0,4.0,1.0,sona
139,3.0,3.0,4.0,2.0,4.0,4.0,3.0,4.0,4.0,2.0,3.0,4.0,3.0,3.0,4.0,4.0,4.0,4.0,5.0,5.0,1.0,4.0,3.0,3.0,2.0,2.0,5.0,1.0,2.0,2.0,2.0,2.0,4.0,4.0,4.0,4.0,4.0,2.0,2.0,5.0,4.0,4.0,4.0,3.0,4.0,2.0,2.0,4.0,3.0,3.0,5.0,1.0,3.0,3.0,4.0,4.0,3.0,4.0,3.0,3.0,2.0,sona
140,4.0,4.0,5.0,4.0,4.0,4.0,4.0,4.0,4.0,2.0,4.0,4.0,4.0,3.0,5.0,5.0,4.0,4.0,4.0,4.0,1.0,4.0,4.0,4.0,4.0,4.0,4.0,2.0,2.0,4.0,4.0,2.0,4.0,4.0,3.0,4.0,3.0,4.0,2.0,4.0,4.0,4.0,4.0,4.0,4.0,3.0,3.0,4.0,3.0,4.0,4.0,4.0,2.0,3.0,3.0,4.0,3.0,4.0,3.0,4.0,4.0,sona
141,1.0,2.0,3.0,1.0,5.0,3.0,4.0,1.0,2.0,2.0,4.0,1.0,1.0,2.0,3.0,3.0,1.0,1.0,2.0,2.0,1.0,2.0,4.0,5.0,3.0,2.0,4.0,1.0,1.0,3.0,2.0,1.0,2.0,1.0,4.0,5.0,1.0,1.0,1.0,1.0,4.0,1.0,1.0,1.0,3.0,5.0,2.0,3.0,3.0,4.0,1.0,2.0,1.0,3.0,4.0,2.0,3.0,1.0,1.0,3.0,2.0,sona
142,2.0,4.0,2.0,3.0,2.0,3.0,4.0,3.0,2.0,4.0,4.0,2.0,3.0,4.0,3.0,3.0,2.0,4.0,2.0,4.0,1.0,4.0,2.0,3.0,3.0,2.0,4.0,1.0,2.0,4.0,2.0,4.0,4.0,4.0,4.0,4.0,2.0,2.0,1.0,5.0,4.0,5.0,4.0,5.0,4.0,4.0,4.0,2.0,3.0,4.0,5.0,4.0,1.0,3.0,3.0,4.0,3.0,4.0,2.0,4.0,1.0,sona
143,2.0,4.0,4.0,4.0,4.0,2.0,4.0,4.0,4.0,2.0,3.0,1.0,1.0,3.0,4.0,4.0,2.0,3.0,3.0,4.0,1.0,3.0,4.0,4.0,3.0,3.0,5.0,2.0,1.0,2.0,2.0,2.0,4.0,2.0,3.0,4.0,2.0,2.0,1.0,1.0,4.0,2.0,2.0,1.0,3.0,2.0,3.0,2.0,3.0,3.0,1.0,5.0,1.0,2.0,2.0,3.0,3.0,2.0,3.0,2.0,1.0,sona
144,5.0,5.0,5.0,5.0,5.0,5.0,5.0,5.0,5.0,3.0,5.0,5.0,2.0,4.0,5.0,4.0,5.0,5.0,5.0,4.0,1.0,4.0,4.0,5.0,3.0,4.0,5.0,2.0,1.0,5.0,3.0,1.0,5.0,5.0,5.0,5.0,3.0,5.0,1.0,5.0,4.0,5.0,5.0,5.0,5.0,3.0,4.0,4.0,4.0,5.0,5.0,3.0,1.0,4.0,4.0,5.0,3.0,5.0,3.0,5.0,4.0,sona
145,4.0,5.0,5.0,5.0,4.0,4.0,4.0,4.0,4.0,3.0,4.0,4.0,3.0,4.0,5.0,5.0,4.0,4.0,4.0,4.0,1.0,4.0,3.0,4.0,4.0,4.0,5.0,1.0,2.0,4.0,3.0,1.0,4.0,3.0,4.0,4.0,2.0,4.0,1.0,4.0,4.0,4.0,4.0,4.0,4.0,2.0,3.0,4.0,3.0,4.0,3.0,4.0,3.0,4.0,4.0,4.0,3.0,4.0,3.0,3.0,3.0,sona
146,2.0,2.0,2.0,4.0,5.0,3.0,4.0,5.0,4.0,2.0,1.0,1.0,1.0,2.0,4.0,4.0,4.0,1.0,4.0,4.0,1.0,3.0,4.0,4.0,3.0,3.0,2.0,1.0,1.0,2.0,1.0,1.0,4.0,1.0,4.0,4.0,1.0,1.0,1.0,2.0,4.0,1.0,4.0,4.0,4.0,3.0,4.0,3.0,3.0,4.0,4.0,2.0,1.0,3.0,3.0,4.0,3.0,4.0,4.0,4.0,3.0,sona
147,4.0,2.0,2.0,2.0,5.0,2.0,5.0,4.0,3.0,2.0,5.0,5.0,2.0,2.0,3.0,3.0,5.0,5.0,5.0,4.0,1.0,4.0,4.0,4.0,3.0,3.0,4.0,2.0,2.0,4.0,2.0,2.0,4.0,4.0,5.0,4.0,2.0,2.0,2.0,5.0,4.0,5.0,5.0,5.0,4.0,1.0,3.0,3.0,3.0,4.0,5.0,4.0,1.0,3.0,3.0,4.0,3.0,3.0,3.0,3.0,2.0,sona
148,3.0,4.0,4.0,4.0,5.0,4.0,4.0,4.0,4.0,2.0,4.0,3.0,1.0,2.0,2.0,4.0,3.0,4.0,5.0,2.0,1.0,4.0,4.0,4.0,2.0,2.0,4.0,1.0,1.0,4.0,2.0,1.0,4.0,5.0,4.0,5.0,1.0,4.0,2.0,3.0,4.0,4.0,4.0,1.0,4.0,1.0,2.0,4.0,4.0,4.0,4.0,1.0,2.0,5.0,5.0,4.0,3.0,4.0,5.0,4.0,1.0,sona
149,3.0,3.0,4.0,5.0,4.0,4.0,4.0,4.0,4.0,3.0,2.0,2.0,1.0,2.0,4.0,4.0,2.0,2.0,5.0,4.0,1.0,5.0,4.0,3.0,4.0,5.0,5.0,2.0,2.0,4.0,3.0,2.0,4.0,3.0,2.0,4.0,2.0,2.0,1.0,2.0,4.0,2.0,2.0,3.0,4.0,4.0,2.0,4.0,4.0,4.0,2.0,4.0,1.0,4.0,4.0,4.0,3.0,2.0,3.0,4.0,3.0,sona
150,4.0,3.0,4.0,4.0,4.0,4.0,4.0,4.0,4.0,3.0,3.0,4.0,2.0,3.0,4.0,4.0,5.0,5.0,4.0,4.0,1.0,3.0,3.0,3.0,3.0,3.0,3.0,3.0,3.0,3.0,3.0,3.0,3.0,3.0,3.0,3.0,3.0,3.0,3.0,3.0,3.0,3.0,3.0,3.0,3.0,3.0,3.0,3.0,3.0,3.0,3.0,3.0,3.0,3.0,3.0,3.0,3.0,3.0,3.0,3.0,3.0,sona
151,2.0,5.0,5.0,3.0,5.0,3.0,4.0,5.0,5.0,2.0,3.0,3.0,3.0,4.0,5.0,5.0,3.0,3.0,3.0,5.0,1.0,4.0,3.0,4.0,3.0,3.0,4.0,1.0,4.0,2.0,3.0,1.0,1.0,4.0,3.0,4.0,2.0,1.0,1.0,3.0,4.0,3.0,3.0,5.0,3.0,2.0,3.0,4.0,4.0,4.0,3.0,3.0,1.0,3.0,4.0,4.0,3.0,4.0,4.0,3.0,3.0,sona
152,3.0,3.0,4.0,4.0,4.0,4.0,5.0,4.0,4.0,4.0,4.0,4.0,1.0,4.0,5.0,4.0,4.0,3.0,4.0,4.0,1.0,5.0,3.0,5.0,4.0,4.0,5.0,4.0,3.0,5.0,3.0,1.0,5.0,4.0,4.0,5.0,3.0,3.0,1.0,5.0,4.0,4.0,4.0,4.0,3.0,3.0,2.0,4.0,3.0,4.0,3.0,5.0,1.0,3.0,3.0,4.0,3.0,3.0,3.0,4.0,3.0,sona
153,5.0,5.0,5.0,4.0,5.0,5.0,3.0,5.0,5.0,5.0,4.0,3.0,4.0,3.0,5.0,5.0,5.0,5.0,5.0,4.0,1.0,5.0,4.0,5.0,1.0,2.0,4.0,4.0,3.0,5.0,4.0,1.0,5.0,5.0,2.0,5.0,5.0,5.0,3.0,5.0,4.0,5.0,5.0,5.0,5.0,5.0,4.0,4.0,4.0,5.0,5.0,2.0,5.0,5.0,5.0,5.0,3.0,3.0,5.0,3.0,5.0,sona
154,3.0,3.0,3.0,3.0,4.0,4.0,4.0,3.0,3.0,4.0,2.0,1.0,3.0,3.0,3.0,3.0,2.0,2.0,2.0,3.0,1.0,3.0,3.0,5.0,3.0,4.0,4.0,2.0,3.0,3.0,3.0,2.0,3.0,3.0,3.0,4.0,4.0,2.0,1.0,2.0,4.0,2.0,3.0,2.0,3.0,4.0,3.0,2.0,3.0,4.0,3.0,3.0,2.0,4.0,4.0,4.0,3.0,4.0,2.0,2.0,4.0,sona
155,2.0,5.0,4.0,5.0,3.0,3.0,3.0,5.0,4.0,2.0,5.0,1.0,4.0,4.0,4.0,5.0,1.0,5.0,2.0,4.0,1.0,3.0,4.0,4.0,4.0,3.0,2.0,2.0,3.0,3.0,2.0,1.0,3.0,4.0,4.0,5.0,1.0,5.0,1.0,1.0,4.0,2.0,3.0,3.0,2.0,2.0,3.0,4.0,3.0,4.0,1.0,5.0,1.0,3.0,4.0,4.0,3.0,4.0,3.0,3.0,5.0,sona
156,4.0,4.0,3.0,3.0,4.0,4.0,5.0,4.0,4.0,3.0,4.0,5.0,3.0,4.0,3.0,3.0,5.0,4.0,5.0,4.0,1.0,4.0,4.0,4.0,4.0,3.0,5.0,2.0,3.0,4.0,4.0,1.0,4.0,4.0,4.0,5.0,3.0,4.0,1.0,5.0,4.0,5.0,5.0,5.0,5.0,4.0,4.0,4.0,4.0,4.0,5.0,3.0,1.0,4.0,4.0,4.0,3.0,5.0,5.0,4.0,3.0,sona
157,5.0,3.0,3.0,5.0,5.0,5.0,5.0,4.0,3.0,1.0,5.0,5.0,4.0,3.0,4.0,3.0,5.0,5.0,5.0,4.0,1.0,5.0,5.0,5.0,3.0,5.0,5.0,3.0,1.0,5.0,2.0,1.0,5.0,5.0,5.0,5.0,2.0,5.0,1.0,5.0,4.0,5.0,5.0,5.0,5.0,5.0,5.0,5.0,3.0,3.0,4.0,5.0,1.0,5.0,3.0,5.0,3.0,5.0,3.0,5.0,4.0,sona
158,2.0,2.0,4.0,4.0,4.0,3.0,5.0,5.0,5.0,1.0,5.0,1.0,1.0,1.0,4.0,4.0,1.0,4.0,4.0,5.0,1.0,5.0,4.0,4.0,4.0,2.0,5.0,1.0,1.0,4.0,2.0,1.0,4.0,4.0,5.0,2.0,2.0,2.0,1.0,1.0,4.0,1.0,2.0,1.0,5.0,2.0,4.0,4.0,2.0,4.0,1.0,4.0,1.0,4.0,4.0,5.0,3.0,4.0,3.0,2.0,4.0,sona
159,3.0,4.0,4.0,4.0,4.0,3.0,4.0,4.0,4.0,3.0,4.0,3.0,1.0,3.0,4.0,4.0,3.0,3.0,4.0,4.0,1.0,4.0,3.0,3.0,2.0,4.0,4.0,1.0,1.0,4.0,5.0,4.0,4.0,4.0,4.0,5.0,3.0,4.0,3.0,3.0,4.0,4.0,3.0,1.0,5.0,2.0,4.0,4.0,4.0,4.0,3.0,5.0,4.0,4.0,5.0,5.0,3.0,4.0,5.0,4.0,2.0,sona
160,2.0,3.0,3.0,4.0,4.0,3.0,4.0,4.0,4.0,2.0,4.0,5.0,1.0,2.0,4.0,5.0,5.0,5.0,4.0,4.0,1.0,4.0,4.0,4.0,4.0,2.0,4.0,1.0,1.0,4.0,2.0,1.0,1.0,4.0,5.0,4.0,2.0,4.0,1.0,5.0,4.0,5.0,5.0,4.0,4.0,5.0,4.0,2.0,2.0,4.0,1.0,2.0,1.0,3.0,1.0,4.0,3.0,3.0,1.0,4.0,4.0,sona
161,5.0,3.0,3.0,3.0,5.0,3.0,4.0,4.0,4.0,3.0,5.0,3.0,3.0,3.0,3.0,3.0,3.0,5.0,5.0,5.0,1.0,5.0,4.0,3.0,2.0,3.0,5.0,1.0,1.0,5.0,3.0,5.0,2.0,3.0,3.0,5.0,3.0,5.0,5.0,3.0,4.0,3.0,3.0,5.0,5.0,5.0,3.0,3.0,5.0,3.0,3.0,5.0,5.0,5.0,5.0,3.0,3.0,5.0,3.0,5.0,5.0,sona
162,2.0,5.0,2.0,5.0,4.0,4.0,4.0,5.0,5.0,4.0,5.0,5.0,1.0,2.0,3.0,4.0,5.0,5.0,5.0,4.0,1.0,4.0,2.0,4.0,2.0,4.0,5.0,1.0,1.0,4.0,2.0,2.0,4.0,5.0,3.0,5.0,4.0,5.0,1.0,5.0,4.0,5.0,5.0,5.0,4.0,2.0,3.0,4.0,3.0,5.0,5.0,5.0,4.0,4.0,2.0,3.0,3.0,4.0,1.0,5.0,4.0,sona
163,2.0,3.0,4.0,5.0,3.0,3.0,4.0,4.0,4.0,2.0,5.0,5.0,1.0,2.0,5.0,4.0,5.0,4.0,4.0,4.0,1.0,4.0,3.0,4.0,3.0,3.0,5.0,2.0,2.0,4.0,2.0,1.0,5.0,5.0,5.0,4.0,1.0,3.0,1.0,5.0,4.0,5.0,5.0,4.0,4.0,4.0,2.0,3.0,2.0,4.0,5.0,2.0,1.0,3.0,2.0,3.0,3.0,4.0,4.0,3.0,5.0,sona
164,2.0,4.0,2.0,4.0,4.0,4.0,4.0,4.0,3.0,4.0,2.0,4.0,1.0,2.0,3.0,4.0,2.0,2.0,4.0,4.0,1.0,4.0,4.0,4.0,2.0,2.0,4.0,1.0,1.0,4.0,2.0,5.0,2.0,4.0,4.0,4.0,2.0,1.0,1.0,4.0,4.0,2.0,3.0,1.0,4.0,2.0,2.0,2.0,1.0,4.0,4.0,5.0,2.0,2.0,2.0,4.0,3.0,4.0,4.0,2.0,1.0,sona
165,4.0,4.0,4.0,5.0,5.0,4.0,4.0,5.0,5.0,4.0,4.0,1.0,3.0,4.0,5.0,5.0,1.0,3.0,5.0,4.0,1.0,5.0,4.0,4.0,3.0,4.0,4.0,1.0,1.0,4.0,4.0,4.0,4.0,2.0,4.0,5.0,4.0,3.0,3.0,1.0,4.0,3.0,3.0,1.0,4.0,2.0,5.0,4.0,4.0,4.0,3.0,5.0,4.0,4.0,5.0,4.0,3.0,4.0,3.0,4.0,1.0,sona
166,3.0,3.0,2.0,5.0,4.0,3.0,3.0,5.0,5.0,4.0,3.0,3.0,2.0,2.0,2.0,4.0,4.0,3.0,5.0,4.0,1.0,3.0,2.0,3.0,1.0,2.0,3.0,1.0,5.0,2.0,1.0,4.0,4.0,5.0,2.0,3.0,3.0,2.0,1.0,4.0,4.0,5.0,3.0,5.0,4.0,3.0,1.0,3.0,3.0,4.0,4.0,3.0,1.0,4.0,4.0,5.0,3.0,5.0,5.0,2.0,5.0,sona
167,3.0,5.0,5.0,5.0,5.0,4.0,4.0,5.0,4.0,4.0,4.0,3.0,4.0,3.0,4.0,4.0,3.0,3.0,4.0,5.0,1.0,4.0,4.0,4.0,2.0,4.0,5.0,2.0,3.0,4.0,3.0,1.0,4.0,4.0,3.0,5.0,2.0,3.0,1.0,3.0,4.0,3.0,4.0,3.0,5.0,5.0,1.0,5.0,3.0,5.0,4.0,4.0,2.0,4.0,5.0,4.0,3.0,3.0,1.0,5.0,4.0,sona
168,1.0,2.0,2.0,2.0,2.0,2.0,3.0,4.0,3.0,3.0,1.0,1.0,1.0,3.0,3.0,2.0,1.0,1.0,4.0,3.0,1.0,4.0,2.0,1.0,2.0,4.0,4.0,1.0,1.0,2.0,2.0,1.0,4.0,2.0,2.0,5.0,1.0,1.0,1.0,1.0,4.0,5.0,1.0,2.0,2.0,2.0,1.0,2.0,5.0,2.0,2.0,5.0,1.0,1.0,5.0,4.0,3.0,2.0,4.0,3.0,2.0,sona
169,4.0,3.0,4.0,4.0,4.0,3.0,4.0,3.0,3.0,2.0,4.0,5.0,2.0,2.0,4.0,4.0,5.0,5.0,4.0,4.0,5.0,3.0,3.0,4.0,3.0,4.0,5.0,2.0,1.0,4.0,3.0,3.0,4.0,4.0,5.0,5.0,4.0,5.0,4.0,5.0,4.0,5.0,5.0,4.0,3.0,4.0,4.0,4.0,4.0,4.0,5.0,4.0,2.0,4.0,4.0,3.0,3.0,4.0,3.0,4.0,3.0,sona
170,5.0,4.0,4.0,4.0,4.0,4.0,4.0,4.0,4.0,3.0,4.0,4.0,2.0,3.0,4.0,4.0,4.0,3.0,4.0,3.0,1.0,4.0,3.0,4.0,3.0,4.0,4.0,2.0,2.0,4.0,3.0,1.0,4.0,3.0,4.0,4.0,3.0,3.0,1.0,5.0,4.0,4.0,3.0,3.0,4.0,5.0,3.0,3.0,3.0,4.0,5.0,4.0,1.0,3.0,5.0,5.0,3.0,5.0,5.0,4.0,3.0,sona
171,5.0,3.0,4.0,3.0,4.0,3.0,4.0,4.0,4.0,3.0,3.0,4.0,3.0,3.0,4.0,4.0,4.0,4.0,4.0,4.0,1.0,3.0,3.0,3.0,3.0,4.0,4.0,2.0,3.0,3.0,4.0,3.0,3.0,4.0,3.0,3.0,3.0,3.0,2.0,3.0,4.0,4.0,3.0,3.0,3.0,3.0,3.0,3.0,3.0,4.0,3.0,3.0,3.0,3.0,3.0,3.0,3.0,3.0,4.0,3.0,2.0,sona
172,3.0,4.0,3.0,4.0,4.0,2.0,4.0,4.0,4.0,2.0,4.0,5.0,1.0,3.0,3.0,3.0,5.0,5.0,4.0,3.0,1.0,4.0,3.0,1.0,2.0,3.0,5.0,1.0,1.0,4.0,2.0,1.0,3.0,3.0,4.0,4.0,2.0,4.0,1.0,5.0,4.0,5.0,5.0,4.0,4.0,2.0,2.0,3.0,3.0,4.0,5.0,2.0,4.0,3.0,2.0,4.0,3.0,4.0,3.0,4.0,3.0,sona
173,4.0,3.0,3.0,4.0,5.0,3.0,4.0,4.0,4.0,3.0,4.0,4.0,1.0,1.0,4.0,4.0,4.0,4.0,4.0,4.0,1.0,4.0,4.0,4.0,2.0,3.0,4.0,2.0,3.0,4.0,1.0,2.0,4.0,3.0,4.0,4.0,3.0,3.0,1.0,4.0,4.0,4.0,3.0,2.0,3.0,3.0,4.0,4.0,3.0,4.0,4.0,4.0,1.0,3.0,4.0,4.0,3.0,4.0,3.0,4.0,4.0,sona
174,2.0,3.0,4.0,4.0,3.0,2.0,4.0,4.0,4.0,2.0,3.0,4.0,3.0,3.0,4.0,4.0,3.0,3.0,5.0,4.0,1.0,3.0,4.0,4.0,3.0,3.0,5.0,1.0,2.0,3.0,3.0,2.0,4.0,4.0,4.0,4.0,2.0,2.0,2.0,4.0,4.0,4.0,4.0,2.0,5.0,4.0,2.0,3.0,3.0,4.0,4.0,2.0,2.0,4.0,3.0,4.0,3.0,4.0,4.0,3.0,5.0,sona
175,3.0,5.0,5.0,5.0,4.0,3.0,4.0,3.0,4.0,3.0,3.0,3.0,1.0,3.0,5.0,4.0,3.0,3.0,4.0,3.0,1.0,5.0,3.0,4.0,3.0,3.0,4.0,1.0,3.0,4.0,3.0,1.0,4.0,4.0,5.0,4.0,4.0,1.0,1.0,4.0,4.0,3.0,3.0,3.0,3.0,3.0,3.0,4.0,3.0,5.0,3.0,3.0,1.0,4.0,2.0,3.0,3.0,3.0,3.0,4.0,4.0,sona
176,5.0,4.0,4.0,4.0,5.0,5.0,5.0,5.0,4.0,3.0,1.0,2.0,1.0,4.0,3.0,3.0,1.0,2.0,4.0,3.0,1.0,5.0,4.0,4.0,3.0,3.0,4.0,1.0,1.0,4.0,3.0,1.0,4.0,1.0,4.0,5.0,3.0,1.0,1.0,2.0,4.0,4.0,5.0,3.0,4.0,4.0,3.0,3.0,4.0,4.0,1.0,3.0,1.0,5.0,3.0,4.0,3.0,4.0,1.0,4.0,3.0,sona
177,2.0,3.0,4.0,4.0,3.0,4.0,4.0,4.0,4.0,2.0,2.0,2.0,2.0,3.0,4.0,4.0,3.0,2.0,4.0,4.0,1.0,4.0,3.0,3.0,3.0,2.0,4.0,1.0,2.0,2.0,2.0,1.0,2.0,3.0,3.0,4.0,1.0,1.0,1.0,2.0,4.0,3.0,2.0,4.0,3.0,3.0,2.0,2.0,2.0,3.0,2.0,2.0,1.0,3.0,3.0,3.0,3.0,3.0,3.0,3.0,3.0,sona
178,4.0,2.0,4.0,5.0,3.0,3.0,5.0,5.0,5.0,2.0,4.0,3.0,2.0,2.0,4.0,4.0,4.0,3.0,5.0,4.0,1.0,4.0,4.0,4.0,2.0,4.0,3.0,1.0,1.0,4.0,3.0,2.0,4.0,2.0,3.0,4.0,3.0,2.0,2.0,3.0,4.0,3.0,3.0,4.0,4.0,2.0,3.0,4.0,3.0,4.0,4.0,5.0,2.0,2.0,4.0,4.0,3.0,4.0,3.0,3.0,3.0,sona
179,3.0,3.0,3.0,4.0,3.0,3.0,4.0,4.0,4.0,2.0,4.0,4.0,1.0,2.0,4.0,3.0,4.0,4.0,4.0,4.0,1.0,4.0,4.0,3.0,3.0,3.0,4.0,1.0,2.0,3.0,2.0,1.0,1.0,3.0,4.0,4.0,2.0,2.0,1.0,4.0,4.0,4.0,3.0,4.0,4.0,2.0,3.0,3.0,4.0,3.0,4.0,4.0,1.0,2.0,4.0,4.0,3.0,5.0,4.0,4.0,3.0,sona
180,1.0,4.0,4.0,5.0,2.0,2.0,4.0,5.0,4.0,3.0,4.0,4.0,4.0,4.0,4.0,4.0,5.0,4.0,5.0,4.0,1.0,4.0,4.0,4.0,3.0,1.0,4.0,1.0,1.0,2.0,3.0,5.0,3.0,4.0,4.0,4.0,2.0,3.0,1.0,4.0,4.0,2.0,4.0,1.0,4.0,1.0,4.0,4.0,2.0,2.0,4.0,4.0,3.0,2.0,5.0,3.0,3.0,4.0,3.0,4.0,1.0,sona
181,4.0,3.0,4.0,4.0,4.0,4.0,4.0,4.0,5.0,2.0,2.0,2.0,3.0,2.0,4.0,3.0,3.0,4.0,5.0,4.0,1.0,4.0,4.0,4.0,2.0,3.0,5.0,1.0,1.0,2.0,3.0,4.0,4.0,4.0,4.0,5.0,2.0,2.0,1.0,1.0,4.0,1.0,1.0,1.0,4.0,4.0,2.0,3.0,4.0,4.0,2.0,5.0,4.0,3.0,5.0,4.0,3.0,1.0,1.0,2.0,2.0,sona
182,4.0,3.0,3.0,2.0,3.0,4.0,4.0,4.0,4.0,2.0,3.0,4.0,4.0,2.0,3.0,3.0,4.0,2.0,5.0,3.0,1.0,4.0,3.0,3.0,4.0,1.0,4.0,1.0,1.0,4.0,1.0,4.0,4.0,4.0,2.0,4.0,1.0,1.0,1.0,4.0,4.0,4.0,3.0,4.0,3.0,3.0,3.0,3.0,3.0,3.0,4.0,4.0,1.0,3.0,4.0,4.0,3.0,4.0,1.0,1.0,2.0,sona
183,3.0,4.0,3.0,3.0,4.0,4.0,4.0,4.0,4.0,2.0,4.0,5.0,5.0,3.0,4.0,4.0,4.0,5.0,5.0,5.0,1.0,4.0,4.0,2.0,4.0,2.0,5.0,1.0,1.0,2.0,2.0,4.0,2.0,3.0,3.0,3.0,2.0,1.0,1.0,5.0,4.0,4.0,5.0,3.0,2.0,2.0,2.0,2.0,2.0,2.0,3.0,4.0,1.0,4.0,5.0,4.0,3.0,4.0,3.0,2.0,3.0,sona
184,4.0,5.0,3.0,5.0,5.0,5.0,1.0,4.0,5.0,5.0,5.0,5.0,1.0,4.0,5.0,5.0,4.0,4.0,5.0,4.0,1.0,4.0,5.0,5.0,4.0,4.0,5.0,4.0,5.0,5.0,4.0,3.0,4.0,3.0,5.0,5.0,4.0,3.0,1.0,5.0,4.0,5.0,4.0,5.0,5.0,3.0,5.0,5.0,5.0,4.0,4.0,5.0,3.0,4.0,4.0,5.0,3.0,5.0,5.0,5.0,3.0,sona
185,4.0,4.0,4.0,4.0,4.0,4.0,5.0,4.0,4.0,2.0,5.0,5.0,4.0,4.0,4.0,4.0,4.0,5.0,4.0,4.0,1.0,4.0,2.0,4.0,1.0,2.0,4.0,1.0,2.0,5.0,2.0,1.0,4.0,4.0,2.0,4.0,2.0,1.0,2.0,5.0,4.0,5.0,5.0,5.0,3.0,2.0,4.0,3.0,4.0,4.0,3.0,4.0,4.0,4.0,2.0,4.0,3.0,4.0,5.0,4.0,4.0,sona
186,2.0,4.0,4.0,4.0,4.0,4.0,4.0,4.0,4.0,2.0,4.0,4.0,1.0,2.0,4.0,4.0,4.0,4.0,4.0,4.0,1.0,4.0,4.0,4.0,3.0,4.0,4.0,2.0,4.0,4.0,4.0,2.0,2.0,3.0,4.0,4.0,1.0,4.0,2.0,4.0,4.0,4.0,4.0,4.0,4.0,2.0,2.0,4.0,4.0,4.0,4.0,2.0,2.0,3.0,2.0,4.0,3.0,4.0,4.0,4.0,4.0,sona
187,3.0,4.0,2.0,3.0,3.0,4.0,4.0,3.0,3.0,2.0,2.0,2.0,1.0,2.0,2.0,2.0,3.0,3.0,3.0,3.0,1.0,4.0,3.0,4.0,2.0,2.0,4.0,2.0,1.0,4.0,2.0,1.0,4.0,2.0,4.0,4.0,1.0,1.0,1.0,2.0,4.0,2.0,2.0,4.0,3.0,2.0,3.0,3.0,3.0,4.0,3.0,4.0,1.0,3.0,4.0,3.0,3.0,4.0,3.0,4.0,2.0,sona
188,1.0,1.0,1.0,4.0,4.0,2.0,4.0,3.0,3.0,1.0,4.0,5.0,1.0,4.0,3.0,2.0,5.0,4.0,4.0,1.0,5.0,4.0,3.0,3.0,3.0,1.0,2.0,2.0,1.0,3.0,1.0,1.0,4.0,2.0,4.0,2.0,1.0,4.0,1.0,5.0,4.0,4.0,5.0,3.0,3.0,2.0,2.0,2.0,2.0,2.0,5.0,4.0,2.0,3.0,4.0,3.0,3.0,2.0,3.0,4.0,2.0,sona
189,3.0,3.0,3.0,4.0,2.0,3.0,4.0,4.0,3.0,4.0,1.0,3.0,1.0,3.0,3.0,3.0,2.0,2.0,4.0,4.0,5.0,3.0,4.0,3.0,4.0,3.0,3.0,2.0,3.0,2.0,3.0,1.0,3.0,2.0,2.0,3.0,3.0,4.0,2.0,2.0,2.0,4.0,3.0,4.0,4.0,2.0,3.0,4.0,4.0,4.0,3.0,2.0,1.0,3.0,3.0,3.0,3.0,3.0,4.0,4.0,4.0,sona
190,4.0,5.0,3.0,5.0,5.0,4.0,5.0,5.0,5.0,3.0,4.0,5.0,4.0,4.0,4.0,4.0,5.0,5.0,5.0,4.0,1.0,5.0,3.0,4.0,4.0,4.0,4.0,1.0,3.0,4.0,5.0,1.0,4.0,5.0,5.0,5.0,3.0,5.0,3.0,5.0,4.0,5.0,5.0,5.0,4.0,2.0,4.0,3.0,4.0,3.0,5.0,1.0,2.0,5.0,5.0,5.0,3.0,4.0,3.0,5.0,2.0,sona
191,4.0,5.0,5.0,5.0,5.0,5.0,5.0,5.0,5.0,4.0,5.0,5.0,5.0,4.0,5.0,5.0,5.0,5.0,5.0,5.0,1.0,5.0,4.0,5.0,5.0,5.0,5.0,3.0,2.0,4.0,4.0,2.0,3.0,5.0,5.0,5.0,3.0,4.0,5.0,5.0,4.0,5.0,4.0,5.0,4.0,4.0,4.0,4.0,4.0,5.0,4.0,2.0,5.0,4.0,4.0,5.0,3.0,5.0,4.0,5.0,4.0,sona
192,2.0,2.0,2.0,4.0,3.0,2.0,4.0,4.0,4.0,2.0,1.0,1.0,1.0,2.0,3.0,2.0,1.0,1.0,1.0,3.0,1.0,2.0,2.0,1.0,1.0,2.0,3.0,1.0,2.0,2.0,1.0,1.0,2.0,4.0,1.0,1.0,2.0,2.0,2.0,2.0,4.0,4.0,2.0,3.0,4.0,5.0,2.0,3.0,3.0,4.0,3.0,3.0,2.0,3.0,4.0,2.0,4.0,3.0,2.0,4.0,2.0,sona
193,3.0,3.0,4.0,4.0,4.0,3.0,4.0,4.0,4.0,3.0,4.0,2.0,1.0,3.0,4.0,4.0,3.0,2.0,4.0,4.0,1.0,4.0,4.0,4.0,4.0,4.0,4.0,1.0,1.0,3.0,4.0,2.0,4.0,4.0,4.0,4.0,3.0,3.0,2.0,2.0,4.0,2.0,2.0,2.0,4.0,4.0,3.0,4.0,3.0,4.0,4.0,4.0,2.0,3.0,4.0,4.0,3.0,3.0,3.0,4.0,4.0,sona
194,2.0,2.0,2.0,2.0,4.0,2.0,4.0,4.0,5.0,2.0,4.0,4.0,1.0,2.0,2.0,2.0,4.0,4.0,4.0,5.0,1.0,5.0,4.0,2.0,2.0,2.0,5.0,1.0,1.0,4.0,2.0,2.0,1.0,5.0,4.0,5.0,2.0,2.0,1.0,4.0,4.0,4.0,4.0,5.0,5.0,2.0,2.0,2.0,2.0,2.0,4.0,5.0,2.0,2.0,2.0,4.0,3.0,4.0,4.0,2.0,2.0,sona
195,1.0,1.0,1.0,1.0,3.0,1.0,1.0,1.0,1.0,1.0,1.0,1.0,1.0,1.0,1.0,1.0,1.0,1.0,1.0,1.0,1.0,1.0,3.0,4.0,1.0,1.0,1.0,3.0,1.0,4.0,1.0,1.0,4.0,1.0,1.0,3.0,1.0,1.0,3.0,1.0,4.0,1.0,1.0,1.0,1.0,1.0,1.0,1.0,1.0,1.0,1.0,2.0,3.0,1.0,4.0,1.0,3.0,1.0,1.0,1.0,5.0,sona
196,2.0,2.0,2.0,4.0,4.0,2.0,4.0,4.0,4.0,2.0,3.0,3.0,2.0,2.0,4.0,4.0,3.0,3.0,4.0,2.0,1.0,3.0,2.0,3.0,2.0,2.0,5.0,1.0,2.0,3.0,4.0,2.0,2.0,2.0,3.0,4.0,2.0,3.0,2.0,3.0,4.0,3.0,3.0,3.0,4.0,2.0,2.0,2.0,2.0,2.0,2.0,1.0,2.0,2.0,4.0,4.0,3.0,4.0,3.0,2.0,1.0,sona
197,3.0,2.0,4.0,3.0,4.0,3.0,3.0,3.0,2.0,1.0,5.0,5.0,1.0,1.0,4.0,4.0,5.0,3.0,5.0,2.0,5.0,3.0,3.0,3.0,3.0,3.0,3.0,1.0,1.0,4.0,1.0,1.0,4.0,4.0,5.0,4.0,1.0,4.0,1.0,5.0,4.0,4.0,1.0,3.0,3.0,2.0,1.0,2.0,1.0,3.0,5.0,2.0,1.0,2.0,1.0,3.0,3.0,3.0,3.0,3.0,2.0,sona
198,4.0,2.0,4.0,4.0,3.0,2.0,4.0,4.0,4.0,2.0,4.0,3.0,3.0,3.0,5.0,4.0,3.0,5.0,5.0,4.0,1.0,4.0,2.0,3.0,2.0,3.0,4.0,1.0,1.0,3.0,3.0,3.0,2.0,4.0,4.0,5.0,1.0,3.0,1.0,3.0,4.0,3.0,3.0,3.0,4.0,3.0,3.0,4.0,2.0,4.0,3.0,4.0,4.0,3.0,3.0,4.0,3.0,3.0,1.0,4.0,3.0,sona
199,4.0,4.0,4.0,4.0,4.0,4.0,4.0,4.0,4.0,4.0,4.0,4.0,4.0,4.0,4.0,4.0,4.0,4.0,4.0,4.0,1.0,4.0,4.0,4.0,4.0,4.0,4.0,4.0,3.0,4.0,4.0,4.0,4.0,4.0,4.0,4.0,4.0,4.0,4.0,4.0,4.0,3.0,3.0,4.0,4.0,4.0,3.0,4.0,4.0,4.0,4.0,4.0,4.0,4.0,3.0,4.0,3.0,4.0,4.0,4.0,4.0,sona
200,4.0,2.0,4.0,4.0,4.0,2.0,4.0,4.0,4.0,2.0,5.0,5.0,1.0,2.0,4.0,4.0,5.0,5.0,5.0,4.0,1.0,4.0,4.0,4.0,3.0,2.0,4.0,1.0,2.0,2.0,1.0,1.0,5.0,3.0,5.0,5.0,1.0,5.0,1.0,5.0,4.0,5.0,5.0,4.0,3.0,2.0,3.0,2.0,2.0,4.0,5.0,4.0,1.0,2.0,3.0,3.0,3.0,4.0,5.0,5.0,1.0,sona
201,3.0,3.0,3.0,4.0,5.0,3.0,5.0,3.0,4.0,4.0,4.0,3.0,3.0,4.0,4.0,4.0,4.0,3.0,4.0,4.0,1.0,5.0,4.0,4.0,4.0,5.0,5.0,4.0,3.0,4.0,4.0,2.0,4.0,4.0,4.0,4.0,5.0,4.0,5.0,4.0,4.0,5.0,4.0,4.0,5.0,4.0,4.0,5.0,4.0,3.0,4.0,3.0,4.0,3.0,4.0,4.0,3.0,3.0,5.0,3.0,4.0,sona
202,2.0,2.0,3.0,3.0,4.0,4.0,4.0,4.0,4.0,4.0,3.0,3.0,2.0,2.0,4.0,2.0,3.0,3.0,5.0,4.0,5.0,5.0,4.0,4.0,2.0,4.0,4.0,1.0,2.0,4.0,2.0,2.0,5.0,2.0,2.0,4.0,2.0,3.0,1.0,4.0,4.0,4.0,3.0,2.0,3.0,5.0,2.0,2.0,4.0,2.0,3.0,2.0,1.0,2.0,3.0,4.0,3.0,4.0,4.0,4.0,4.0,sona
203,3.0,2.0,2.0,3.0,4.0,3.0,4.0,3.0,4.0,2.0,3.0,3.0,3.0,2.0,4.0,3.0,3.0,3.0,3.0,3.0,5.0,3.0,3.0,4.0,4.0,2.0,3.0,1.0,1.0,3.0,3.0,2.0,5.0,3.0,3.0,4.0,3.0,2.0,1.0,5.0,4.0,4.0,4.0,3.0,3.0,4.0,3.0,3.0,3.0,4.0,3.0,4.0,2.0,2.0,3.0,3.0,3.0,2.0,4.0,3.0,2.0,sona
204,4.0,4.0,4.0,4.0,5.0,4.0,5.0,4.0,4.0,4.0,5.0,5.0,2.0,3.0,4.0,4.0,5.0,5.0,5.0,4.0,1.0,4.0,4.0,4.0,3.0,4.0,4.0,3.0,3.0,4.0,3.0,2.0,5.0,4.0,5.0,4.0,3.0,5.0,2.0,5.0,4.0,5.0,5.0,5.0,5.0,5.0,3.0,2.0,4.0,4.0,5.0,3.0,4.0,4.0,5.0,4.0,4.0,5.0,5.0,4.0,4.0,sona
205,1.0,4.0,4.0,4.0,3.0,4.0,5.0,5.0,5.0,2.0,5.0,5.0,1.0,2.0,4.0,4.0,5.0,5.0,5.0,4.0,1.0,4.0,3.0,4.0,4.0,5.0,3.0,1.0,1.0,2.0,1.0,1.0,5.0,5.0,5.0,4.0,3.0,5.0,3.0,5.0,4.0,5.0,5.0,5.0,5.0,5.0,4.0,2.0,2.0,3.0,5.0,4.0,5.0,3.0,2.0,4.0,3.0,2.0,3.0,4.0,5.0,sona
206,3.0,3.0,3.0,4.0,4.0,2.0,4.0,4.0,4.0,2.0,3.0,3.0,3.0,2.0,4.0,4.0,3.0,3.0,4.0,4.0,1.0,3.0,3.0,4.0,3.0,4.0,4.0,2.0,3.0,3.0,2.0,2.0,3.0,4.0,2.0,4.0,2.0,3.0,2.0,3.0,4.0,3.0,2.0,4.0,3.0,2.0,2.0,2.0,3.0,4.0,2.0,4.0,1.0,2.0,2.0,4.0,3.0,3.0,3.0,3.0,4.0,sona
207,3.0,2.0,1.0,1.0,5.0,2.0,4.0,4.0,4.0,2.0,3.0,4.0,2.0,1.0,4.0,4.0,3.0,3.0,4.0,4.0,1.0,4.0,3.0,3.0,2.0,5.0,4.0,1.0,1.0,3.0,1.0,1.0,4.0,3.0,4.0,5.0,1.0,3.0,1.0,4.0,4.0,4.0,3.0,4.0,4.0,3.0,2.0,3.0,3.0,3.0,4.0,1.0,1.0,4.0,4.0,4.0,3.0,5.0,4.0,2.0,5.0,sona
208,3.0,5.0,5.0,2.0,5.0,4.0,5.0,4.0,5.0,2.0,4.0,4.0,3.0,5.0,5.0,5.0,4.0,5.0,5.0,5.0,1.0,5.0,5.0,5.0,4.0,4.0,5.0,1.0,1.0,4.0,3.0,1.0,5.0,4.0,2.0,5.0,3.0,1.0,1.0,4.0,4.0,5.0,4.0,5.0,5.0,2.0,4.0,5.0,4.0,5.0,3.0,5.0,1.0,4.0,5.0,5.0,3.0,5.0,5.0,4.0,1.0,sona
209,5.0,5.0,5.0,5.0,4.0,5.0,5.0,5.0,4.0,5.0,5.0,4.0,1.0,4.0,5.0,5.0,5.0,5.0,5.0,4.0,1.0,4.0,4.0,4.0,4.0,4.0,4.0,4.0,5.0,4.0,4.0,5.0,4.0,5.0,4.0,4.0,4.0,4.0,4.0,4.0,4.0,5.0,5.0,5.0,5.0,3.0,5.0,4.0,5.0,5.0,5.0,4.0,1.0,4.0,4.0,4.0,3.0,4.0,3.0,5.0,5.0,sona
210,4.0,5.0,4.0,5.0,5.0,4.0,5.0,5.0,5.0,5.0,5.0,5.0,4.0,5.0,5.0,5.0,5.0,4.0,5.0,5.0,1.0,5.0,4.0,4.0,5.0,5.0,5.0,5.0,4.0,4.0,5.0,5.0,4.0,5.0,5.0,5.0,5.0,5.0,4.0,5.0,4.0,4.0,5.0,5.0,5.0,5.0,5.0,5.0,4.0,5.0,5.0,5.0,4.0,5.0,5.0,4.0,3.0,4.0,4.0,5.0,5.0,sona
211,1.0,1.0,2.0,2.0,4.0,2.0,3.0,4.0,4.0,3.0,3.0,4.0,2.0,1.0,1.0,1.0,2.0,1.0,4.0,1.0,1.0,4.0,3.0,4.0,3.0,2.0,4.0,1.0,1.0,4.0,1.0,1.0,4.0,2.0,5.0,4.0,1.0,3.0,1.0,4.0,4.0,3.0,3.0,2.0,4.0,3.0,2.0,2.0,3.0,3.0,4.0,2.0,1.0,2.0,2.0,2.0,3.0,5.0,2.0,2.0,4.0,sona
212,3.0,2.0,2.0,3.0,3.0,3.0,3.0,3.0,3.0,3.0,3.0,3.0,3.0,3.0,4.0,3.0,3.0,3.0,3.0,2.0,1.0,3.0,3.0,2.0,2.0,3.0,3.0,3.0,3.0,3.0,2.0,2.0,4.0,3.0,3.0,3.0,3.0,1.0,2.0,3.0,4.0,2.0,3.0,3.0,4.0,4.0,4.0,2.0,3.0,3.0,4.0,3.0,2.0,2.0,2.0,4.0,3.0,3.0,2.0,4.0,4.0,sona
213,3.0,2.0,3.0,4.0,4.0,3.0,4.0,5.0,5.0,1.0,4.0,5.0,2.0,3.0,5.0,3.0,5.0,5.0,5.0,4.0,1.0,5.0,5.0,4.0,4.0,3.0,4.0,1.0,3.0,5.0,3.0,2.0,5.0,3.0,4.0,2.0,3.0,3.0,3.0,5.0,4.0,4.0,5.0,4.0,4.0,2.0,3.0,2.0,2.0,2.0,5.0,2.0,3.0,3.0,4.0,4.0,3.0,5.0,3.0,3.0,2.0,sona
214,4.0,4.0,4.0,5.0,4.0,2.0,4.0,4.0,3.0,4.0,5.0,4.0,1.0,3.0,4.0,4.0,5.0,5.0,5.0,5.0,2.0,5.0,3.0,3.0,3.0,5.0,4.0,2.0,5.0,4.0,4.0,1.0,5.0,5.0,3.0,5.0,2.0,5.0,1.0,5.0,4.0,5.0,5.0,5.0,3.0,3.0,1.0,4.0,4.0,4.0,5.0,4.0,4.0,4.0,3.0,5.0,3.0,1.0,1.0,5.0,4.0,sona
215,4.0,4.0,4.0,4.0,4.0,4.0,5.0,4.0,5.0,4.0,4.0,5.0,1.0,4.0,5.0,4.0,5.0,5.0,4.0,4.0,1.0,4.0,4.0,4.0,4.0,2.0,4.0,1.0,1.0,4.0,4.0,4.0,4.0,4.0,5.0,5.0,2.0,2.0,1.0,5.0,4.0,5.0,5.0,5.0,2.0,2.0,3.0,2.0,4.0,4.0,1.0,5.0,4.0,4.0,4.0,5.0,3.0,2.0,4.0,5.0,2.0,sona
216,4.0,3.0,3.0,3.0,4.0,3.0,4.0,4.0,3.0,3.0,4.0,5.0,1.0,2.0,2.0,3.0,5.0,4.0,5.0,3.0,1.0,4.0,4.0,4.0,3.0,2.0,4.0,2.0,1.0,3.0,3.0,2.0,4.0,3.0,4.0,3.0,2.0,2.0,1.0,5.0,4.0,4.0,5.0,4.0,4.0,3.0,4.0,3.0,3.0,2.0,3.0,3.0,1.0,3.0,3.0,4.0,3.0,3.0,4.0,2.0,3.0,sona
217,2.0,4.0,4.0,5.0,3.0,4.0,4.0,4.0,4.0,4.0,3.0,3.0,2.0,4.0,4.0,4.0,3.0,3.0,4.0,4.0,1.0,4.0,4.0,3.0,4.0,4.0,4.0,1.0,4.0,4.0,4.0,1.0,2.0,4.0,3.0,5.0,2.0,3.0,1.0,3.0,4.0,4.0,3.0,4.0,4.0,2.0,2.0,4.0,4.0,4.0,3.0,1.0,1.0,3.0,4.0,4.0,3.0,4.0,4.0,4.0,2.0,sona
218,3.0,4.0,3.0,3.0,4.0,4.0,4.0,4.0,3.0,3.0,3.0,3.0,3.0,4.0,2.0,3.0,3.0,3.0,4.0,4.0,1.0,4.0,4.0,4.0,4.0,3.0,4.0,3.0,3.0,3.0,4.0,3.0,4.0,3.0,3.0,3.0,4.0,3.0,4.0,3.0,3.0,3.0,3.0,3.0,3.0,4.0,4.0,3.0,4.0,4.0,3.0,5.0,3.0,4.0,3.0,4.0,3.0,4.0,4.0,4.0,2.0,sona
219,4.0,5.0,4.0,4.0,5.0,5.0,5.0,5.0,5.0,2.0,4.0,3.0,3.0,3.0,5.0,5.0,5.0,3.0,5.0,5.0,1.0,5.0,4.0,5.0,4.0,5.0,5.0,3.0,3.0,5.0,4.0,1.0,4.0,5.0,4.0,5.0,4.0,4.0,1.0,3.0,4.0,2.0,3.0,5.0,4.0,1.0,5.0,5.0,5.0,5.0,5.0,5.0,1.0,5.0,3.0,4.0,3.0,5.0,3.0,5.0,2.0,sona
220,1.0,2.0,4.0,2.0,2.0,2.0,5.0,4.0,4.0,1.0,1.0,1.0,1.0,2.0,4.0,4.0,1.0,1.0,5.0,2.0,1.0,5.0,4.0,4.0,2.0,2.0,4.0,1.0,1.0,1.0,2.0,1.0,4.0,2.0,1.0,5.0,1.0,1.0,1.0,1.0,4.0,3.0,1.0,1.0,2.0,2.0,2.0,2.0,1.0,4.0,1.0,5.0,1.0,2.0,4.0,4.0,3.0,4.0,2.0,2.0,1.0,sona
221,1.0,1.0,1.0,2.0,1.0,1.0,3.0,3.0,4.0,1.0,3.0,3.0,3.0,1.0,1.0,1.0,3.0,3.0,1.0,1.0,3.0,2.0,2.0,1.0,3.0,1.0,3.0,1.0,1.0,1.0,1.0,2.0,1.0,1.0,5.0,1.0,1.0,1.0,2.0,3.0,4.0,5.0,3.0,5.0,3.0,1.0,3.0,1.0,1.0,1.0,5.0,5.0,4.0,1.0,5.0,2.0,3.0,1.0,1.0,2.0,1.0,sona
222,2.0,4.0,4.0,4.0,4.0,1.0,4.0,5.0,5.0,2.0,4.0,4.0,2.0,3.0,5.0,4.0,4.0,4.0,4.0,4.0,1.0,4.0,3.0,4.0,3.0,1.0,3.0,2.0,5.0,3.0,3.0,1.0,5.0,4.0,5.0,5.0,1.0,4.0,4.0,4.0,4.0,5.0,4.0,3.0,4.0,4.0,2.0,4.0,4.0,4.0,4.0,5.0,1.0,3.0,4.0,4.0,3.0,3.0,5.0,4.0,1.0,sona
223,5.0,3.0,4.0,5.0,4.0,4.0,5.0,5.0,5.0,3.0,5.0,5.0,5.0,4.0,4.0,5.0,5.0,5.0,5.0,4.0,1.0,4.0,4.0,5.0,4.0,3.0,5.0,3.0,3.0,4.0,3.0,5.0,2.0,4.0,4.0,5.0,3.0,1.0,4.0,5.0,4.0,5.0,3.0,3.0,5.0,2.0,4.0,2.0,4.0,4.0,4.0,5.0,3.0,4.0,4.0,4.0,3.0,5.0,3.0,4.0,1.0,sona
224,5.0,5.0,5.0,4.0,5.0,5.0,5.0,5.0,5.0,5.0,5.0,5.0,4.0,5.0,5.0,5.0,5.0,5.0,5.0,5.0,1.0,5.0,5.0,4.0,4.0,5.0,5.0,1.0,5.0,5.0,5.0,1.0,5.0,5.0,5.0,5.0,4.0,5.0,4.0,5.0,4.0,5.0,4.0,5.0,4.0,4.0,3.0,5.0,5.0,5.0,3.0,2.0,3.0,4.0,2.0,5.0,3.0,5.0,5.0,4.0,5.0,sona
225,1.0,4.0,4.0,5.0,4.0,2.0,5.0,4.0,4.0,3.0,1.0,3.0,3.0,1.0,5.0,5.0,3.0,3.0,5.0,4.0,1.0,4.0,4.0,4.0,4.0,1.0,4.0,1.0,1.0,2.0,1.0,1.0,4.0,3.0,4.0,5.0,1.0,3.0,1.0,3.0,4.0,3.0,3.0,4.0,4.0,4.0,1.0,5.0,1.0,5.0,3.0,4.0,1.0,2.0,4.0,4.0,3.0,3.0,1.0,3.0,4.0,sona
226,4.0,3.0,3.0,5.0,5.0,4.0,4.0,4.0,3.0,3.0,5.0,5.0,1.0,3.0,3.0,4.0,5.0,4.0,5.0,5.0,1.0,4.0,4.0,4.0,3.0,4.0,4.0,2.0,3.0,4.0,3.0,2.0,3.0,4.0,4.0,4.0,3.0,3.0,2.0,5.0,4.0,4.0,4.0,3.0,4.0,3.0,4.0,4.0,3.0,4.0,4.0,3.0,2.0,4.0,4.0,4.0,3.0,4.0,4.0,3.0,3.0,sona
227,2.0,4.0,2.0,4.0,4.0,2.0,4.0,4.0,4.0,2.0,4.0,4.0,1.0,2.0,4.0,4.0,4.0,3.0,4.0,4.0,1.0,4.0,4.0,4.0,2.0,2.0,4.0,2.0,1.0,2.0,2.0,4.0,2.0,4.0,4.0,4.0,1.0,1.0,1.0,4.0,4.0,5.0,4.0,4.0,4.0,2.0,3.0,2.0,2.0,4.0,4.0,5.0,1.0,2.0,5.0,4.0,3.0,2.0,5.0,2.0,2.0,sona
228,4.0,5.0,5.0,5.0,5.0,4.0,5.0,5.0,5.0,4.0,1.0,5.0,1.0,5.0,5.0,4.0,4.0,5.0,5.0,5.0,1.0,5.0,4.0,4.0,3.0,3.0,5.0,3.0,3.0,4.0,4.0,2.0,3.0,3.0,3.0,4.0,4.0,3.0,1.0,4.0,4.0,5.0,5.0,5.0,5.0,5.0,4.0,2.0,5.0,5.0,3.0,3.0,1.0,5.0,3.0,4.0,3.0,4.0,3.0,5.0,3.0,sona
229,3.0,3.0,4.0,4.0,4.0,4.0,4.0,4.0,4.0,2.0,4.0,4.0,2.0,4.0,4.0,4.0,4.0,4.0,4.0,4.0,1.0,4.0,4.0,4.0,3.0,4.0,4.0,2.0,3.0,4.0,4.0,1.0,4.0,4.0,4.0,4.0,2.0,4.0,1.0,4.0,4.0,4.0,4.0,4.0,4.0,4.0,4.0,3.0,3.0,4.0,4.0,4.0,1.0,4.0,4.0,4.0,3.0,4.0,3.0,4.0,3.0,sona
230,4.0,4.0,4.0,4.0,4.0,4.0,4.0,5.0,4.0,3.0,2.0,4.0,1.0,3.0,4.0,4.0,4.0,4.0,5.0,4.0,1.0,4.0,3.0,4.0,3.0,3.0,4.0,1.0,4.0,4.0,3.0,4.0,5.0,3.0,5.0,4.0,2.0,1.0,1.0,5.0,4.0,4.0,4.0,5.0,4.0,2.0,3.0,3.0,2.0,4.0,4.0,5.0,1.0,3.0,4.0,3.0,3.0,2.0,4.0,2.0,2.0,sona
231,3.0,3.0,4.0,4.0,4.0,3.0,4.0,4.0,4.0,4.0,4.0,1.0,1.0,4.0,4.0,4.0,1.0,4.0,3.0,5.0,1.0,5.0,4.0,3.0,3.0,3.0,4.0,2.0,4.0,4.0,5.0,1.0,4.0,4.0,3.0,5.0,2.0,5.0,1.0,1.0,4.0,4.0,4.0,5.0,4.0,1.0,3.0,4.0,4.0,4.0,1.0,3.0,1.0,3.0,4.0,4.0,3.0,3.0,3.0,2.0,5.0,sona
232,2.0,2.0,4.0,4.0,4.0,2.0,4.0,5.0,5.0,2.0,3.0,3.0,3.0,2.0,4.0,4.0,3.0,4.0,4.0,4.0,1.0,4.0,3.0,4.0,2.0,3.0,4.0,1.0,1.0,3.0,2.0,1.0,4.0,2.0,4.0,4.0,1.0,3.0,1.0,3.0,4.0,3.0,3.0,2.0,3.0,3.0,2.0,2.0,2.0,4.0,4.0,3.0,2.0,2.0,1.0,4.0,3.0,3.0,4.0,4.0,3.0,sona
465,3.0,2.0,4.0,2.0,2.0,2.0,2.0,3.0,3.0,4.0,2.0,2.0,3.0,2.0,3.0,3.0,2.0,3.0,4.0,3.0,1.0,4.0,2.0,3.0,2.0,4.0,2.0,2.0,3.0,4.0,2.0,3.0,2.0,4.0,3.0,1.0,3.0,4.0,2.0,3.0,4.0,3.0,3.0,3.0,2.0,3.0,3.0,2.0,2.0,3.0,2.0,2.0,4.0,4.0,2.0,4.0,3.0,2.0,2.0,2.0,2.0,mturk
466,5.0,5.0,5.0,5.0,4.0,5.0,3.0,5.0,4.0,5.0,4.0,4.0,4.0,5.0,4.0,4.0,4.0,4.0,5.0,5.0,1.0,4.0,5.0,5.0,5.0,4.0,4.0,4.0,4.0,4.0,4.0,5.0,4.0,5.0,4.0,5.0,4.0,5.0,5.0,4.0,4.0,4.0,4.0,4.0,4.0,4.0,5.0,4.0,5.0,5.0,4.0,4.0,5.0,5.0,5.0,4.0,3.0,4.0,5.0,4.0,5.0,mturk
467,5.0,3.0,3.0,3.0,4.0,4.0,5.0,4.0,5.0,2.0,4.0,2.0,2.0,3.0,4.0,3.0,3.0,4.0,4.0,4.0,1.0,5.0,3.0,5.0,4.0,4.0,5.0,1.0,4.0,4.0,3.0,2.0,4.0,5.0,4.0,4.0,3.0,3.0,1.0,2.0,4.0,2.0,3.0,3.0,4.0,3.0,4.0,4.0,4.0,4.0,2.0,3.0,3.0,5.0,4.0,4.0,3.0,5.0,4.0,4.0,4.0,mturk
468,1.0,3.0,1.0,4.0,2.0,3.0,3.0,1.0,1.0,1.0,1.0,1.0,1.0,3.0,1.0,1.0,1.0,3.0,3.0,4.0,1.0,3.0,1.0,1.0,1.0,1.0,3.0,1.0,3.0,3.0,1.0,1.0,3.0,4.0,5.0,4.0,1.0,1.0,1.0,3.0,4.0,5.0,5.0,5.0,1.0,5.0,1.0,1.0,2.0,2.0,5.0,1.0,1.0,2.0,3.0,1.0,3.0,2.0,1.0,3.0,5.0,mturk
469,4.0,2.0,2.0,2.0,3.0,2.0,4.0,4.0,2.0,2.0,3.0,4.0,2.0,1.0,2.0,2.0,4.0,4.0,4.0,2.0,1.0,3.0,3.0,4.0,2.0,2.0,4.0,2.0,4.0,2.0,2.0,4.0,2.0,3.0,2.0,4.0,1.0,2.0,1.0,4.0,4.0,4.0,4.0,1.0,3.0,1.0,2.0,4.0,2.0,3.0,4.0,5.0,2.0,2.0,2.0,4.0,3.0,4.0,4.0,3.0,2.0,mturk
470,4.0,4.0,4.0,4.0,4.0,4.0,4.0,4.0,4.0,2.0,4.0,4.0,2.0,3.0,3.0,3.0,4.0,4.0,4.0,4.0,1.0,4.0,4.0,5.0,4.0,4.0,4.0,2.0,5.0,4.0,3.0,4.0,2.0,4.0,4.0,4.0,2.0,4.0,2.0,4.0,4.0,4.0,4.0,2.0,4.0,2.0,2.0,4.0,2.0,4.0,4.0,4.0,2.0,4.0,2.0,4.0,3.0,4.0,4.0,3.0,2.0,mturk
471,4.0,4.0,4.0,4.0,4.0,4.0,4.0,4.0,4.0,4.0,4.0,4.0,3.0,4.0,4.0,4.0,4.0,3.0,4.0,4.0,1.0,4.0,4.0,4.0,4.0,4.0,4.0,4.0,4.0,4.0,4.0,2.0,4.0,4.0,4.0,4.0,4.0,3.0,3.0,3.0,4.0,4.0,3.0,3.0,4.0,2.0,4.0,4.0,4.0,4.0,4.0,3.0,2.0,4.0,4.0,4.0,3.0,4.0,4.0,4.0,4.0,mturk
472,4.0,4.0,3.0,3.0,4.0,4.0,4.0,3.0,3.0,2.0,3.0,3.0,3.0,3.0,2.0,3.0,3.0,4.0,5.0,3.0,1.0,3.0,3.0,4.0,3.0,3.0,4.0,2.0,4.0,3.0,3.0,2.0,4.0,3.0,3.0,5.0,2.0,4.0,2.0,3.0,4.0,3.0,4.0,3.0,3.0,3.0,3.0,3.0,3.0,4.0,3.0,2.0,3.0,3.0,3.0,3.0,3.0,3.0,4.0,3.0,4.0,mturk
473,4.0,3.0,3.0,3.0,4.0,3.0,4.0,4.0,4.0,3.0,4.0,4.0,3.0,3.0,3.0,3.0,4.0,4.0,4.0,4.0,1.0,4.0,4.0,4.0,4.0,4.0,4.0,3.0,4.0,3.0,3.0,1.0,3.0,4.0,3.0,3.0,3.0,2.0,1.0,4.0,4.0,4.0,4.0,3.0,4.0,2.0,3.0,3.0,3.0,4.0,4.0,2.0,1.0,3.0,3.0,4.0,3.0,4.0,4.0,3.0,2.0,mturk
474,5.0,4.0,4.0,4.0,5.0,5.0,5.0,3.0,3.0,3.0,5.0,3.0,3.0,3.0,4.0,4.0,3.0,3.0,5.0,5.0,1.0,3.0,5.0,5.0,5.0,5.0,5.0,4.0,1.0,5.0,3.0,1.0,5.0,5.0,5.0,5.0,5.0,1.0,1.0,5.0,4.0,5.0,3.0,5.0,5.0,5.0,5.0,4.0,3.0,5.0,4.0,1.0,1.0,5.0,3.0,3.0,3.0,5.0,5.0,5.0,5.0,mturk
475,3.0,4.0,4.0,3.0,4.0,3.0,5.0,4.0,3.0,4.0,3.0,3.0,3.0,4.0,3.0,3.0,3.0,3.0,3.0,5.0,1.0,4.0,3.0,3.0,3.0,3.0,4.0,3.0,2.0,3.0,4.0,3.0,4.0,4.0,3.0,4.0,3.0,3.0,3.0,3.0,4.0,5.0,3.0,4.0,3.0,3.0,3.0,3.0,3.0,3.0,3.0,4.0,3.0,3.0,3.0,3.0,3.0,1.0,2.0,3.0,4.0,mturk
476,3.0,3.0,2.0,2.0,4.0,3.0,4.0,4.0,4.0,3.0,5.0,5.0,4.0,2.0,2.0,2.0,5.0,4.0,4.0,4.0,1.0,3.0,4.0,4.0,4.0,4.0,4.0,4.0,5.0,3.0,3.0,2.0,4.0,4.0,4.0,4.0,3.0,2.0,2.0,5.0,4.0,2.0,4.0,2.0,4.0,2.0,3.0,4.0,3.0,3.0,4.0,5.0,2.0,3.0,2.0,4.0,3.0,4.0,5.0,3.0,2.0,mturk
477,3.0,3.0,5.0,5.0,3.0,3.0,3.0,5.0,5.0,2.0,5.0,5.0,1.0,3.0,5.0,5.0,5.0,3.0,5.0,5.0,1.0,4.0,3.0,3.0,5.0,3.0,5.0,3.0,5.0,5.0,3.0,1.0,4.0,5.0,5.0,5.0,1.0,3.0,5.0,5.0,4.0,5.0,5.0,5.0,4.0,4.0,4.0,4.0,3.0,4.0,5.0,1.0,1.0,3.0,3.0,5.0,3.0,5.0,5.0,5.0,4.0,mturk
478,3.0,3.0,2.0,2.0,4.0,3.0,4.0,4.0,2.0,1.0,1.0,1.0,1.0,1.0,3.0,2.0,1.0,1.0,5.0,4.0,1.0,3.0,3.0,4.0,3.0,2.0,4.0,4.0,4.0,3.0,2.0,1.0,4.0,4.0,5.0,2.0,1.0,2.0,1.0,1.0,4.0,1.0,1.0,1.0,4.0,3.0,1.0,1.0,2.0,4.0,1.0,2.0,1.0,2.0,3.0,2.0,3.0,1.0,5.0,1.0,4.0,mturk
479,4.0,4.0,2.0,4.0,5.0,4.0,5.0,5.0,4.0,1.0,5.0,5.0,5.0,2.0,1.0,1.0,5.0,5.0,5.0,5.0,1.0,5.0,5.0,5.0,1.0,5.0,5.0,4.0,5.0,4.0,5.0,1.0,5.0,5.0,5.0,4.0,1.0,1.0,1.0,5.0,4.0,5.0,5.0,1.0,5.0,1.0,1.0,3.0,2.0,4.0,5.0,4.0,1.0,4.0,1.0,4.0,3.0,5.0,5.0,4.0,5.0,mturk
480,4.0,4.0,4.0,4.0,5.0,4.0,5.0,5.0,5.0,3.0,4.0,2.0,1.0,3.0,4.0,3.0,4.0,2.0,4.0,4.0,1.0,4.0,5.0,5.0,4.0,3.0,4.0,3.0,5.0,4.0,4.0,1.0,4.0,3.0,4.0,4.0,3.0,1.0,1.0,4.0,4.0,2.0,3.0,4.0,3.0,3.0,2.0,3.0,5.0,3.0,4.0,4.0,1.0,4.0,4.0,4.0,3.0,5.0,4.0,4.0,3.0,mturk
481,1.0,1.0,2.0,1.0,2.0,1.0,2.0,4.0,4.0,2.0,1.0,1.0,1.0,2.0,2.0,2.0,1.0,1.0,4.0,2.0,1.0,2.0,2.0,2.0,2.0,2.0,2.0,1.0,1.0,2.0,1.0,4.0,4.0,4.0,4.0,5.0,1.0,2.0,1.0,2.0,4.0,2.0,2.0,2.0,4.0,4.0,2.0,3.0,2.0,2.0,1.0,4.0,2.0,1.0,1.0,1.0,3.0,2.0,3.0,4.0,4.0,mturk
482,2.0,4.0,2.0,3.0,4.0,2.0,3.0,4.0,4.0,3.0,2.0,2.0,3.0,2.0,4.0,3.0,2.0,3.0,2.0,4.0,1.0,3.0,4.0,4.0,4.0,3.0,3.0,4.0,1.0,3.0,4.0,1.0,4.0,1.0,3.0,3.0,4.0,1.0,1.0,3.0,4.0,2.0,2.0,2.0,2.0,3.0,3.0,2.0,2.0,3.0,2.0,3.0,1.0,2.0,3.0,2.0,3.0,2.0,1.0,2.0,4.0,mturk
483,1.0,1.0,1.0,1.0,3.0,1.0,3.0,1.0,1.0,1.0,3.0,3.0,1.0,1.0,2.0,1.0,2.0,3.0,3.0,4.0,1.0,1.0,1.0,2.0,1.0,1.0,3.0,1.0,1.0,1.0,1.0,1.0,2.0,5.0,3.0,2.0,1.0,2.0,1.0,3.0,4.0,3.0,3.0,2.0,1.0,2.0,1.0,1.0,1.0,2.0,4.0,2.0,1.0,1.0,2.0,1.0,3.0,1.0,1.0,2.0,3.0,mturk
484,1.0,1.0,3.0,3.0,5.0,1.0,3.0,4.0,4.0,1.0,1.0,1.0,1.0,3.0,4.0,4.0,1.0,1.0,1.0,4.0,1.0,4.0,4.0,4.0,2.0,2.0,1.0,4.0,1.0,3.0,2.0,1.0,4.0,1.0,3.0,3.0,1.0,1.0,1.0,1.0,4.0,1.0,1.0,3.0,2.0,5.0,2.0,2.0,1.0,4.0,1.0,1.0,1.0,1.0,5.0,2.0,3.0,1.0,1.0,1.0,5.0,mturk
485,4.0,4.0,4.0,4.0,4.0,4.0,4.0,4.0,4.0,4.0,4.0,4.0,4.0,4.0,4.0,4.0,4.0,4.0,4.0,4.0,1.0,3.0,3.0,4.0,3.0,4.0,4.0,3.0,4.0,3.0,3.0,3.0,3.0,4.0,3.0,3.0,3.0,4.0,1.0,3.0,4.0,4.0,4.0,4.0,4.0,4.0,4.0,4.0,4.0,4.0,4.0,4.0,1.0,4.0,4.0,4.0,3.0,4.0,4.0,4.0,4.0,mturk
486,3.0,3.0,4.0,3.0,5.0,5.0,5.0,3.0,2.0,1.0,3.0,3.0,3.0,1.0,4.0,4.0,3.0,3.0,3.0,4.0,1.0,5.0,5.0,5.0,3.0,2.0,5.0,2.0,5.0,3.0,1.0,1.0,3.0,3.0,3.0,3.0,1.0,3.0,1.0,3.0,4.0,2.0,3.0,3.0,4.0,3.0,4.0,3.0,4.0,4.0,3.0,1.0,1.0,4.0,1.0,4.0,3.0,5.0,5.0,3.0,5.0,mturk
487,4.0,5.0,4.0,5.0,5.0,4.0,5.0,4.0,4.0,5.0,3.0,5.0,1.0,5.0,5.0,5.0,5.0,3.0,5.0,5.0,1.0,5.0,4.0,4.0,5.0,4.0,4.0,3.0,1.0,5.0,5.0,2.0,4.0,5.0,5.0,5.0,4.0,5.0,2.0,5.0,4.0,5.0,5.0,2.0,4.0,3.0,4.0,5.0,5.0,5.0,5.0,2.0,1.0,5.0,5.0,4.0,3.0,4.0,1.0,5.0,3.0,mturk
488,5.0,4.0,4.0,3.0,4.0,4.0,2.0,4.0,5.0,4.0,3.0,4.0,4.0,5.0,5.0,3.0,5.0,3.0,4.0,3.0,1.0,4.0,5.0,4.0,3.0,4.0,5.0,5.0,3.0,5.0,4.0,3.0,4.0,5.0,3.0,3.0,4.0,4.0,4.0,4.0,4.0,5.0,3.0,4.0,3.0,4.0,2.0,5.0,5.0,3.0,2.0,4.0,4.0,3.0,4.0,3.0,3.0,4.0,4.0,4.0,5.0,mturk
489,2.0,4.0,4.0,4.0,4.0,2.0,4.0,2.0,4.0,4.0,2.0,2.0,2.0,4.0,2.0,4.0,2.0,2.0,2.0,4.0,1.0,4.0,4.0,4.0,4.0,4.0,4.0,4.0,2.0,2.0,4.0,2.0,4.0,4.0,4.0,4.0,2.0,4.0,2.0,2.0,4.0,2.0,4.0,4.0,4.0,4.0,4.0,2.0,2.0,4.0,2.0,2.0,2.0,2.0,2.0,2.0,3.0,2.0,2.0,4.0,4.0,mturk
490,2.0,3.0,3.0,2.0,4.0,2.0,4.0,3.0,3.0,2.0,2.0,1.0,1.0,2.0,4.0,2.0,2.0,2.0,4.0,4.0,1.0,4.0,3.0,3.0,2.0,2.0,3.0,1.0,2.0,2.0,2.0,1.0,3.0,3.0,4.0,4.0,2.0,1.0,1.0,1.0,4.0,1.0,2.0,1.0,4.0,3.0,4.0,2.0,3.0,3.0,1.0,4.0,1.0,2.0,4.0,2.0,3.0,4.0,3.0,3.0,2.0,mturk
491,4.0,4.0,5.0,5.0,4.0,4.0,5.0,5.0,5.0,4.0,5.0,5.0,1.0,4.0,5.0,5.0,5.0,5.0,5.0,4.0,1.0,4.0,4.0,5.0,4.0,5.0,5.0,2.0,5.0,5.0,4.0,1.0,5.0,5.0,5.0,4.0,3.0,5.0,1.0,5.0,4.0,5.0,5.0,2.0,5.0,4.0,4.0,5.0,4.0,5.0,5.0,4.0,1.0,4.0,4.0,5.0,3.0,5.0,5.0,5.0,4.0,mturk
492,1.0,1.0,3.0,1.0,2.0,2.0,3.0,3.0,2.0,2.0,1.0,1.0,1.0,2.0,2.0,1.0,1.0,1.0,3.0,3.0,1.0,2.0,4.0,3.0,2.0,1.0,3.0,2.0,4.0,2.0,1.0,2.0,2.0,1.0,3.0,2.0,2.0,2.0,2.0,1.0,4.0,1.0,2.0,1.0,3.0,3.0,3.0,3.0,2.0,2.0,2.0,2.0,1.0,2.0,2.0,2.0,3.0,4.0,4.0,4.0,3.0,mturk
493,4.0,2.0,3.0,4.0,4.0,4.0,4.0,4.0,4.0,3.0,2.0,2.0,2.0,3.0,4.0,4.0,2.0,2.0,5.0,4.0,1.0,4.0,4.0,4.0,4.0,3.0,4.0,3.0,1.0,3.0,2.0,1.0,4.0,4.0,4.0,3.0,2.0,3.0,1.0,2.0,4.0,3.0,2.0,4.0,4.0,4.0,3.0,4.0,3.0,4.0,2.0,2.0,1.0,4.0,2.0,4.0,3.0,3.0,3.0,4.0,4.0,mturk
494,2.0,3.0,4.0,5.0,3.0,4.0,3.0,4.0,4.0,2.0,5.0,5.0,3.0,5.0,5.0,5.0,5.0,5.0,4.0,5.0,1.0,4.0,3.0,3.0,3.0,3.0,4.0,1.0,5.0,5.0,4.0,1.0,1.0,5.0,4.0,5.0,3.0,5.0,1.0,5.0,4.0,5.0,5.0,4.0,4.0,5.0,3.0,5.0,4.0,5.0,5.0,1.0,1.0,4.0,1.0,4.0,3.0,5.0,5.0,5.0,4.0,mturk
495,4.0,2.0,4.0,4.0,5.0,4.0,4.0,4.0,4.0,2.0,3.0,3.0,3.0,2.0,4.0,4.0,3.0,5.0,5.0,4.0,1.0,4.0,4.0,4.0,1.0,1.0,4.0,4.0,1.0,4.0,1.0,1.0,4.0,4.0,4.0,4.0,4.0,1.0,1.0,3.0,4.0,1.0,5.0,1.0,3.0,5.0,4.0,1.0,4.0,4.0,3.0,1.0,1.0,5.0,5.0,4.0,3.0,5.0,3.0,4.0,3.0,mturk
496,2.0,4.0,4.0,4.0,4.0,2.0,2.0,4.0,4.0,4.0,4.0,4.0,1.0,2.0,3.0,4.0,4.0,5.0,2.0,4.0,1.0,3.0,2.0,4.0,2.0,4.0,2.0,2.0,2.0,4.0,3.0,4.0,4.0,4.0,4.0,4.0,2.0,4.0,4.0,4.0,4.0,4.0,5.0,3.0,4.0,3.0,4.0,4.0,4.0,4.0,4.0,4.0,4.0,2.0,5.0,2.0,3.0,2.0,3.0,4.0,4.0,mturk
497,1.0,2.0,1.0,1.0,3.0,2.0,4.0,4.0,3.0,3.0,1.0,1.0,1.0,1.0,1.0,3.0,1.0,1.0,2.0,5.0,1.0,3.0,3.0,2.0,1.0,5.0,3.0,1.0,1.0,1.0,3.0,1.0,1.0,1.0,1.0,4.0,1.0,1.0,1.0,1.0,4.0,1.0,1.0,1.0,3.0,3.0,1.0,3.0,1.0,4.0,1.0,5.0,1.0,1.0,1.0,3.0,3.0,1.0,1.0,1.0,2.0,mturk
498,3.0,4.0,4.0,5.0,4.0,3.0,4.0,4.0,4.0,2.0,2.0,1.0,1.0,3.0,5.0,4.0,1.0,1.0,5.0,5.0,1.0,3.0,4.0,4.0,2.0,3.0,4.0,2.0,4.0,3.0,3.0,1.0,4.0,4.0,4.0,4.0,3.0,1.0,1.0,1.0,4.0,1.0,1.0,1.0,4.0,3.0,3.0,3.0,2.0,3.0,1.0,2.0,1.0,3.0,4.0,3.0,3.0,4.0,5.0,4.0,4.0,mturk
499,3.0,2.0,2.0,4.0,2.0,2.0,4.0,4.0,4.0,2.0,4.0,1.0,1.0,2.0,4.0,2.0,1.0,4.0,4.0,4.0,1.0,3.0,2.0,2.0,2.0,2.0,4.0,1.0,1.0,4.0,2.0,2.0,4.0,3.0,4.0,4.0,1.0,3.0,1.0,1.0,4.0,1.0,2.0,2.0,2.0,2.0,3.0,3.0,2.0,2.0,1.0,4.0,4.0,3.0,4.0,4.0,3.0,4.0,1.0,2.0,2.0,mturk
500,3.0,4.0,4.0,4.0,4.0,4.0,4.0,4.0,3.0,3.0,4.0,4.0,2.0,3.0,4.0,4.0,4.0,3.0,4.0,4.0,1.0,3.0,4.0,4.0,4.0,3.0,5.0,2.0,1.0,4.0,3.0,2.0,3.0,5.0,4.0,5.0,1.0,3.0,1.0,4.0,4.0,3.0,5.0,3.0,4.0,4.0,4.0,4.0,4.0,4.0,4.0,2.0,3.0,4.0,3.0,4.0,3.0,5.0,4.0,5.0,3.0,mturk
501,2.0,4.0,4.0,4.0,4.0,2.0,4.0,4.0,2.0,4.0,3.0,3.0,3.0,4.0,2.0,4.0,3.0,3.0,3.0,2.0,1.0,4.0,4.0,4.0,2.0,4.0,4.0,2.0,4.0,2.0,4.0,2.0,5.0,3.0,4.0,5.0,1.0,2.0,1.0,3.0,4.0,3.0,3.0,4.0,5.0,2.0,2.0,2.0,2.0,4.0,1.0,4.0,2.0,2.0,4.0,1.0,3.0,2.0,4.0,4.0,4.0,mturk
502,1.0,3.0,4.0,4.0,2.0,1.0,3.0,4.0,4.0,2.0,5.0,5.0,5.0,3.0,4.0,3.0,5.0,5.0,3.0,4.0,1.0,3.0,2.0,1.0,1.0,1.0,5.0,1.0,1.0,3.0,2.0,1.0,3.0,5.0,5.0,3.0,1.0,5.0,1.0,5.0,4.0,5.0,5.0,5.0,2.0,4.0,3.0,3.0,3.0,3.0,5.0,2.0,1.0,2.0,1.0,3.0,3.0,1.0,1.0,5.0,1.0,mturk
503,1.0,3.0,2.0,3.0,2.0,2.0,4.0,4.0,4.0,4.0,4.0,4.0,3.0,2.0,2.0,2.0,4.0,4.0,3.0,4.0,1.0,4.0,3.0,3.0,3.0,2.0,2.0,1.0,1.0,1.0,2.0,2.0,4.0,4.0,3.0,4.0,1.0,4.0,3.0,4.0,4.0,4.0,4.0,4.0,2.0,4.0,3.0,1.0,2.0,3.0,5.0,4.0,3.0,2.0,3.0,2.0,3.0,3.0,2.0,4.0,4.0,mturk
504,1.0,5.0,1.0,1.0,5.0,1.0,4.0,4.0,4.0,4.0,1.0,1.0,1.0,4.0,1.0,1.0,1.0,1.0,1.0,3.0,1.0,4.0,3.0,5.0,4.0,3.0,3.0,3.0,1.0,3.0,4.0,1.0,5.0,1.0,1.0,3.0,1.0,1.0,1.0,1.0,4.0,1.0,1.0,1.0,3.0,3.0,1.0,4.0,3.0,4.0,1.0,1.0,1.0,1.0,3.0,1.0,3.0,1.0,4.0,1.0,4.0,mturk
505,3.0,3.0,4.0,5.0,3.0,3.0,5.0,4.0,4.0,2.0,3.0,3.0,3.0,3.0,5.0,5.0,3.0,3.0,4.0,5.0,1.0,5.0,4.0,3.0,3.0,3.0,4.0,2.0,1.0,3.0,2.0,1.0,5.0,4.0,4.0,3.0,1.0,3.0,1.0,3.0,4.0,4.0,3.0,5.0,5.0,3.0,3.0,3.0,3.0,4.0,3.0,2.0,1.0,2.0,5.0,4.0,3.0,1.0,1.0,5.0,4.0,mturk
506,3.0,4.0,4.0,4.0,5.0,4.0,4.0,5.0,4.0,4.0,3.0,4.0,2.0,4.0,4.0,4.0,3.0,3.0,4.0,5.0,1.0,4.0,4.0,4.0,3.0,4.0,5.0,3.0,2.0,4.0,3.0,2.0,4.0,2.0,3.0,4.0,3.0,2.0,1.0,1.0,4.0,1.0,2.0,2.0,4.0,3.0,3.0,2.0,2.0,4.0,3.0,3.0,2.0,4.0,4.0,4.0,3.0,4.0,4.0,3.0,2.0,mturk
507,2.0,2.0,2.0,2.0,4.0,2.0,4.0,4.0,2.0,2.0,4.0,4.0,2.0,2.0,2.0,2.0,4.0,2.0,4.0,4.0,1.0,2.0,4.0,2.0,2.0,2.0,2.0,2.0,4.0,2.0,4.0,2.0,2.0,4.0,4.0,4.0,2.0,2.0,2.0,4.0,4.0,4.0,2.0,4.0,4.0,2.0,2.0,2.0,2.0,2.0,4.0,4.0,2.0,4.0,2.0,4.0,3.0,4.0,4.0,2.0,2.0,mturk
508,4.0,1.0,1.0,1.0,4.0,1.0,4.0,5.0,4.0,2.0,3.0,3.0,3.0,3.0,1.0,1.0,3.0,3.0,3.0,4.0,1.0,4.0,3.0,4.0,1.0,1.0,4.0,2.0,4.0,4.0,2.0,1.0,1.0,3.0,4.0,2.0,1.0,3.0,1.0,3.0,4.0,3.0,3.0,5.0,4.0,4.0,1.0,4.0,1.0,4.0,3.0,2.0,3.0,3.0,4.0,4.0,3.0,5.0,4.0,1.0,4.0,mturk
509,3.0,4.0,4.0,4.0,4.0,3.0,5.0,5.0,5.0,5.0,1.0,1.0,1.0,4.0,5.0,4.0,1.0,1.0,5.0,5.0,1.0,5.0,3.0,4.0,4.0,5.0,5.0,4.0,5.0,4.0,2.0,5.0,1.0,5.0,5.0,5.0,1.0,1.0,1.0,1.0,4.0,1.0,1.0,1.0,4.0,1.0,5.0,3.0,4.0,5.0,3.0,5.0,1.0,4.0,3.0,5.0,3.0,5.0,5.0,4.0,3.0,mturk
510,4.0,5.0,4.0,4.0,5.0,5.0,5.0,5.0,4.0,3.0,1.0,1.0,1.0,3.0,4.0,4.0,1.0,1.0,5.0,5.0,1.0,4.0,4.0,5.0,3.0,3.0,4.0,3.0,5.0,4.0,3.0,1.0,4.0,5.0,4.0,4.0,3.0,1.0,1.0,1.0,4.0,1.0,1.0,5.0,4.0,5.0,1.0,4.0,3.0,4.0,1.0,1.0,1.0,4.0,4.0,5.0,3.0,5.0,5.0,3.0,5.0,mturk
511,3.0,3.0,4.0,4.0,4.0,3.0,4.0,3.0,3.0,3.0,3.0,4.0,2.0,3.0,4.0,4.0,3.0,3.0,3.0,4.0,1.0,4.0,4.0,4.0,3.0,2.0,4.0,2.0,3.0,3.0,4.0,3.0,4.0,3.0,4.0,4.0,3.0,1.0,1.0,4.0,4.0,5.0,4.0,2.0,4.0,3.0,3.0,2.0,3.0,4.0,4.0,4.0,1.0,4.0,3.0,3.0,3.0,3.0,3.0,3.0,3.0,mturk
512,3.0,4.0,4.0,4.0,3.0,3.0,3.0,4.0,4.0,3.0,4.0,3.0,3.0,4.0,4.0,4.0,4.0,3.0,5.0,4.0,1.0,4.0,4.0,4.0,4.0,3.0,4.0,3.0,5.0,4.0,4.0,2.0,4.0,5.0,3.0,5.0,3.0,3.0,2.0,4.0,4.0,3.0,3.0,2.0,5.0,3.0,3.0,3.0,3.0,4.0,4.0,4.0,1.0,3.0,3.0,4.0,3.0,5.0,4.0,3.0,3.0,mturk
513,4.0,3.0,4.0,3.0,4.0,4.0,4.0,4.0,3.0,2.0,4.0,4.0,4.0,5.0,4.0,4.0,4.0,3.0,4.0,4.0,1.0,4.0,4.0,4.0,4.0,4.0,5.0,4.0,4.0,4.0,5.0,4.0,4.0,5.0,4.0,3.0,4.0,4.0,3.0,5.0,4.0,4.0,3.0,4.0,4.0,3.0,4.0,4.0,4.0,4.0,3.0,4.0,4.0,3.0,4.0,4.0,3.0,4.0,3.0,4.0,4.0,mturk
514,4.0,4.0,4.0,4.0,4.0,4.0,4.0,4.0,4.0,1.0,4.0,1.0,1.0,3.0,4.0,2.0,2.0,2.0,5.0,4.0,1.0,5.0,4.0,4.0,4.0,5.0,4.0,2.0,5.0,4.0,2.0,1.0,5.0,2.0,4.0,4.0,1.0,1.0,1.0,1.0,4.0,2.0,1.0,1.0,4.0,2.0,4.0,2.0,2.0,4.0,1.0,5.0,1.0,3.0,4.0,2.0,3.0,4.0,4.0,2.0,1.0,mturk
515,1.0,5.0,5.0,3.0,5.0,3.0,5.0,1.0,1.0,1.0,1.0,1.0,1.0,1.0,1.0,4.0,1.0,1.0,5.0,5.0,1.0,5.0,5.0,5.0,3.0,4.0,4.0,4.0,1.0,1.0,2.0,1.0,5.0,1.0,4.0,4.0,3.0,1.0,1.0,1.0,4.0,1.0,1.0,1.0,4.0,2.0,3.0,4.0,4.0,5.0,1.0,1.0,1.0,3.0,4.0,1.0,3.0,1.0,1.0,2.0,5.0,mturk
516,5.0,2.0,1.0,5.0,4.0,5.0,4.0,5.0,5.0,1.0,5.0,5.0,1.0,3.0,1.0,1.0,5.0,5.0,5.0,5.0,1.0,5.0,4.0,5.0,5.0,2.0,5.0,5.0,4.0,5.0,2.0,1.0,5.0,5.0,5.0,2.0,3.0,5.0,1.0,5.0,4.0,5.0,5.0,5.0,5.0,4.0,5.0,5.0,3.0,1.0,5.0,1.0,1.0,5.0,1.0,5.0,3.0,5.0,5.0,5.0,5.0,mturk
517,4.0,3.0,4.0,3.0,4.0,3.0,4.0,3.0,3.0,3.0,4.0,4.0,3.0,2.0,4.0,3.0,4.0,4.0,4.0,4.0,1.0,4.0,4.0,4.0,3.0,4.0,4.0,3.0,3.0,3.0,3.0,2.0,3.0,3.0,3.0,3.0,2.0,4.0,1.0,4.0,4.0,4.0,2.0,1.0,3.0,2.0,2.0,3.0,3.0,3.0,4.0,3.0,2.0,3.0,4.0,3.0,3.0,4.0,4.0,3.0,2.0,mturk
518,2.0,3.0,2.0,3.0,4.0,2.0,4.0,4.0,4.0,1.0,1.0,1.0,1.0,2.0,2.0,3.0,1.0,1.0,5.0,4.0,1.0,3.0,3.0,4.0,2.0,1.0,4.0,2.0,1.0,2.0,1.0,1.0,4.0,1.0,4.0,4.0,1.0,1.0,1.0,1.0,4.0,1.0,1.0,1.0,3.0,1.0,2.0,4.0,1.0,3.0,1.0,5.0,1.0,2.0,4.0,2.0,3.0,1.0,1.0,2.0,1.0,mturk
519,3.0,4.0,4.0,4.0,5.0,4.0,4.0,4.0,4.0,2.0,4.0,4.0,4.0,3.0,4.0,4.0,4.0,4.0,3.0,5.0,1.0,4.0,4.0,5.0,4.0,4.0,4.0,3.0,5.0,4.0,4.0,2.0,4.0,4.0,4.0,4.0,4.0,4.0,2.0,4.0,4.0,4.0,4.0,3.0,4.0,3.0,3.0,3.0,3.0,4.0,4.0,2.0,3.0,4.0,4.0,4.0,3.0,4.0,4.0,4.0,4.0,mturk
520,2.0,4.0,4.0,4.0,4.0,3.0,4.0,4.0,3.0,4.0,2.0,2.0,4.0,4.0,4.0,4.0,2.0,3.0,3.0,4.0,1.0,4.0,4.0,4.0,3.0,3.0,3.0,3.0,4.0,3.0,3.0,3.0,3.0,4.0,3.0,4.0,3.0,3.0,2.0,3.0,4.0,3.0,3.0,2.0,3.0,3.0,3.0,3.0,2.0,4.0,4.0,3.0,2.0,2.0,3.0,4.0,3.0,3.0,2.0,4.0,2.0,mturk
521,2.0,2.0,4.0,1.0,3.0,1.0,5.0,3.0,2.0,1.0,1.0,1.0,1.0,2.0,4.0,4.0,1.0,1.0,1.0,4.0,1.0,3.0,3.0,4.0,2.0,2.0,3.0,2.0,1.0,2.0,2.0,1.0,3.0,5.0,1.0,4.0,2.0,1.0,1.0,1.0,4.0,1.0,1.0,1.0,1.0,4.0,1.0,2.0,3.0,2.0,1.0,3.0,1.0,2.0,4.0,3.0,3.0,1.0,1.0,1.0,2.0,mturk
522,2.0,5.0,5.0,4.0,5.0,2.0,5.0,5.0,4.0,5.0,5.0,3.0,2.0,2.0,5.0,5.0,3.0,4.0,4.0,4.0,1.0,5.0,4.0,5.0,3.0,4.0,5.0,1.0,2.0,4.0,4.0,2.0,5.0,4.0,2.0,5.0,2.0,3.0,2.0,3.0,4.0,4.0,3.0,4.0,5.0,4.0,2.0,1.0,2.0,4.0,2.0,4.0,4.0,3.0,5.0,2.0,3.0,5.0,5.0,4.0,4.0,mturk
523,2.0,4.0,3.0,4.0,4.0,2.0,4.0,4.0,2.0,4.0,1.0,1.0,1.0,3.0,5.0,2.0,1.0,2.0,4.0,5.0,1.0,4.0,5.0,5.0,3.0,3.0,3.0,2.0,4.0,3.0,3.0,1.0,4.0,3.0,1.0,4.0,2.0,1.0,1.0,1.0,4.0,1.0,1.0,1.0,3.0,1.0,2.0,3.0,2.0,4.0,1.0,4.0,1.0,3.0,5.0,3.0,3.0,3.0,3.0,2.0,2.0,mturk
524,3.0,2.0,4.0,4.0,4.0,4.0,4.0,4.0,5.0,3.0,2.0,3.0,2.0,3.0,4.0,4.0,3.0,4.0,4.0,4.0,1.0,4.0,4.0,5.0,2.0,4.0,4.0,4.0,1.0,3.0,3.0,1.0,4.0,1.0,3.0,5.0,3.0,1.0,1.0,1.0,4.0,1.0,1.0,1.0,4.0,1.0,3.0,4.0,3.0,4.0,1.0,1.0,1.0,4.0,4.0,4.0,3.0,3.0,3.0,3.0,1.0,mturk
525,4.0,1.0,4.0,4.0,4.0,4.0,4.0,4.0,4.0,5.0,4.0,4.0,5.0,2.0,4.0,4.0,5.0,5.0,5.0,4.0,1.0,4.0,4.0,2.0,2.0,2.0,4.0,1.0,5.0,4.0,2.0,1.0,4.0,2.0,4.0,4.0,1.0,3.0,1.0,5.0,4.0,5.0,5.0,1.0,4.0,4.0,2.0,1.0,2.0,4.0,4.0,1.0,1.0,3.0,5.0,4.0,3.0,5.0,5.0,3.0,1.0,mturk
526,4.0,4.0,4.0,4.0,4.0,4.0,4.0,4.0,4.0,2.0,4.0,1.0,2.0,4.0,4.0,4.0,1.0,3.0,4.0,4.0,1.0,4.0,4.0,4.0,4.0,4.0,4.0,2.0,3.0,4.0,4.0,1.0,4.0,3.0,2.0,4.0,3.0,2.0,1.0,1.0,4.0,3.0,1.0,3.0,4.0,4.0,2.0,4.0,5.0,5.0,2.0,2.0,1.0,5.0,5.0,4.0,3.0,4.0,4.0,2.0,4.0,mturk
527,2.0,2.0,2.0,4.0,4.0,4.0,4.0,4.0,4.0,2.0,5.0,5.0,1.0,2.0,2.0,2.0,5.0,5.0,5.0,4.0,1.0,2.0,2.0,2.0,2.0,2.0,2.0,2.0,1.0,2.0,2.0,1.0,2.0,2.0,5.0,2.0,2.0,5.0,2.0,5.0,4.0,2.0,5.0,5.0,2.0,2.0,2.0,2.0,2.0,2.0,5.0,2.0,2.0,2.0,2.0,2.0,3.0,2.0,2.0,2.0,2.0,mturk
528,1.0,1.0,1.0,1.0,1.0,1.0,3.0,3.0,3.0,1.0,3.0,3.0,1.0,1.0,1.0,1.0,3.0,3.0,3.0,1.0,1.0,2.0,3.0,1.0,1.0,1.0,3.0,1.0,1.0,5.0,1.0,1.0,3.0,1.0,1.0,1.0,1.0,1.0,1.0,3.0,4.0,3.0,3.0,2.0,3.0,1.0,1.0,1.0,1.0,1.0,3.0,3.0,1.0,3.0,3.0,3.0,3.0,3.0,3.0,1.0,2.0,mturk
529,2.0,4.0,4.0,4.0,4.0,4.0,4.0,4.0,4.0,4.0,4.0,2.0,3.0,2.0,4.0,4.0,4.0,2.0,2.0,4.0,1.0,4.0,4.0,4.0,4.0,4.0,4.0,2.0,5.0,4.0,4.0,2.0,4.0,4.0,4.0,4.0,2.0,4.0,2.0,3.0,4.0,4.0,3.0,2.0,4.0,2.0,2.0,2.0,2.0,4.0,4.0,4.0,1.0,2.0,4.0,4.0,3.0,4.0,4.0,2.0,2.0,mturk
530,2.0,3.0,4.0,4.0,3.0,2.0,4.0,4.0,4.0,2.0,3.0,2.0,1.0,2.0,4.0,4.0,3.0,2.0,3.0,4.0,1.0,3.0,4.0,4.0,2.0,2.0,4.0,2.0,1.0,2.0,2.0,4.0,4.0,3.0,4.0,3.0,2.0,1.0,1.0,2.0,4.0,3.0,4.0,2.0,2.0,3.0,1.0,1.0,2.0,4.0,2.0,4.0,3.0,2.0,4.0,2.0,3.0,1.0,1.0,2.0,2.0,mturk
531,1.0,2.0,4.0,2.0,2.0,1.0,4.0,4.0,4.0,1.0,4.0,1.0,1.0,2.0,2.0,2.0,2.0,2.0,3.0,4.0,1.0,2.0,4.0,4.0,2.0,2.0,4.0,2.0,5.0,4.0,1.0,1.0,4.0,4.0,5.0,2.0,1.0,2.0,1.0,1.0,4.0,1.0,3.0,1.0,4.0,4.0,4.0,1.0,1.0,2.0,1.0,4.0,1.0,1.0,2.0,4.0,3.0,3.0,4.0,2.0,2.0,mturk
532,4.0,4.0,4.0,1.0,5.0,3.0,4.0,4.0,4.0,3.0,4.0,5.0,4.0,2.0,4.0,3.0,4.0,4.0,4.0,4.0,1.0,4.0,4.0,4.0,4.0,4.0,4.0,4.0,4.0,4.0,4.0,4.0,4.0,4.0,4.0,4.0,4.0,4.0,4.0,4.0,4.0,4.0,4.0,4.0,4.0,4.0,4.0,4.0,4.0,4.0,4.0,4.0,4.0,4.0,4.0,4.0,3.0,4.0,4.0,4.0,4.0,mturk
533,1.0,1.0,1.0,1.0,1.0,1.0,1.0,1.0,1.0,1.0,1.0,1.0,1.0,1.0,1.0,1.0,1.0,1.0,1.0,1.0,1.0,1.0,1.0,1.0,1.0,1.0,1.0,1.0,1.0,1.0,1.0,1.0,1.0,1.0,1.0,1.0,1.0,1.0,1.0,1.0,4.0,1.0,1.0,1.0,1.0,5.0,1.0,1.0,1.0,1.0,1.0,3.0,1.0,1.0,1.0,1.0,3.0,1.0,1.0,1.0,1.0,mturk
534,4.0,4.0,4.0,4.0,4.0,4.0,4.0,4.0,4.0,2.0,4.0,2.0,4.0,4.0,4.0,4.0,4.0,3.0,4.0,4.0,1.0,4.0,4.0,4.0,4.0,4.0,4.0,2.0,4.0,4.0,4.0,4.0,2.0,4.0,4.0,4.0,2.0,2.0,1.0,4.0,4.0,2.0,4.0,2.0,4.0,2.0,4.0,4.0,4.0,4.0,4.0,4.0,2.0,4.0,4.0,4.0,3.0,4.0,4.0,4.0,2.0,mturk
535,3.0,3.0,4.0,4.0,5.0,4.0,4.0,3.0,4.0,2.0,2.0,3.0,3.0,3.0,4.0,4.0,3.0,3.0,4.0,4.0,1.0,4.0,4.0,5.0,3.0,4.0,4.0,5.0,4.0,4.0,4.0,4.0,3.0,3.0,4.0,3.0,4.0,2.0,3.0,3.0,4.0,3.0,3.0,2.0,4.0,3.0,3.0,4.0,4.0,4.0,3.0,4.0,2.0,4.0,4.0,3.0,3.0,4.0,4.0,4.0,4.0,mturk
536,4.0,2.0,2.0,2.0,2.0,2.0,3.0,1.0,2.0,1.0,1.0,2.0,1.0,2.0,2.0,2.0,2.0,1.0,4.0,2.0,2.0,4.0,1.0,2.0,1.0,1.0,4.0,1.0,1.0,2.0,1.0,1.0,5.0,2.0,2.0,4.0,2.0,1.0,2.0,1.0,4.0,1.0,1.0,1.0,2.0,1.0,4.0,3.0,2.0,2.0,1.0,4.0,1.0,3.0,4.0,1.0,3.0,2.0,4.0,4.0,4.0,mturk
537,5.0,4.0,5.0,4.0,5.0,5.0,5.0,5.0,4.0,2.0,5.0,4.0,2.0,4.0,5.0,5.0,5.0,4.0,5.0,5.0,1.0,5.0,5.0,5.0,5.0,5.0,5.0,5.0,5.0,5.0,4.0,1.0,5.0,5.0,5.0,5.0,5.0,5.0,1.0,2.0,4.0,5.0,3.0,5.0,5.0,5.0,5.0,5.0,3.0,5.0,5.0,1.0,1.0,5.0,5.0,5.0,3.0,5.0,5.0,5.0,3.0,mturk
538,4.0,5.0,5.0,5.0,5.0,5.0,5.0,5.0,5.0,5.0,5.0,5.0,1.0,1.0,5.0,5.0,5.0,5.0,5.0,5.0,1.0,4.0,5.0,5.0,3.0,4.0,4.0,5.0,2.0,4.0,5.0,3.0,5.0,5.0,4.0,2.0,4.0,1.0,1.0,5.0,4.0,5.0,5.0,3.0,5.0,5.0,2.0,5.0,1.0,5.0,5.0,1.0,1.0,3.0,5.0,5.0,3.0,5.0,5.0,1.0,5.0,mturk
539,3.0,3.0,3.0,2.0,3.0,2.0,3.0,5.0,3.0,3.0,4.0,3.0,4.0,3.0,3.0,4.0,3.0,3.0,4.0,4.0,1.0,4.0,4.0,5.0,4.0,5.0,4.0,4.0,3.0,4.0,3.0,3.0,4.0,3.0,4.0,5.0,3.0,3.0,3.0,3.0,4.0,3.0,2.0,1.0,4.0,3.0,4.0,3.0,3.0,3.0,3.0,4.0,2.0,3.0,4.0,4.0,3.0,4.0,5.0,4.0,3.0,mturk
540,4.0,3.0,3.0,4.0,4.0,4.0,4.0,4.0,4.0,2.0,5.0,5.0,1.0,4.0,2.0,4.0,5.0,5.0,5.0,4.0,1.0,5.0,4.0,5.0,4.0,4.0,5.0,2.0,5.0,4.0,3.0,1.0,3.0,5.0,5.0,4.0,2.0,4.0,1.0,5.0,4.0,4.0,4.0,2.0,5.0,2.0,5.0,4.0,2.0,4.0,5.0,5.0,4.0,4.0,3.0,5.0,3.0,5.0,5.0,4.0,1.0,mturk
541,4.0,2.0,4.0,5.0,4.0,2.0,5.0,5.0,4.0,1.0,4.0,5.0,3.0,2.0,5.0,4.0,4.0,4.0,5.0,5.0,1.0,5.0,4.0,4.0,2.0,4.0,4.0,1.0,1.0,4.0,4.0,2.0,4.0,4.0,5.0,4.0,1.0,2.0,1.0,5.0,4.0,4.0,5.0,1.0,4.0,1.0,2.0,4.0,2.0,4.0,5.0,5.0,2.0,4.0,4.0,5.0,3.0,5.0,5.0,4.0,2.0,mturk
542,1.0,2.0,4.0,4.0,4.0,3.0,3.0,4.0,2.0,2.0,1.0,1.0,1.0,2.0,5.0,4.0,1.0,1.0,1.0,4.0,1.0,4.0,3.0,4.0,3.0,2.0,2.0,1.0,1.0,2.0,2.0,1.0,2.0,1.0,4.0,5.0,1.0,1.0,1.0,1.0,4.0,1.0,1.0,2.0,2.0,5.0,3.0,4.0,1.0,4.0,1.0,4.0,1.0,2.0,1.0,2.0,3.0,3.0,3.0,4.0,4.0,mturk
543,2.0,3.0,4.0,4.0,4.0,1.0,4.0,4.0,4.0,1.0,4.0,3.0,2.0,1.0,5.0,4.0,3.0,3.0,3.0,4.0,1.0,4.0,2.0,4.0,4.0,1.0,3.0,1.0,1.0,1.0,1.0,1.0,4.0,2.0,4.0,3.0,2.0,2.0,1.0,3.0,4.0,4.0,3.0,2.0,4.0,2.0,4.0,3.0,1.0,4.0,3.0,5.0,1.0,2.0,3.0,3.0,3.0,1.0,1.0,4.0,1.0,mturk
544,4.0,4.0,4.0,5.0,4.0,3.0,5.0,4.0,4.0,3.0,4.0,5.0,5.0,3.0,4.0,4.0,5.0,4.0,5.0,4.0,1.0,4.0,3.0,4.0,3.0,4.0,5.0,2.0,4.0,4.0,3.0,4.0,5.0,5.0,3.0,4.0,4.0,5.0,3.0,5.0,4.0,5.0,4.0,1.0,5.0,2.0,3.0,5.0,4.0,4.0,5.0,5.0,2.0,4.0,5.0,5.0,3.0,4.0,5.0,4.0,2.0,mturk
545,2.0,1.0,2.0,4.0,5.0,2.0,3.0,3.0,2.0,2.0,1.0,1.0,1.0,2.0,4.0,2.0,1.0,1.0,1.0,4.0,1.0,5.0,2.0,2.0,2.0,1.0,4.0,2.0,1.0,1.0,1.0,1.0,3.0,1.0,2.0,3.0,1.0,1.0,1.0,1.0,4.0,1.0,1.0,1.0,4.0,5.0,2.0,4.0,1.0,2.0,1.0,2.0,1.0,1.0,3.0,1.0,3.0,1.0,1.0,1.0,2.0,mturk
546,4.0,4.0,4.0,4.0,5.0,4.0,5.0,4.0,4.0,1.0,1.0,1.0,1.0,1.0,4.0,4.0,1.0,1.0,4.0,4.0,1.0,4.0,5.0,5.0,4.0,2.0,4.0,1.0,4.0,4.0,3.0,4.0,4.0,1.0,1.0,4.0,3.0,1.0,3.0,1.0,4.0,1.0,1.0,1.0,4.0,1.0,1.0,1.0,4.0,5.0,1.0,1.0,1.0,4.0,5.0,5.0,3.0,5.0,4.0,5.0,5.0,mturk
547,4.0,3.0,3.0,3.0,4.0,3.0,5.0,5.0,4.0,3.0,1.0,1.0,1.0,3.0,4.0,4.0,1.0,1.0,4.0,5.0,1.0,3.0,3.0,5.0,1.0,1.0,1.0,1.0,4.0,3.0,3.0,1.0,1.0,1.0,1.0,2.0,1.0,1.0,1.0,1.0,4.0,1.0,1.0,1.0,4.0,2.0,1.0,4.0,3.0,4.0,1.0,1.0,1.0,3.0,3.0,1.0,3.0,5.0,5.0,2.0,2.0,mturk
548,4.0,4.0,4.0,5.0,5.0,4.0,5.0,5.0,5.0,3.0,4.0,1.0,2.0,3.0,5.0,5.0,1.0,1.0,5.0,5.0,1.0,4.0,4.0,5.0,3.0,5.0,5.0,4.0,5.0,4.0,3.0,1.0,4.0,4.0,3.0,5.0,2.0,1.0,1.0,1.0,4.0,1.0,1.0,3.0,5.0,5.0,4.0,4.0,4.0,4.0,1.0,2.0,1.0,4.0,2.0,4.0,3.0,5.0,5.0,5.0,5.0,mturk
549,3.0,4.0,3.0,3.0,3.0,3.0,3.0,3.0,4.0,3.0,4.0,4.0,3.0,3.0,3.0,3.0,3.0,3.0,3.0,4.0,1.0,4.0,4.0,3.0,4.0,4.0,3.0,4.0,3.0,3.0,3.0,1.0,1.0,4.0,3.0,4.0,4.0,3.0,1.0,3.0,4.0,4.0,4.0,4.0,3.0,3.0,4.0,2.0,2.0,4.0,3.0,2.0,3.0,3.0,2.0,4.0,3.0,4.0,4.0,2.0,2.0,mturk
550,5.0,3.0,3.0,5.0,5.0,5.0,5.0,5.0,5.0,1.0,5.0,5.0,1.0,3.0,3.0,3.0,5.0,5.0,5.0,5.0,1.0,3.0,4.0,4.0,4.0,5.0,5.0,4.0,5.0,3.0,3.0,1.0,4.0,4.0,5.0,5.0,3.0,5.0,1.0,5.0,4.0,5.0,5.0,5.0,5.0,5.0,4.0,3.0,3.0,5.0,5.0,1.0,1.0,4.0,1.0,4.0,3.0,4.0,5.0,3.0,5.0,mturk
551,5.0,5.0,5.0,5.0,5.0,4.0,5.0,5.0,5.0,5.0,5.0,5.0,1.0,5.0,5.0,5.0,5.0,5.0,5.0,5.0,1.0,5.0,5.0,5.0,5.0,5.0,5.0,2.0,1.0,5.0,4.0,1.0,2.0,5.0,5.0,5.0,5.0,5.0,1.0,5.0,4.0,5.0,5.0,1.0,5.0,2.0,5.0,5.0,2.0,5.0,5.0,4.0,1.0,2.0,5.0,4.0,3.0,1.0,1.0,5.0,2.0,mturk
552,3.0,3.0,3.0,3.0,3.0,3.0,4.0,3.0,3.0,2.0,4.0,4.0,2.0,3.0,4.0,3.0,4.0,3.0,4.0,4.0,1.0,3.0,4.0,3.0,3.0,3.0,4.0,2.0,4.0,3.0,3.0,2.0,3.0,4.0,4.0,3.0,3.0,3.0,2.0,4.0,4.0,4.0,4.0,3.0,4.0,4.0,3.0,4.0,3.0,4.0,4.0,2.0,3.0,3.0,3.0,4.0,3.0,4.0,4.0,3.0,3.0,mturk
553,4.0,4.0,4.0,3.0,3.0,3.0,4.0,5.0,3.0,4.0,3.0,4.0,3.0,4.0,3.0,2.0,2.0,3.0,4.0,4.0,1.0,3.0,3.0,4.0,5.0,3.0,2.0,3.0,3.0,4.0,3.0,2.0,3.0,5.0,4.0,4.0,3.0,3.0,4.0,3.0,4.0,3.0,2.0,3.0,2.0,4.0,3.0,4.0,4.0,4.0,3.0,2.0,4.0,4.0,3.0,5.0,3.0,3.0,5.0,3.0,3.0,mturk
554,2.0,2.0,2.0,2.0,2.0,2.0,4.0,3.0,2.0,2.0,3.0,4.0,3.0,2.0,2.0,2.0,5.0,4.0,4.0,4.0,1.0,3.0,3.0,2.0,4.0,2.0,4.0,2.0,2.0,2.0,2.0,2.0,3.0,3.0,3.0,2.0,1.0,2.0,2.0,4.0,4.0,4.0,4.0,2.0,2.0,3.0,2.0,2.0,2.0,2.0,4.0,4.0,2.0,2.0,2.0,2.0,3.0,2.0,2.0,3.0,2.0,mturk
555,4.0,4.0,4.0,5.0,5.0,5.0,5.0,5.0,4.0,4.0,5.0,5.0,3.0,4.0,4.0,4.0,5.0,5.0,5.0,5.0,1.0,4.0,4.0,4.0,4.0,4.0,5.0,3.0,5.0,5.0,4.0,1.0,2.0,5.0,4.0,4.0,3.0,4.0,1.0,5.0,4.0,5.0,5.0,5.0,5.0,5.0,4.0,4.0,4.0,4.0,5.0,1.0,4.0,4.0,3.0,5.0,3.0,5.0,5.0,5.0,5.0,mturk
556,4.0,5.0,4.0,4.0,5.0,4.0,4.0,4.0,4.0,4.0,4.0,5.0,2.0,5.0,4.0,4.0,5.0,4.0,5.0,5.0,1.0,5.0,4.0,5.0,4.0,4.0,4.0,2.0,3.0,4.0,5.0,1.0,4.0,4.0,4.0,4.0,4.0,2.0,1.0,5.0,4.0,5.0,5.0,2.0,4.0,2.0,4.0,2.0,4.0,4.0,5.0,5.0,1.0,4.0,5.0,4.0,3.0,4.0,4.0,4.0,2.0,mturk
557,4.0,3.0,3.0,3.0,4.0,4.0,4.0,4.0,4.0,3.0,4.0,4.0,2.0,3.0,3.0,3.0,4.0,4.0,4.0,4.0,1.0,4.0,4.0,4.0,4.0,3.0,4.0,2.0,4.0,4.0,2.0,2.0,4.0,4.0,4.0,4.0,2.0,2.0,2.0,4.0,4.0,4.0,4.0,4.0,4.0,4.0,4.0,2.0,3.0,4.0,4.0,2.0,2.0,2.0,4.0,4.0,3.0,4.0,4.0,4.0,4.0,mturk
