"StartDate","EndDate","Status","IPAddress","Progress","Duration (in seconds)","Finished","RecordedDate","ResponseId","RecipientLastName","RecipientFirstName","RecipientEmail","ExternalReference","LocationLatitude","LocationLongitude","DistributionChannel","UserLanguage","Q8","Q9_First Click","Q9_Last Click","Q9_Page Submit","Q9_Click Count","Q14","Q10_First Click","Q10_Last Click","Q10_Page Submit","Q10_Click Count","Q11_First Click","Q11_Last Click","Q11_Page Submit","Q11_Click Count","Q12_First Click","Q12_Last Click","Q12_Page Submit","Q12_Click Count","V97","V98","V99","V100","where","Q2_1","Q2_2","Q2_3","Q2_4","Q2_5","Q2_6","Q2_7","Q2_8","Q2_9","Q2_10","Q2_11","Q2_12","Q2_13","Q2_14","Q2_15","Q2_16","Q2_17","Q2_18","Q2_19","Q2_20","Q2_21","Q4_1","Q4_2","Q4_3","Q4_4","Q4_5","Q4_6","Q4_7","Q4_8","Q4_9","Q4_10","Q4_11","Q4_12","Q4_13","Q4_14","Q4_15","Q4_16","Q4_17","Q4_18","Q4_19","Q4_20","Q5_1","Q5_2","Q5_3","Q5_4","Q5_5","Q5_6","Q5_7","Q5_8","Q5_9","Q5_10","Q5_11","Q5_12","Q5_13","Q5_14","Q5_15","Q5_16","Q5_17","Q5_18","Q5_19","Q5_20","totalbad","totalbadUP"
"2/28/18 12:05","2/28/18 12:06",0,NA,100,76,1,"2/28/18 12:06","R_ywiR9kyh2DAS72p",NA,NA,NA,NA,NA,NA,"anonymous","EN",1,1.984,1.984,5.878,1,35,0.416,13.216,14.925,22,0.4,13.776,14.9,22,1.254,22.453,25.442,22,NA,NA,NA,NA,"mturk",4,4,2,3,5,4,4,3,3,3,4,2,5,4,2,4,4,5,2,3,1,4,2,4,2,3,4,5,3,2,2,4,5,1,4,2,3,5,5,3,4,3,4,2,3,3,2,3,5,5,4,4,5,5,4,2,3,3,4,4,4,7,3
"2/28/18 12:15","2/28/18 12:22",0,NA,100,433,1,"2/28/18 12:22","R_e420RXKbG6Otz9L",NA,NA,NA,NA,NA,NA,"anonymous","EN",1,7.676,48.747,51.112,9,48,9.788,118.116,120.467,23,3.962,107.513,108.505,23,6.706,128.681,130.879,23,NA,NA,NA,NA,"mturk",4,1,1,1,4,1,2,4,4,1,3,1,3,1,1,1,3,1,1,5,1,4,2,2,1,4,4,2,5,4,1,1,2,4,4,4,1,2,1,2,4,2,2,3,4,1,1,1,1,1,3,1,1,1,1,4,3,4,5,1,1,3,0
"2/28/18 12:20","2/28/18 12:23",0,NA,100,174,1,"2/28/18 12:23","R_9vRF0aijnyVwBlD",NA,NA,NA,NA,NA,NA,"anonymous","EN",1,4.435,4.435,5.958,1,23,10.919,53.339,54.993,23,3.539,40.215,41.632,21,5.453,32.527,33.624,20,NA,NA,NA,NA,"mturk",3,3,2,2,4,3,4,3,4,2,2,1,1,3,2,2,1,1,4,3,1,3,4,4,1,3,4,1,3,2,3,2,3,2,3,4,1,2,1,1,4,1,1,1,2,2,2,1,2,2,1,3,1,2,4,2,3,3,3,1,2,8,3
"2/28/18 12:22","2/28/18 12:29",0,NA,100,436,1,"2/28/18 12:29","R_1dzUBlxVcjxTPQ0",NA,NA,NA,NA,NA,NA,"anonymous","EN",1,2.674,2.674,5.045,1,28,4.002,98.726,99.999,27,25.34,219.322,220.438,25,4.391,87.989,91.789,20,NA,NA,NA,NA,"mturk",1,3,3,3,4,2,4,3,3,3,3,1,1,3,3,3,1,2,3,3,1,4,3,4,3,3,3,2,1,3,3,1,4,3,3,3,1,1,1,1,4,1,1,1,3,1,1,3,3,3,1,3,1,2,3,3,3,1,1,2,4,3,0
"2/28/18 12:26","2/28/18 12:32",0,NA,100,396,1,"2/28/18 12:32","R_2qecHD9t8RfXvIa",NA,NA,NA,NA,NA,NA,"anonymous","EN",1,74.464,76.891,78.916,4,21,2.801,37.163,38.674,27,2.118,32.811,34.78,27,7.399,217.218,218.49,27,NA,NA,NA,NA,"mturk",3,5,4,4,4,3,4,4,4,3,4,5,4,5,3,4,4,3,5,4,1,4,5,4,3,5,4,4,3,4,5,4,3,4,4,4,3,4,4,3,4,4,3,3,4,3,3,4,4,3,4,3,4,3,3,4,3,4,4,4,4,3,2
"2/28/18 12:40","2/28/18 12:44",0,NA,100,244,1,"2/28/18 12:44","R_2TviMp9MBzhQiLQ",NA,NA,NA,NA,NA,NA,"anonymous","EN",1,3.167,3.167,4.827,1,23,3.089,58.393,59.694,23,3.662,64.665,66.41,23,2.793,81.741,82.964,26,NA,NA,NA,NA,"mturk",4,4,4,4,5,4,4,5,4,3,3,4,3,3,4,4,4,4,5,5,1,4,4,5,4,4,4,1,4,4,4,2,5,3,3,4,3,4,1,4,4,5,3,3,4,2,3,4,4,4,3,4,2,4,3,4,3,4,4,4,2,5,2
"2/28/18 13:37","2/28/18 13:38",0,NA,100,100,1,"2/28/18 13:38","R_zd0IWvca7aEAQUx",NA,NA,NA,NA,NA,NA,"anonymous","EN",1,3.217,6.893,7.755,7,35,5.797,26.719,31.113,58,0.68,22.937,23.647,53,0.791,20.059,20.726,53,NA,NA,NA,NA,"mturk",1,1,1,1,1,1,1,1,1,1,1,1,1,1,1,1,1,1,1,1,1,1,1,1,1,1,1,1,1,1,1,1,1,1,1,1,2,1,1,1,4,1,1,1,1,1,1,1,1,1,1,1,1,1,1,1,3,1,1,2,1,3,3
"2/28/18 13:37","2/28/18 13:41",0,NA,100,261,1,"2/28/18 13:41","R_eb109CaBxZN6cOl",NA,NA,NA,NA,NA,NA,"anonymous","EN",1,13.629,13.629,16.577,1,39,4.285,70.958,73.449,25,3.723,74.451,76.745,20,4.311,67.489,68.674,21,NA,NA,NA,NA,"mturk",5,4,4,5,5,5,4,4,3,2,2,5,4,4,3,5,5,5,5,5,1,3,5,5,3,5,5,4,5,4,1,1,5,4,5,5,1,5,1,5,4,5,5,5,5,5,1,3,4,3,5,1,3,5,1,5,3,5,5,5,5,6,2
"2/28/18 13:36","2/28/18 13:41",0,NA,100,274,1,"2/28/18 13:41","R_Cm3xW8pmNXe4eeB",NA,NA,NA,NA,NA,NA,"anonymous","EN",1,3.416,24.968,26.894,3,33,4.993,88.046,89.332,23,4.754,69.631,71.027,23,1.894,62.447,63.599,23,NA,NA,NA,NA,"mturk",5,4,4,5,4,4,5,4,4,2,4,5,2,3,4,5,4,4,5,4,1,4,4,5,4,2,4,1,1,4,2,1,4,4,5,4,1,1,1,5,4,5,4,4,2,5,1,1,2,3,5,2,1,3,2,5,3,4,4,4,4,6,2
"2/28/18 13:37","2/28/18 13:42",0,NA,100,302,1,"2/28/18 13:42","R_2OTNFC52xp00cCm",NA,NA,NA,NA,NA,NA,"anonymous","EN",1,7.267,7.267,10.569,1,39,4.849,81.337,83.278,24,3.681,80.799,83.219,29,10.261,92.702,102.745,27,NA,NA,NA,NA,"mturk",1,1,1,1,1,1,3,2,2,1,4,4,1,1,4,2,4,3,1,2,1,2,1,1,4,1,1,1,1,1,1,2,5,4,3,2,1,4,1,4,4,2,4,2,4,5,1,1,1,1,4,5,4,1,3,2,3,1,3,1,4,5,0
"2/28/18 13:39","2/28/18 13:53",0,NA,100,833,1,"2/28/18 13:53","R_2w0GkMhmVpKOHUn",NA,NA,NA,NA,NA,NA,"anonymous","EN",1,23.821,26.629,33.94,2,59,9.965,562.572,564.7,26,20.518,100.538,102.459,21,24.453,110,112.172,21,NA,NA,NA,NA,"mturk",5,4,4,2,4,2,4,4,4,3,2,2,1,1,4,2,2,2,4,5,1,3,4,4,1,1,1,2,5,2,2,4,2,2,4,2,1,2,1,2,4,4,2,1,4,1,1,2,1,2,2,5,2,2,2,4,3,1,4,3,1,5,0
"2/28/18 14:08","2/28/18 14:20",0,NA,100,712,1,"2/28/18 14:20","R_vUcwIwX2PLp8v73",NA,NA,NA,NA,NA,NA,"anonymous","EN",1,381.522,381.522,403.7,1,28,0,0,83.075,0,0,0,80.242,0,37.492,103.332,105.187,22,NA,NA,NA,NA,"mturk",3,4,5,4,3,3,3,4,4,3,3,4,1,3,4,4,5,4,4,4,2,4,3,3,3,4,4,2,3,4,4,3,3,3,5,5,3,3,3,4,4,4,4,3,4,2,3,4,4,4,3,3,3,3,3,2,3,3,3,4,3,5,3
"2/28/18 14:22","2/28/18 14:29",0,NA,100,409,1,"2/28/18 14:29","R_uxgCouTyEmNxtvz",NA,NA,NA,NA,NA,NA,"anonymous","EN",1,4.618,5.198,6.386,3,27,29.013,115.328,118.011,36,26.269,112.921,113.28,39,1.754,157.366,158.418,42,NA,NA,NA,NA,"mturk",1,3,4,2,4,3,5,5,4,1,5,5,5,2,4,4,5,5,5,4,1,4,4,5,5,4,4,2,4,4,2,2,5,4,5,4,2,5,5,5,4,5,5,5,4,5,4,3,4,4,5,1,5,4,5,4,3,5,4,5,4,4,0
"2/28/18 15:27","2/28/18 15:34",0,NA,100,431,1,"2/28/18 15:34","R_22RB00GNElrCcSD",NA,NA,NA,NA,NA,NA,"anonymous","EN",1,8.434,8.434,11.15,1,29,2.065,75.423,76.6,31,5.311,238.748,239.763,31,7.97,87.361,88.657,34,NA,NA,NA,NA,"mturk",3,3,3,3,3,1,3,5,4,1,1,1,1,1,2,4,1,1,5,5,1,1,3,3,3,5,5,1,1,4,3,1,1,4,5,5,1,1,1,1,4,5,1,1,5,1,4,5,2,3,1,2,1,3,3,4,3,5,5,3,1,5,1
"2/28/18 15:29","2/28/18 15:36",0,NA,100,418,1,"2/28/18 15:36","R_3GAPHEsdxmPULai",NA,NA,NA,NA,NA,NA,"anonymous","EN",1,8.278,8.278,11.191,1,36,15.787,114.228,115.99,33,13.185,133.6,135.345,28,6.238,124.716,126.674,34,NA,NA,NA,NA,"mturk",1,2,3,1,4,1,1,1,1,1,1,1,1,3,4,4,1,1,3,2,1,3,3,3,2,4,3,3,1,2,2,1,3,3,4,3,1,1,1,1,4,1,1,1,4,4,2,4,2,3,1,1,1,1,4,1,3,1,1,3,3,3,0
"2/28/18 15:35","2/28/18 15:37",0,NA,100,126,1,"2/28/18 15:37","R_3LdVBiLGSn3iUW2",NA,NA,NA,NA,NA,NA,"anonymous","EN",1,3.576,3.576,5.337,1,29,2.58,22.848,24.325,21,2.004,24.862,26.036,20,1.159,24.446,25.525,21,NA,NA,NA,NA,"mturk",4,2,3,3,5,3,5,2,1,3,4,4,4,4,2,3,4,4,2,5,1,2,4,5,2,5,3,4,5,2,4,1,4,5,4,3,4,5,2,3,4,2,5,1,4,4,4,3,4,5,2,4,3,2,5,3,3,3,4,5,4,8,3
"2/28/18 15:48","2/28/18 15:52",0,NA,100,216,1,"2/28/18 15:52","R_1jCeRZoSV8M54B0",NA,NA,NA,NA,NA,NA,"anonymous","EN",1,4.771,4.771,13.446,1,31,3.584,60.237,62.005,22,2.903,46.866,49.248,24,8.062,63.338,65.701,21,NA,NA,NA,NA,"mturk",3,1,1,1,2,1,3,3,3,1,1,1,1,1,1,2,2,1,3,1,1,1,1,1,1,1,1,1,1,1,1,1,3,3,1,3,1,1,1,1,4,1,1,1,1,3,1,1,1,1,1,4,1,1,1,2,3,1,1,1,1,4,3
"2/28/18 16:08","2/28/18 16:11",0,NA,100,174,1,"2/28/18 16:11","R_2CH8T3itAw8M1ND",NA,NA,NA,NA,NA,NA,"anonymous","EN",1,5.387,8.063,9.702,3,27,1.981,34.382,35.88,27,2.989,31.931,32.921,27,1.847,22.911,23.515,24,NA,NA,NA,NA,"mturk",4,4,4,4,4,3,3,5,4,3,2,4,2,4,3,4,4,4,4,4,1,5,4,5,5,4,4,4,4,5,5,4,4,4,4,5,4,1,4,5,4,4,5,4,4,5,3,4,4,5,5,5,5,4,4,4,3,5,4,5,3,5,3
"2/28/18 16:28","2/28/18 16:32",0,NA,100,244,1,"2/28/18 16:32","R_1f6MVLsViM9hpwb",NA,NA,NA,NA,NA,NA,"anonymous","EN",1,4.873,4.873,8.097,1,34,5.215,78.184,81.81,25,4.397,68.602,69.685,25,3.247,59.823,62.008,20,NA,NA,NA,NA,"mturk",4,5,5,5,5,5,5,5,5,3,5,5,4,4,5,5,5,5,5,5,1,5,5,5,4,5,5,1,5,4,2,2,5,5,5,5,2,2,1,5,4,5,5,4,5,1,3,5,5,5,5,4,4,4,4,5,3,5,5,5,4,6,2
"2/28/18 16:27","2/28/18 16:32",0,NA,100,246,1,"2/28/18 16:32","R_3p3AT9p3M7jagcQ",NA,NA,NA,NA,NA,NA,"anonymous","EN",1,3.792,5.679,7.51,2,50,3.447,69.862,70.833,23,5.721,65.991,67.304,21,5.722,79.28,80.516,22,NA,NA,NA,NA,"mturk",4,4,4,5,4,4,4,4,4,2,4,5,1,2,5,4,5,5,5,4,1,4,4,4,4,4,4,4,4,4,4,1,4,4,4,5,2,4,2,5,4,4,5,4,4,5,2,3,2,4,5,4,2,4,4,4,3,4,4,4,4,6,2
"2/28/18 16:28","2/28/18 16:33",0,NA,100,314,1,"2/28/18 16:33","R_3LZTOALYj3rj8UE",NA,NA,NA,NA,NA,NA,"anonymous","EN",1,61.615,61.615,67.363,1,28,9.429,75.213,77.735,23,5.385,63.98,82.081,23,2.565,49.888,54.483,22,NA,NA,NA,NA,"mturk",5,4,3,4,3,4,4,4,3,3,4,4,3,5,4,3,3,5,3,3,2,4,4,3,3,4,4,3,5,4,3,4,3,4,4,4,3,3,3,4,4,3,3,3,4,5,5,4,3,4,3,4,4,4,3,4,3,5,4,4,4,4,3
"2/28/18 16:47","2/28/18 16:52",0,NA,100,312,1,"2/28/18 16:52","R_D2UuGjMlNqdJYmR",NA,NA,NA,NA,NA,NA,"anonymous","EN",1,3.975,6.479,8.611,3,32,2.976,73.453,75.132,27,6.072,94.982,96.199,27,5.013,104.711,106.779,24,NA,NA,NA,NA,"mturk",4,5,4,4,5,4,4,4,4,3,4,4,3,4,4,4,4,4,4,4,1,4,4,5,4,4,4,2,3,4,4,2,2,4,4,3,2,4,2,4,4,4,4,4,4,2,3,2,4,4,4,4,2,4,4,4,3,3,3,4,2,3,1
"2/28/18 16:28","2/28/18 16:58",0,NA,100,1780,1,"2/28/18 16:58","R_xtkXFrd8RPH0vdL",NA,NA,NA,NA,NA,NA,"anonymous","EN",1,2.437,2.437,3.827,1,26,8.407,55.782,56.472,26,12.962,326.654,327.548,20,150.413,193.789,195.095,22,NA,NA,NA,NA,"mturk",2,2,2,4,4,2,5,4,4,2,2,2,1,2,2,2,2,2,4,4,1,2,4,4,2,2,4,1,3,2,2,1,5,2,4,5,2,2,1,2,4,2,2,4,2,4,2,1,2,2,2,2,1,2,4,4,3,4,3,2,4,4,1
"2/28/18 16:57","2/28/18 17:01",0,NA,100,248,1,"2/28/18 17:01","R_BtczKn8HO3QaMcF",NA,NA,NA,NA,NA,NA,"anonymous","EN",1,1.6,1.6,3.291,1,30,5.912,39.892,41.826,21,6.565,76.01,79.664,43,30.699,108.235,109.809,41,NA,NA,NA,NA,"mturk",1,1,1,1,1,1,1,1,1,1,1,1,1,1,1,1,1,1,1,1,1,2,2,1,2,2,2,1,1,1,1,1,1,3,3,1,2,1,1,1,4,2,1,1,1,2,1,1,1,1,1,3,1,1,2,1,3,2,1,1,2,2,1
"2/28/18 18:00","2/28/18 18:05",0,NA,100,269,1,"2/28/18 18:05","R_r2UB8zwFqkjLMGZ",NA,NA,NA,NA,NA,NA,"anonymous","EN",1,23.624,23.624,25.529,1,28,2.395,165.3,172.23,27,0.353,19.535,21.215,20,0.433,21.466,24.713,22,NA,NA,NA,NA,"mturk",3,4,3,4,2,4,5,4,4,4,3,3,5,3,1,3,4,4,3,4,1,1,2,4,3,2,2,3,3,1,2,4,3,4,4,2,2,5,1,3,4,3,3,3,4,4,5,3,3,4,4,4,2,5,4,2,3,2,2,3,5,6,2
"2/28/18 17:59","2/28/18 18:05",0,NA,100,355,1,"2/28/18 18:05","R_2qlcpyFZ8QHpFUH",NA,NA,NA,NA,NA,NA,"anonymous","EN",1,5.552,5.552,7.454,1,61,2.066,61.025,61.959,27,4.661,69.892,70.994,26,112.279,191.264,192.538,24,NA,NA,NA,NA,"mturk",3,4,4,4,3,3,3,4,4,2,4,3,1,3,4,4,4,3,4,5,1,4,4,4,3,2,4,2,4,4,3,2,4,3,3,3,3,2,2,3,4,4,4,3,4,4,3,4,2,4,4,2,3,3,3,3,3,4,4,4,4,4,2
"2/28/18 17:59","2/28/18 18:08",0,NA,100,512,1,"2/28/18 18:08","R_SPiqNcBKDKhkH5f",NA,NA,NA,NA,NA,NA,"anonymous","EN",1,39.054,39.054,42.418,1,42,3.952,120.084,121.914,23,11.122,158.864,161.74,23,14.44,127.364,130.531,20,NA,NA,NA,NA,"mturk",3,3,3,3,3,2,4,4,4,2,3,5,1,2,2,2,5,5,5,2,1,4,4,5,3,4,3,4,4,5,3,2,4,5,5,5,2,1,1,5,4,4,5,4,4,4,3,3,3,3,5,1,1,3,2,4,3,3,4,3,4,5,0
"2/28/18 18:08","2/28/18 18:14",0,NA,100,348,1,"2/28/18 18:14","R_3k5tgsT6NzObKtb",NA,NA,NA,NA,NA,NA,"anonymous","EN",1,1.854,6.757,7.882,6,64,4.264,67.912,69.258,44,65.359,141.265,142.728,42,6.806,97.348,99.576,43,NA,NA,NA,NA,"mturk",5,5,5,5,5,5,5,5,5,5,5,5,5,5,5,5,5,5,5,5,1,5,5,5,4,5,5,4,5,5,5,5,5,5,5,4,1,5,1,5,4,5,5,5,5,5,1,5,5,5,5,5,5,5,4,5,3,5,5,5,3,2,1
"2/28/18 18:10","2/28/18 18:16",0,NA,100,409,1,"2/28/18 18:16","R_1MQI84oqcikIDWV",NA,NA,NA,NA,NA,NA,"anonymous","EN",1,6.339,6.339,8.131,1,23,18.874,114.594,116.541,32,11.638,80.245,82.769,22,49.212,178.229,179.645,45,NA,NA,NA,NA,"mturk",4,1,1,1,1,1,3,1,1,1,4,4,1,1,1,1,4,1,5,1,1,1,1,1,1,1,4,1,1,1,1,1,1,1,1,1,1,1,1,4,4,1,1,4,1,1,1,1,1,1,4,5,1,1,1,1,3,1,1,3,1,2,0
"2/28/18 18:26","2/28/18 18:34",0,NA,100,484,1,"2/28/18 18:34","R_1JOUB6NlVg3ZwN2",NA,NA,NA,NA,NA,NA,"anonymous","EN",1,19.183,22.977,27.477,2,39,5.945,103.038,104.325,22,20.49,124.458,125.884,20,15.983,161.342,162.315,22,NA,NA,NA,NA,"mturk",2,1,1,2,2,2,2,4,4,1,3,3,5,1,1,1,3,3,5,4,1,1,2,3,2,2,2,1,4,2,2,5,2,4,4,2,2,2,1,4,4,3,3,3,4,1,4,2,2,2,3,4,1,2,2,2,3,4,5,4,4,4,0
"2/28/18 18:35","2/28/18 18:40",0,NA,100,272,1,"2/28/18 18:40","R_2e3cuPX9oDs3RCx",NA,NA,NA,NA,NA,NA,"anonymous","EN",1,11.142,11.142,16.34,1,68,5.416,82.785,84.377,26,3.057,80.866,82.804,26,2.254,67.397,68.904,33,NA,NA,NA,NA,"mturk",3,4,3,5,4,4,4,4,4,4,5,5,1,3,3,3,5,5,4,4,1,4,3,4,4,4,4,3,5,4,3,1,4,5,5,4,2,5,1,5,4,5,5,5,4,5,3,4,3,4,5,1,1,3,3,5,3,4,5,5,5,6,1
"2/28/18 18:52","2/28/18 18:56",0,NA,100,248,1,"2/28/18 18:56","R_1I3E4CrtUw6r3rt",NA,NA,NA,NA,NA,NA,"anonymous","EN",1,3.446,3.446,5.623,1,35,4.227,71.442,72.405,23,3.534,86.134,88.48,21,4.793,66.088,66.844,20,NA,NA,NA,NA,"mturk",5,3,4,4,5,5,5,3,4,3,5,5,3,3,1,2,5,1,5,3,1,4,3,4,1,5,5,1,5,5,1,1,3,5,5,5,4,3,1,5,4,1,1,1,4,1,3,3,2,5,3,5,1,5,1,5,3,5,5,5,1,7,2
"2/28/18 19:02","2/28/18 19:07",0,NA,100,278,1,"2/28/18 19:07","R_yND2wCrbLXXTOEh",NA,NA,NA,NA,NA,NA,"anonymous","EN",1,1.584,11.725,13.201,6,54,2.68,70.87,72.135,44,5.156,92.765,93.878,49,3.329,71.175,72.619,43,NA,NA,NA,NA,"mturk",4,2,4,4,4,4,4,4,4,2,3,4,2,2,4,4,4,4,4,4,1,4,4,4,4,4,5,1,4,4,2,2,2,4,4,4,2,2,2,5,4,4,4,4,4,2,2,2,4,4,4,4,2,3,4,4,3,4,4,4,2,4,2
"2/28/18 19:03","2/28/18 19:07",0,NA,100,246,1,"2/28/18 19:07","R_2fvou4VLDREQkh7",NA,NA,NA,NA,NA,NA,"anonymous","EN",1,6.555,6.555,34.792,1,30,2.323,43.496,45.153,21,1.969,73.348,90.954,23,1.632,36.785,52.398,23,NA,NA,NA,NA,"mturk",4,5,5,4,5,4,4,3,5,4,3,4,4,4,3,3,4,5,5,5,1,3,4,4,4,3,5,4,3,5,5,5,4,4,5,3,4,3,5,4,4,5,4,4,3,4,5,5,4,3,4,4,3,5,4,3,3,4,5,4,5,3,2
"2/28/18 19:03","2/28/18 19:08",0,NA,100,335,1,"2/28/18 19:08","R_23TsAS2fGjOshC9",NA,NA,NA,NA,NA,NA,"anonymous","EN",1,2.147,6.264,8.275,6,60,8.341,134.855,136.414,53,5.627,79.517,81.025,52,3.48,81.444,84.971,56,NA,NA,NA,NA,"mturk",1,1,2,4,4,1,3,2,3,4,1,1,1,1,2,1,1,1,4,4,1,3,1,3,1,1,1,4,4,1,1,1,1,1,4,1,1,1,1,1,1,1,1,1,2,1,2,1,1,4,4,1,1,4,1,2,1,4,4,4,1,4,2
"2/28/18 19:08","2/28/18 19:10",0,NA,100,156,1,"2/28/18 19:10","R_1OJKnxEalkYJ0eK",NA,NA,NA,NA,NA,NA,"anonymous","EN",1,5.147,7.332,7.375,2,29,2.808,41.891,44.604,22,1.934,42.094,45.074,28,2.294,36.872,38.747,25,NA,NA,NA,NA,"mturk",4,5,5,4,4,3,3,4,4,3,3,5,4,3,4,4,3,4,4,3,1,4,3,4,3,5,5,3,4,3,5,4,3,4,4,3,4,3,3,3,4,4,4,4,3,3,4,4,5,4,5,3,3,5,5,4,3,4,4,5,3,4,3
"2/28/18 19:15","2/28/18 19:19",0,NA,100,276,1,"2/28/18 19:19","R_1qe748wpdnJJtvy",NA,NA,NA,NA,NA,NA,"anonymous","EN",1,5.203,5.203,14.854,1,48,3.547,72.605,73.863,30,14.254,85.055,87.621,21,3.204,82.856,83.8,20,NA,NA,NA,NA,"mturk",4,4,1,2,4,4,3,4,4,1,4,2,3,2,2,4,4,2,5,4,1,5,1,2,1,4,4,1,4,4,2,1,1,1,1,2,1,4,1,3,4,1,4,1,1,3,1,4,1,2,3,4,1,3,1,4,3,4,4,4,1,6,1
"2/28/18 19:14","2/28/18 19:25",0,NA,100,646,1,"2/28/18 19:25","R_DpLdDA0WpJTr4pb",NA,NA,NA,NA,NA,NA,"anonymous","EN",1,48.094,50.651,52.996,2,32,34.484,290.442,292.025,37,9.311,114.71,116.709,31,3.46,138.658,141.455,38,NA,NA,NA,NA,"mturk",2,2,2,4,4,3,4,3,3,2,1,1,1,1,2,1,1,1,5,4,1,2,3,4,2,4,4,2,1,2,2,1,4,3,5,4,1,1,1,3,4,2,1,4,4,4,2,2,2,2,1,1,1,3,2,3,3,4,3,4,4,6,0
"2/28/18 19:25","2/28/18 19:30",0,NA,100,319,1,"2/28/18 19:30","R_2zUB1j5PPaaXZ7I",NA,NA,NA,NA,NA,NA,"anonymous","EN",1,6.976,6.976,10.08,1,33,117.964,142.707,146.074,24,1.239,36.314,39.229,22,15.067,81.41,82.759,26,NA,NA,NA,NA,"mturk",3,3,2,2,2,3,4,3,4,2,2,3,4,2,3,5,2,2,4,2,1,4,5,3,4,4,3,5,3,4,2,1,2,4,5,2,3,2,1,3,4,5,5,2,2,1,2,3,4,4,2,2,1,5,4,1,3,3,3,4,4,5,1
"2/28/18 19:33","2/28/18 19:37",0,NA,100,278,1,"2/28/18 19:37","R_2Vm3fQtG8xnAgFa",NA,NA,NA,NA,NA,NA,"anonymous","EN",1,3.241,3.241,5.58,1,30,4.03,104.241,106.833,28,3.057,53.172,59.794,29,4.115,73.589,84.279,33,NA,NA,NA,NA,"mturk",4,4,4,4,5,3,4,4,4,3,4,3,4,4,4,4,4,4,5,4,1,4,4,4,3,3,4,3,4,4,4,1,4,3,4,4,2,3,1,4,4,4,4,2,4,4,4,3,4,4,3,2,1,4,5,4,3,5,3,4,4,4,1
"2/28/18 19:37","2/28/18 19:41",0,NA,100,272,1,"2/28/18 19:41","R_2OMRfeHEyKlpFh3",NA,NA,NA,NA,NA,NA,"anonymous","EN",1,16.395,17.553,19.141,2,51,2.308,84.196,85.517,28,2.676,65.916,68.342,25,9.197,70.909,71.883,26,NA,NA,NA,NA,"mturk",4,2,4,3,5,5,4,5,4,2,2,2,1,2,4,4,3,3,5,5,1,5,4,5,2,4,4,2,3,4,2,1,5,3,4,4,1,2,1,3,4,2,5,3,5,4,3,4,2,4,3,1,1,4,1,4,3,4,5,4,5,7,2
"2/28/18 20:04","2/28/18 20:08",0,NA,100,192,1,"2/28/18 20:08","R_1K9ZqwbCU6XoRLr",NA,NA,NA,NA,NA,NA,"anonymous","EN",1,1.313,3.915,5.286,5,27,1.947,55.854,55.996,74,2.159,55.179,56.765,70,1.68,58.573,58.668,66,NA,NA,NA,NA,"mturk",2,2,4,4,1,1,3,3,3,2,1,1,1,1,4,3,1,2,4,3,1,3,2,1,1,2,3,1,1,3,1,1,4,4,4,4,1,1,1,1,4,2,2,4,4,5,4,3,4,3,1,2,2,2,5,3,3,4,4,4,5,8,3
"2/28/18 20:05","2/28/18 20:08",0,NA,100,196,1,"2/28/18 20:08","R_2PbSwWwr1OxpLOY",NA,NA,NA,NA,NA,NA,"anonymous","EN",1,15.236,15.236,17.591,1,38,6.02,47.505,49.746,23,5.153,46.477,48.726,25,4.565,51.272,52.938,23,NA,NA,NA,NA,"mturk",3,3,3,3,4,4,3,3,3,3,4,3,3,3,3,4,4,3,3,3,1,4,3,3,3,3,3,3,4,3,3,3,3,3,3,3,3,3,2,3,4,3,3,2,3,2,3,4,3,4,3,3,2,3,3,3,3,3,3,3,3,3,3
"2/28/18 20:04","2/28/18 20:09",0,NA,100,276,1,"2/28/18 20:09","R_2SkrJsYvH2UgpmA",NA,NA,NA,NA,NA,NA,"anonymous","EN",1,1.477,1.477,3.844,1,33,2,76.784,78.945,30,3.655,76.409,79.824,27,13.918,97.93,100.179,34,NA,NA,NA,NA,"mturk",1,2,2,1,2,1,4,3,3,1,1,1,1,2,1,2,1,1,4,2,1,3,4,3,2,1,2,1,1,2,2,1,4,1,2,1,1,1,1,1,4,1,1,1,4,1,2,3,2,2,1,5,1,2,2,2,3,2,3,3,4,4,1
"2/28/18 20:04","2/28/18 20:11",0,NA,100,382,1,"2/28/18 20:11","R_3QDdXQPaBEZzIBB",NA,NA,NA,NA,NA,NA,"anonymous","EN",1,4.536,37.584,50.499,6,67,4.194,97.514,99.034,25,4.278,102.582,107.672,24,3.767,88.159,89.634,24,NA,NA,NA,NA,"mturk",2,1,2,1,1,1,2,2,2,2,4,4,2,3,4,1,4,4,5,2,1,2,1,1,2,2,4,1,2,3,1,1,1,4,4,1,1,4,1,4,4,1,4,2,1,2,1,1,1,1,5,4,1,1,1,2,3,2,4,1,1,5,0
"2/28/18 20:04","2/28/18 20:13",0,NA,100,523,1,"2/28/18 20:13","R_2TsBOOQe4L8SMwy",NA,NA,NA,NA,NA,NA,"anonymous","EN",1,5.224,8.965,10.096,5,26,21.07,261.691,264.658,84,6.341,145.193,145.62,80,3.286,76.895,78.29,60,NA,NA,NA,NA,"mturk",3,3,4,2,4,4,3,3,4,2,2,3,2,2,3,2,3,1,3,4,2,3,3,4,3,2,3,2,2,2,2,3,4,3,3,3,2,2,2,4,4,3,3,2,3,3,3,2,2,4,3,5,2,2,3,3,3,4,3,2,1,4,1
"2/28/18 20:18","2/28/18 20:20",0,NA,100,149,1,"2/28/18 20:20","R_qRBt70dQv2UzuRH",NA,NA,NA,NA,NA,NA,"anonymous","EN",1,4.496,4.496,8.524,1,35,3.948,33.362,34.332,22,9.761,53.519,58.424,21,3.976,27.542,28.663,22,NA,NA,NA,NA,"mturk",5,5,4,5,3,4,4,4,4,1,3,3,3,4,5,5,5,1,5,2,1,5,5,5,4,5,5,5,4,4,5,5,5,5,5,5,5,1,3,5,4,5,1,5,5,3,5,4,5,5,5,3,1,4,5,5,3,5,4,3,5,7,3
"2/28/18 21:08","2/28/18 21:11",0,NA,100,164,1,"2/28/18 21:11","R_WiYGS5sd0xtgOop",NA,NA,NA,NA,NA,NA,"anonymous","EN",1,4.116,4.644,7.478,2,31,2.676,29.378,32.883,22,1.47,40.675,42.617,22,3.688,54.935,56.935,24,NA,NA,NA,NA,"mturk",2,3,3,4,3,2,3,3,3,3,3,3,3,2,3,3,4,1,3,3,1,1,3,3,1,1,1,1,4,2,1,3,2,3,2,2,3,3,1,1,4,3,1,3,2,3,2,4,2,3,3,3,1,4,3,3,3,3,4,3,5,7,3
"2/28/18 21:08","2/28/18 21:11",0,NA,100,214,1,"2/28/18 21:11","R_2wdjxLB7uxKOVmW",NA,NA,NA,NA,NA,NA,"anonymous","EN",1,1.659,14.522,16.497,12,20,3.657,50.732,56.154,75,2.407,52.567,54.064,101,0.483,56.363,58.623,88,NA,NA,NA,NA,"mturk",3,4,2,1,4,3,4,2,3,2,2,2,3,2,2,2,2,2,2,3,1,4,4,4,1,3,1,4,1,3,1,1,5,1,1,1,1,2,2,1,4,2,3,2,2,3,2,2,3,4,2,2,2,3,2,2,3,4,4,2,2,6,3
"2/28/18 21:07","2/28/18 21:12",0,NA,100,286,1,"2/28/18 21:12","R_ai0x0jYfcb0RvXz",NA,NA,NA,NA,NA,NA,"anonymous","EN",1,5.757,15.496,17.085,3,41,9.156,76.761,80.957,22,3.446,93.193,94.262,23,5.111,67.211,74.517,21,NA,NA,NA,NA,"mturk",3,4,4,4,5,4,4,5,5,4,4,4,1,3,4,4,4,4,4,5,1,4,5,5,1,4,5,2,4,4,3,1,5,5,5,4,1,4,1,4,4,4,4,4,5,5,3,5,3,5,4,1,1,4,2,4,3,5,3,4,5,5,0
"2/28/18 21:07","2/28/18 21:15",0,NA,100,476,1,"2/28/18 21:15","R_4JGMQUWsJpgrlQJ",NA,NA,NA,NA,NA,NA,"anonymous","EN",1,1.093,5.983,6.051,4,35,9.017,63.82,63.896,68,0.405,79.512,82.529,70,0.806,61.916,61.988,59,NA,NA,NA,NA,"mturk",4,4,4,4,5,4,4,4,4,4,4,3,3,4,4,4,4,3,5,4,1,4,4,5,4,4,4,2,5,4,4,1,4,4,4,4,5,2,1,3,4,2,3,2,4,2,4,4,4,4,4,4,2,4,4,4,3,5,4,4,2,5,2
"2/28/18 21:13","2/28/18 21:19",0,NA,100,390,1,"2/28/18 21:19","R_3PZzW7H9sguldrb",NA,NA,NA,NA,NA,NA,"anonymous","EN",1,19.575,19.575,21.666,1,35,6.025,115.35,117.869,28,4.709,114.441,116.016,28,10.088,108.108,110.86,23,NA,NA,NA,NA,"mturk",1,4,3,3,5,4,4,3,3,1,1,1,1,1,1,1,1,1,3,4,1,3,4,5,4,5,3,3,3,1,1,1,2,1,3,3,3,1,1,1,4,1,1,1,4,5,5,3,3,4,3,1,1,4,5,3,3,1,3,1,5,5,0
"2/28/18 21:28","2/28/18 21:34",0,NA,100,371,1,"2/28/18 21:34","R_73QlplIdef68Qud",NA,NA,NA,NA,NA,NA,"anonymous","EN",1,59.672,59.672,61.422,1,33,49.073,96.41,103.441,22,10.566,98.08,99.272,27,10.277,78.806,79.85,26,NA,NA,NA,NA,"mturk",5,5,5,5,5,5,5,5,5,4,5,5,3,4,5,5,5,5,5,5,1,5,5,5,5,5,5,3,5,5,5,3,4,5,5,5,5,5,3,5,4,5,5,5,5,5,5,1,5,5,5,2,3,5,5,5,3,5,5,5,5,2,0
"2/28/18 21:59","2/28/18 22:03",0,NA,100,268,1,"2/28/18 22:03","R_tSN94vv4nMhU0KJ",NA,NA,NA,NA,NA,NA,"anonymous","EN",1,3.318,3.318,6.194,1,35,19.678,91.695,92.822,25,6.571,85.645,88.225,22,10.41,64.425,66.042,27,NA,NA,NA,NA,"mturk",2,3,3,2,4,3,4,2,3,3,2,3,3,3,5,5,3,3,3,3,1,3,3,2,3,3,4,2,3,2,3,1,3,1,4,2,3,3,1,3,4,4,4,3,3,1,3,3,3,3,3,3,1,3,3,3,3,2,3,3,1,4,1
"2/28/18 22:14","2/28/18 22:17",0,NA,100,182,1,"2/28/18 22:17","R_11WSPpUoAvFUODt",NA,NA,NA,NA,NA,NA,"anonymous","EN",1,2.879,2.879,4.921,1,56,6.871,50.11,51.342,22,8.46,68.618,70.916,37,3.001,32.257,34.613,22,NA,NA,NA,NA,"mturk",4,2,3,3,4,4,4,3,1,1,1,1,1,2,3,3,1,1,5,5,1,4,5,5,5,5,4,4,5,1,2,1,5,3,5,3,1,1,1,1,4,1,1,1,4,1,1,4,2,2,1,1,1,4,1,4,3,4,4,1,1,8,3
"2/28/18 22:16","2/28/18 22:21",0,NA,100,335,1,"2/28/18 22:21","R_23ZAHkCX8tCW29d",NA,NA,NA,NA,NA,NA,"anonymous","EN",1,4.406,4.406,10.825,1,21,5.238,74.949,78.7,25,3.231,61.259,62.617,20,3.156,155.042,156.954,20,NA,NA,NA,NA,"mturk",3,5,5,5,5,5,5,4,5,2,4,1,2,2,5,5,1,3,5,4,1,4,5,5,2,2,5,1,1,4,2,1,5,4,5,5,1,4,1,1,4,1,1,4,5,5,3,3,3,5,1,5,1,4,5,2,3,4,4,5,2,8,2
"2/28/18 22:14","2/28/18 22:22",0,NA,100,424,1,"2/28/18 22:22","R_3RfkrCjj2RnMmON",NA,NA,NA,NA,NA,NA,"anonymous","EN",1,13.765,32.776,37.106,3,58,5.112,111.03,112.272,29,2.779,106.662,108.316,26,9.533,126.325,128.668,25,NA,NA,NA,NA,"mturk",3,1,4,2,2,2,4,1,2,2,5,5,1,2,2,2,5,5,4,2,1,3,3,3,3,1,4,1,4,1,2,3,1,5,5,4,1,5,3,5,4,5,5,2,4,5,2,4,2,4,5,4,1,2,2,3,3,1,4,2,4,4,0
"2/28/18 22:22","2/28/18 22:27",0,NA,100,272,1,"2/28/18 22:27","R_z0WPOhvZOmMyNCV",NA,NA,NA,NA,NA,NA,"anonymous","EN",1,8.748,8.748,10.839,1,52,3.529,81.032,83.136,24,3.657,69.346,70.456,22,6.16,80.176,82.039,22,NA,NA,NA,NA,"mturk",2,5,2,2,5,1,4,1,4,1,5,5,5,2,1,2,5,5,5,2,1,3,4,5,4,1,4,5,4,1,2,1,5,4,5,5,1,1,1,5,4,5,2,5,4,1,3,1,1,1,4,5,5,2,1,4,3,4,2,2,2,7,1
"2/28/18 22:25","2/28/18 22:31",0,NA,100,329,1,"2/28/18 22:31","R_2pQNcZhGahHzC0i",NA,NA,NA,NA,NA,NA,"anonymous","EN",1,7.723,7.723,24.359,1,35,4.264,39.048,85.119,25,5.377,65.873,87.424,25,3.709,90.735,109.365,23,NA,NA,NA,NA,"mturk",4,3,4,4,3,3,2,3,4,2,4,3,2,3,3,3,4,3,4,3,1,4,3,4,2,4,4,2,4,3,2,3,2,3,4,3,3,4,1,2,5,5,1,4,3,1,3,2,4,2,4,3,3,4,4,3,3,3,3,4,4,4,1
"2/28/18 22:27","2/28/18 22:31",0,NA,100,284,1,"2/28/18 22:31","R_3rbyTyKNlCweToB",NA,NA,NA,NA,NA,NA,"anonymous","EN",1,4.271,4.271,6.411,1,31,5.258,83.787,86.068,26,10.553,97.143,99.352,26,3.232,70.401,72.513,28,NA,NA,NA,NA,"mturk",2,4,4,4,4,4,2,3,3,2,1,1,1,2,3,4,1,1,4,4,1,3,4,5,4,3,2,3,4,3,2,1,4,4,4,3,3,1,1,1,4,3,1,1,4,4,4,3,3,4,1,4,1,4,4,4,3,4,5,4,3,6,1
"2/28/18 22:29","2/28/18 22:34",0,NA,100,288,1,"2/28/18 22:34","R_2YKBrNu1ifuxm3A",NA,NA,NA,NA,NA,NA,"anonymous","EN",1,66.197,67.142,68.118,2,24,0.775,13.625,14.281,28,55.1,73.747,74.525,33,7.578,37.541,38.197,28,NA,NA,NA,NA,"mturk",4,4,4,4,4,4,3,3,3,4,4,3,4,4,4,4,4,3,4,4,1,2,3,3,3,4,4,4,4,4,4,2,4,4,4,4,4,4,4,4,4,2,3,2,4,2,4,2,4,4,4,4,2,4,4,4,3,4,4,4,2,2,2
"2/28/18 22:36","2/28/18 22:41",0,NA,100,263,1,"2/28/18 22:41","R_Pv5UW6IgiYpgJvr",NA,NA,NA,NA,NA,NA,"anonymous","EN",1,4.51,4.51,6.195,1,29,26.618,71.386,74.133,25,2.464,47.611,55.55,31,0.118,99.98,101.946,21,NA,NA,NA,NA,"mturk",3,3,3,3,2,4,4,4,4,4,5,4,3,2,4,3,4,5,5,3,1,5,3,5,4,2,4,5,4,4,5,4,5,3,4,3,5,4,4,4,4,3,3,5,5,5,4,3,4,3,3,4,4,4,5,2,3,4,4,3,4,5,2
"2/28/18 22:27","2/28/18 23:02",0,NA,100,2108,1,"2/28/18 23:02","R_Cf3ikQAh2GIw3MR",NA,NA,NA,NA,NA,NA,"anonymous","EN",1,17.998,17.998,22.617,1,33,1985.655,2008.356,2013.32,24,8.165,25.091,26.328,22,3.54,19.06,19.771,20,NA,NA,NA,NA,"mturk",4,3,4,3,5,4,3,4,4,4,4,4,4,3,5,4,3,2,4,3,1,3,4,4,3,3,4,4,1,4,4,5,3,4,4,4,5,3,5,3,4,3,4,4,3,4,5,4,4,2,5,2,2,4,3,3,3,4,3,3,2,5,2
"2/28/18 23:17","2/28/18 23:19",0,NA,100,156,1,"2/28/18 23:19","R_3ERKajP3Gaisjbn",NA,NA,NA,NA,NA,NA,"anonymous","EN",1,4.677,4.677,7.546,1,30,9.825,54.191,55.475,28,13.326,33.269,37.101,21,3.508,37.756,39.421,26,NA,NA,NA,NA,"mturk",5,5,5,5,5,5,5,5,5,5,5,5,1,5,5,5,5,5,5,5,1,5,5,5,5,5,5,5,5,4,5,5,5,5,5,5,5,5,5,5,4,5,5,5,5,5,5,5,5,5,5,5,1,5,5,5,3,5,5,5,5,3,3
"2/28/18 23:17","2/28/18 23:21",0,NA,100,233,1,"2/28/18 23:21","R_AGa0brMFhHXaGkx",NA,NA,NA,NA,NA,NA,"anonymous","EN",1,4.085,7.826,9.446,3,45,3.797,47.645,50.886,24,6.432,75.642,77.263,25,4.068,66.52,67.736,24,NA,NA,NA,NA,"mturk",5,5,5,5,5,5,5,5,5,4,5,5,3,5,5,5,5,5,5,5,1,5,5,5,3,5,5,2,5,5,4,2,4,5,4,5,3,5,1,5,4,5,5,4,4,4,3,5,5,5,5,3,1,5,4,5,3,5,5,5,4,5,2
"2/28/18 23:18","2/28/18 23:22",0,NA,100,222,1,"2/28/18 23:22","R_1Iz3pAooNqg0GE0",NA,NA,NA,NA,NA,NA,"anonymous","EN",1,2.717,2.717,6.16,1,35,3.969,63.038,64.645,47,4.377,65.188,66.625,48,4.32,66.855,66.882,57,NA,NA,NA,NA,"mturk",3,3,4,4,4,4,4,4,4,3,1,1,1,3,4,4,1,1,5,5,1,4,4,4,3,4,5,1,5,3,2,1,4,3,1,5,2,1,1,1,4,1,1,1,5,3,3,3,3,4,1,1,1,5,4,4,3,5,5,3,5,8,3
"2/28/18 23:18","2/28/18 23:22",0,NA,100,254,1,"2/28/18 23:22","R_2bNsuoGMKG3YvT3",NA,NA,NA,NA,NA,NA,"anonymous","EN",1,6.618,6.618,8.968,1,30,6.519,77.785,79.012,26,3.321,72.49,77.994,25,4.888,51.569,65.919,21,NA,NA,NA,NA,"mturk",4,5,4,4,4,4,4,5,5,4,5,5,5,4,5,5,4,5,4,4,1,4,5,5,5,5,5,4,4,5,4,4,4,4,5,5,4,4,4,5,4,4,4,5,5,5,5,4,5,4,5,4,4,5,4,4,3,5,5,4,4,3,2
"2/28/18 23:21","2/28/18 23:27",0,NA,100,354,1,"2/28/18 23:27","R_2ZOodjEKEFNqpO2",NA,NA,NA,NA,NA,NA,"anonymous","EN",1,1.878,3.876,6.628,2,50,8.151,93.225,94.415,28,5.183,112.846,115.298,31,3.952,82.663,84.331,26,NA,NA,NA,NA,"mturk",4,4,4,4,3,3,3,2,3,4,5,5,4,4,4,4,5,5,1,5,1,4,4,2,2,4,3,2,1,4,4,3,3,5,5,4,4,5,1,5,4,5,5,5,3,4,4,4,4,4,5,4,1,4,3,3,3,1,1,5,2,5,0
"2/28/18 23:24","2/28/18 23:37",0,NA,100,785,1,"2/28/18 23:37","R_vNY955l3Ld9uqnD",NA,NA,NA,NA,NA,NA,"anonymous","EN",1,4.296,4.296,6.568,1,35,19.891,89.858,91.417,22,491.365,601.928,603.832,20,4.267,52.786,54.051,21,NA,NA,NA,NA,"mturk",1,2,4,4,3,1,3,4,4,4,3,4,3,4,4,4,4,1,4,4,1,3,3,3,4,2,4,2,5,3,2,1,4,3,4,4,3,2,1,5,4,4,5,4,4,4,4,4,4,5,4,3,1,4,4,4,3,4,4,3,3,4,1
"3/1/18 0:54","3/1/18 0:56",0,NA,100,141,1,"3/1/18 0:56","R_qx36FPLLQqYDHRn",NA,NA,NA,NA,NA,NA,"anonymous","EN",1,2.088,4.727,5.493,6,23,2.525,28.684,29.625,52,3.927,28.532,29.604,48,4.178,38.879,40.071,63,NA,NA,NA,NA,"mturk",3,5,5,3,3,4,4,4,4,3,4,3,3,4,4,4,4,4,3,4,1,5,5,5,4,4,4,5,5,4,4,4,4,3,4,5,4,4,5,4,4,4,5,4,4,5,5,4,4,4,4,4,4,4,4,5,3,5,4,5,4,4,3
"3/1/18 0:54","3/1/18 0:58",0,NA,100,267,1,"3/1/18 0:58","R_1IL6TP7r9OcVsfF",NA,NA,NA,NA,NA,NA,"anonymous","EN",1,3.449,5.266,7.671,3,30,2.386,65.186,66.246,59,7.884,99.135,99.78,53,2.91,61.978,62.864,54,NA,NA,NA,NA,"mturk",1,1,1,1,3,4,4,4,3,1,1,1,1,1,1,1,1,1,4,4,1,3,3,2,1,2,2,1,5,1,1,1,4,2,5,2,1,1,1,1,4,1,1,1,3,3,1,3,1,2,1,1,1,1,1,4,3,5,4,1,5,5,2
"3/1/18 0:53","3/1/18 1:00",0,NA,100,383,1,"3/1/18 1:00","R_1Isip39EPBAlUYv",NA,NA,NA,NA,NA,NA,"anonymous","EN",1,1.58,10.132,10.222,13,26,0.599,106.44,107.529,81,0.923,95.873,97.091,80,1.197,135.305,136.512,121,NA,NA,NA,NA,"mturk",2,1,2,2,3,2,3,4,4,1,3,3,3,2,2,2,4,3,4,3,1,2,1,1,1,4,4,1,1,2,1,1,3,2,3,4,2,1,1,3,4,3,3,4,5,2,2,3,3,3,4,4,1,4,2,4,3,2,4,3,1,4,0
"3/1/18 0:54","3/1/18 1:00",0,NA,100,393,1,"3/1/18 1:00","R_3emZO4kibwj6eVC",NA,NA,NA,NA,NA,NA,"anonymous","EN",1,27.906,27.906,30.384,1,32,14.386,93.072,94.713,23,6.772,88.989,91.108,21,42.942,154.83,156.814,23,NA,NA,NA,NA,"mturk",4,4,4,4,4,4,4,4,4,4,4,4,3,3,4,4,4,4,4,4,1,3,3,4,3,4,4,3,4,4,4,2,3,4,5,4,3,4,2,5,4,5,5,4,4,5,3,4,3,4,5,2,3,4,3,4,3,4,5,4,4,2,0
"3/1/18 0:56","3/1/18 1:03",0,NA,100,412,1,"3/1/18 1:03","R_2tEGd5qgOMlLFns",NA,NA,NA,NA,NA,NA,"anonymous","EN",1,11.063,33.791,37.325,16,52,8.147,116.733,118.125,69,2.9,62.57,63.34,56,4.555,107.968,109.063,57,NA,NA,NA,NA,"mturk",5,5,5,5,5,5,5,5,5,5,5,5,5,5,4,4,5,5,5,5,1,5,5,5,5,5,5,5,5,5,5,5,5,5,5,5,5,5,5,5,4,5,5,5,5,5,5,5,5,5,5,5,5,5,5,5,3,5,5,5,5,1,1
"3/1/18 0:54","3/1/18 1:04",0,NA,100,611,1,"3/1/18 1:04","R_30cxqEgOWQIq7Un",NA,NA,NA,NA,NA,NA,"anonymous","EN",1,2.715,2.715,4.881,1,41,6.162,101.569,103.033,27,15.482,153.766,155.614,21,2.424,327.28,329.398,22,NA,NA,NA,NA,"mturk",1,3,3,4,4,2,4,4,3,4,3,2,1,3,3,3,3,3,1,4,1,4,3,2,3,3,4,1,1,4,3,5,4,4,1,5,3,3,1,3,4,3,4,1,4,3,3,3,3,3,3,5,4,2,4,4,3,4,1,4,1,3,0
"3/1/18 0:56","3/1/18 1:08",0,NA,100,709,1,"3/1/18 1:08","R_2OJ5f4FCv7RJYo1",NA,NA,NA,NA,NA,NA,"anonymous","EN",1,11.346,28.079,30.799,6,53,5.801,204.07,207.724,23,6.95,240.883,245.322,25,4.862,199.244,201.823,21,NA,NA,NA,NA,"mturk",3,4,5,5,5,1,3,2,2,4,3,3,3,4,5,4,3,3,5,4,1,4,3,5,3,4,4,2,3,2,4,1,4,4,4,4,1,2,1,4,4,4,4,3,4,2,1,3,1,5,3,4,1,2,1,1,3,4,5,4,2,4,0
"3/1/18 1:56","3/1/18 2:01",0,NA,100,267,1,"3/1/18 2:01","R_1MlPNUKCUmh0ZFL",NA,NA,NA,NA,NA,NA,"anonymous","EN",1,3.93,3.93,7.142,1,52,3.036,71.87,73.247,24,4.594,57.998,60.024,20,16.422,100.908,101.971,25,NA,NA,NA,NA,"mturk",5,3,5,5,5,5,5,5,5,4,5,5,1,3,3,5,5,5,5,5,1,5,5,5,5,4,5,4,5,5,3,1,4,5,5,5,1,5,1,5,5,5,5,5,5,5,3,3,3,4,5,4,1,4,3,5,3,5,5,5,4,6,3
"3/1/18 1:56","3/1/18 2:02",0,NA,100,328,1,"3/1/18 2:02","R_2aqSzz5NEcDk7n3",NA,NA,NA,NA,NA,NA,"anonymous","EN",1,38.505,45.722,50.709,3,35,6.709,63.331,64.663,24,2.77,69.684,72.593,24,1.179,107.535,110.784,24,NA,NA,NA,NA,"mturk",1,1,2,4,1,1,2,4,4,1,1,1,1,2,1,1,1,1,1,4,1,4,2,1,4,1,1,1,4,1,1,1,2,1,1,2,1,1,1,1,4,1,1,1,2,2,1,3,2,1,1,2,1,2,2,4,3,1,1,1,2,3,2
"3/1/18 1:57","3/1/18 2:03",0,NA,100,395,1,"3/1/18 2:03","R_26hSsWTOniniFIf",NA,NA,NA,NA,NA,NA,"anonymous","EN",1,21.355,33.954,44.184,2,29,4.859,120.173,122.151,24,7.674,90.326,91.682,29,4.01,104.048,105.929,27,NA,NA,NA,NA,"mturk",5,4,3,2,4,4,4,4,4,2,4,3,1,2,2,2,3,2,5,5,5,4,3,4,1,4,4,1,4,4,3,1,5,3,3,4,1,1,1,3,4,1,1,1,4,1,2,1,4,4,1,5,1,4,1,4,3,5,3,4,1,6,1
"3/1/18 2:00","3/1/18 2:05",0,NA,100,264,1,"3/1/18 2:05","R_22Xrfttv6VxnxIl",NA,NA,NA,NA,NA,NA,"anonymous","EN",1,6.013,6.013,13.979,1,30,3.971,75.598,80.275,21,4.861,53.83,62.905,22,6.292,62.981,70.462,23,NA,NA,NA,NA,"mturk",5,5,4,4,4,4,5,4,5,4,4,5,5,4,5,4,4,5,5,4,1,4,4,5,5,5,4,5,5,5,4,4,4,5,4,4,4,5,5,5,4,5,4,4,5,5,4,5,4,5,5,5,5,4,4,4,3,4,5,5,4,2,2
"3/1/18 1:57","3/1/18 2:07",0,NA,100,626,1,"3/1/18 2:07","R_2dpf4fgG7jKeqGd",NA,NA,NA,NA,NA,NA,"anonymous","EN",1,7.644,54.9,55.006,11,70,6.297,229.708,229.771,80,2.654,159.636,160.555,63,3.311,117.981,119.215,51,NA,NA,NA,NA,"mturk",1,3,4,4,3,4,3,4,4,1,5,5,1,3,4,4,5,5,5,2,1,4,1,3,1,5,5,2,5,4,4,1,1,5,5,3,1,5,1,5,4,5,5,5,5,5,3,5,4,5,5,1,1,5,5,3,3,5,5,5,5,4,0
"3/1/18 2:14","3/1/18 2:18",0,NA,100,241,1,"3/1/18 2:18","R_BLqj9TpwP9JEkRb",NA,NA,NA,NA,NA,NA,"anonymous","EN",1,2.122,2.122,7.219,1,34,3.951,68.4,69.437,22,2.929,71.279,72.57,26,3.053,71.141,74.229,22,NA,NA,NA,NA,"mturk",4,4,4,4,4,4,4,4,4,4,4,1,1,4,4,4,1,1,4,4,1,4,4,4,4,4,4,4,1,4,4,1,4,1,4,4,4,1,1,1,4,1,1,1,4,4,4,4,4,4,1,1,1,4,4,4,3,1,1,4,4,2,2
"3/1/18 2:16","3/1/18 2:19",0,NA,100,177,1,"3/1/18 2:19","R_31L4YwGvQhoqHNW",NA,NA,NA,NA,NA,NA,"anonymous","EN",1,3.536,3.536,5.902,1,23,2.635,45.645,49.708,44,12.628,50.611,52.089,22,3.084,51.453,53.05,46,NA,NA,NA,NA,"mturk",3,4,4,5,4,4,4,5,4,3,4,4,3,3,4,5,4,4,4,4,1,4,3,4,3,4,3,1,4,3,3,2,4,3,3,4,2,3,1,3,4,2,3,2,4,2,4,4,3,4,4,5,2,5,3,4,3,4,4,3,2,7,3
"3/1/18 2:24","3/1/18 2:31",0,NA,100,403,1,"3/1/18 2:31","R_2RQFy9JxMfUV4Ku",NA,NA,NA,NA,NA,NA,"anonymous","EN",1,9.856,15.654,16.616,4,47,5.981,99.238,101.554,32,15.284,145.758,147.495,29,3.489,108.446,109.933,28,NA,NA,NA,NA,"mturk",2,4,4,5,4,3,3,4,4,3,5,5,1,2,2,4,5,5,3,4,1,4,4,5,4,3,4,4,1,2,1,1,4,5,4,4,1,5,1,5,4,5,5,5,4,4,4,4,3,4,5,4,1,2,1,3,3,1,1,5,4,4,0
"3/1/18 3:01","3/1/18 3:06",0,NA,100,291,1,"3/1/18 3:06","R_3HLW9dLQPtpRQbo",NA,NA,NA,NA,NA,NA,"anonymous","EN",1,8.36,9.725,11.788,2,43,4.6,85.648,86.589,23,4.855,85.58,87.457,22,4.003,78.432,80.589,23,NA,NA,NA,NA,"mturk",4,4,5,4,5,5,5,5,5,5,4,1,1,3,5,5,1,3,5,5,1,5,4,4,2,4,4,1,4,4,4,1,4,1,5,4,1,1,1,1,4,1,1,3,5,5,1,1,2,5,1,1,1,3,1,4,3,3,3,1,5,4,0
"3/1/18 3:03","3/1/18 3:06",0,NA,100,197,1,"3/1/18 3:06","R_2v6UjxdR9Fy6DHt",NA,NA,NA,NA,NA,NA,"anonymous","EN",1,3.074,3.074,5.762,1,NA,7.543,23.567,30.491,22,13.755,33.755,38.726,21,19.083,41.241,59.614,24,NA,NA,NA,NA,"mturk",4,4,4,4,4,4,2,3,5,4,2,3,3,4,4,4,4,4,3,3,1,3,4,3,4,4,4,4,4,3,3,4,3,4,4,5,3,4,3,5,4,4,4,3,4,4,4,3,4,3,3,4,4,4,3,3,3,4,4,3,4,4,3
"3/1/18 3:04","3/1/18 3:10",0,NA,100,327,1,"3/1/18 3:10","R_1C3mIFR8NUsc5MR",NA,NA,NA,NA,NA,NA,"anonymous","EN",1,11.035,11.035,12.686,1,28,4.591,31.15,44.48,23,112.904,153.039,154.837,27,12.031,65.959,68.003,29,NA,NA,NA,NA,"mturk",4,5,4,4,4,4,4,4,4,4,4,4,1,4,4,4,5,4,4,4,1,4,4,4,5,5,4,2,5,4,4,4,4,4,4,4,4,4,2,5,4,2,5,2,3,3,4,2,3,4,2,5,2,4,2,4,3,5,5,5,1,4,2
"3/1/18 3:02","3/1/18 3:16",0,NA,100,815,1,"3/1/18 3:16","R_2zCRRDIENYfoqbA",NA,NA,NA,NA,NA,NA,"anonymous","EN",1,50.034,50.034,69.328,1,28,17.274,126.674,129.271,72,9.16,229.463,230.65,23,279.28,350.76,353.386,20,NA,NA,NA,NA,"mturk",3,3,3,3,3,3,4,3,3,3,3,2,2,3,4,3,2,2,4,3,1,3,3,3,3,2,4,1,1,3,3,1,4,3,5,4,2,3,1,1,4,2,2,2,2,3,3,3,3,3,1,3,1,3,3,3,3,3,3,3,4,4,0
"3/1/18 3:09","3/1/18 3:18",0,NA,100,547,1,"3/1/18 3:18","R_2uxlaKrP419XpkB",NA,NA,NA,NA,NA,NA,"anonymous","EN",1,10.787,20.129,21.923,3,18,6.165,143.216,144.11,25,8.833,173.982,175.819,29,6.194,180.214,181.673,24,NA,NA,NA,NA,"mturk",3,4,5,5,5,3,4,4,4,3,4,5,3,4,5,5,5,5,5,4,1,3,4,5,4,5,5,3,1,3,4,1,4,4,5,5,3,3,1,5,4,5,5,3,4,2,4,3,3,5,3,2,1,3,3,4,3,4,3,4,4,3,0
"3/1/18 3:26","3/1/18 3:30",0,NA,100,250,1,"3/1/18 3:30","R_33DeJHlAoGEPjVX",NA,NA,NA,NA,NA,NA,"anonymous","EN",1,1.229,4.293,4.387,5,46,3.291,58.431,59.254,51,3.544,80.781,80.855,56,2.754,66.225,67.035,54,NA,NA,NA,NA,"mturk",5,5,3,4,4,5,5,5,4,4,4,5,5,3,3,3,5,5,5,5,1,4,4,5,3,4,4,3,4,4,5,2,3,4,3,4,4,2,1,5,4,5,5,2,3,3,5,3,3,3,5,2,5,4,4,5,3,5,5,5,4,5,2
"3/1/18 3:40","3/1/18 3:42",0,NA,100,113,1,"3/1/18 3:42","R_1H8qufpJ9pL783l",NA,NA,NA,NA,NA,NA,"anonymous","EN",1,1.942,1.942,4.404,1,28,1.41,35.595,37.982,28,2.588,26.356,28.751,23,3,25.896,26.948,27,NA,NA,NA,NA,"mturk",1,2,4,3,4,2,2,2,2,2,2,2,2,4,4,2,2,1,3,2,1,2,2,2,3,2,2,3,2,3,2,2,2,3,2,3,2,1,2,2,4,2,1,2,2,2,2,2,2,2,2,2,1,2,2,2,3,2,2,2,4,6,3
"3/1/18 3:42","3/1/18 3:45",0,NA,100,146,1,"3/1/18 3:45","R_1jP2S9iEBlWjqcK",NA,NA,NA,NA,NA,NA,"anonymous","EN",1,1.768,1.768,6.553,1,39,3.735,38.625,40.497,29,2.398,32.611,33.72,26,2.348,39.494,41.019,32,NA,NA,NA,NA,"mturk",5,5,4,5,3,5,5,5,5,4,5,5,4,4,4,5,5,5,5,5,1,4,3,3,4,5,5,1,5,5,4,5,3,5,5,5,4,5,3,5,4,5,5,1,5,1,5,5,4,5,5,5,3,4,3,4,3,5,5,5,1,7,3
"3/1/18 3:49","3/1/18 3:55",0,NA,100,333,1,"3/1/18 3:55","R_1qVv7vKXiIUznEO",NA,NA,NA,NA,NA,NA,"anonymous","EN",1,9.1,9.1,13.57,1,65,20.802,114.008,115.402,21,4.021,92.918,95.398,21,6.581,84.465,86.196,22,NA,NA,NA,NA,"mturk",4,4,4,4,5,4,5,4,4,1,1,1,1,3,3,4,1,1,4,4,1,4,5,5,4,3,5,5,1,1,1,1,5,1,5,1,1,1,1,1,4,1,1,1,1,5,1,3,1,3,1,1,1,1,3,4,3,1,1,1,5,3,0
"3/1/18 4:03","3/1/18 4:08",0,NA,100,263,1,"3/1/18 4:08","R_1DYnIMyyrhAYojA",NA,NA,NA,NA,NA,NA,"anonymous","EN",1,27.088,39.347,40.59,12,28,3.894,57.766,58.857,72,9.145,67.167,68.429,62,2.722,63.589,64.713,74,NA,NA,NA,NA,"mturk",5,4,4,5,5,4,3,4,4,2,4,5,1,1,2,3,5,4,4,5,1,4,4,5,3,4,4,1,5,3,2,1,4,4,5,4,2,1,1,5,4,4,4,2,4,2,1,2,2,3,5,4,1,4,1,5,3,4,5,2,2,7,3
"3/1/18 4:04","3/1/18 4:08",0,NA,100,235,1,"3/1/18 4:08","R_WdKaEYN2QMePjQR",NA,NA,NA,NA,NA,NA,"anonymous","EN",1,9.164,9.164,11.268,1,32,6.371,58.257,59.885,22,19.605,71.384,72.103,21,10.69,74.188,74.68,21,NA,NA,NA,NA,"mturk",1,4,4,4,5,4,1,4,1,4,1,1,1,4,1,4,1,1,5,4,1,4,1,4,4,1,2,2,1,2,2,1,4,1,4,4,4,1,1,1,4,2,1,1,1,4,2,1,4,4,1,1,1,1,5,2,3,1,1,4,5,6,2
"3/1/18 4:04","3/1/18 4:08",0,NA,100,277,1,"3/1/18 4:08","R_1LTnNeTLunCQzpf",NA,NA,NA,NA,NA,NA,"anonymous","EN",1,2.894,8.412,9.135,7,41,4.821,69.69,71.303,55,3.646,68.497,69.721,55,1.343,76.076,77.047,70,NA,NA,NA,NA,"mturk",4,4,4,4,5,4,5,4,4,3,4,5,1,4,5,5,5,4,4,4,1,5,5,5,4,5,5,3,4,5,5,1,5,5,4,5,5,5,1,5,4,5,5,3,4,4,3,5,4,4,5,2,1,5,4,5,3,4,4,5,1,7,2
"3/1/18 4:03","3/1/18 4:09",0,NA,100,330,1,"3/1/18 4:09","R_1rJLnX2lJnkYZKg",NA,NA,NA,NA,NA,NA,"anonymous","EN",1,6.667,6.667,10.329,1,26,9.068,107.851,109.505,23,5.499,93.51,94.641,24,13.476,86.558,88.178,21,NA,NA,NA,NA,"mturk",5,5,5,5,5,5,5,5,5,4,5,5,3,4,5,5,5,5,5,5,1,5,5,5,5,5,5,3,5,5,4,3,5,3,5,5,5,5,3,5,4,5,5,3,5,3,5,5,4,5,5,3,3,5,3,5,3,3,3,5,4,1,0
"3/1/18 4:04","3/1/18 4:09",0,NA,100,329,1,"3/1/18 4:09","R_1CdUJ23IZoaJwRu",NA,NA,NA,NA,NA,NA,"anonymous","EN",1,10.759,12.887,17.335,2,51,5.207,87.361,90.488,22,4.95,101.229,102.978,22,7.96,90.114,92.931,21,NA,NA,NA,NA,"mturk",4,2,2,4,4,4,4,4,4,2,4,4,1,3,2,2,5,4,4,4,1,4,3,4,4,2,4,2,4,4,2,1,3,4,5,3,2,3,1,4,4,5,5,5,5,3,3,4,3,4,2,3,1,4,3,4,3,5,5,4,4,3,0
"3/1/18 4:04","3/1/18 4:10",0,NA,100,358,1,"3/1/18 4:10","R_scDlUf0JAkvUX5f",NA,NA,NA,NA,NA,NA,"anonymous","EN",1,4.254,4.254,16.418,1,42,7.013,116.06,117.959,29,6.777,103.913,105.902,29,9.065,89.268,93.307,24,NA,NA,NA,NA,"mturk",4,3,4,4,4,2,4,4,4,1,5,4,1,3,4,3,5,5,4,4,1,4,4,4,3,4,4,2,5,4,5,2,4,4,4,4,3,5,1,5,4,5,5,2,5,2,2,3,2,4,5,4,1,3,3,4,3,5,4,3,2,4,0
"3/1/18 4:04","3/1/18 4:11",0,NA,100,390,1,"3/1/18 4:11","R_ZyGx33TJerwwvhD",NA,NA,NA,NA,NA,NA,"anonymous","EN",1,14.415,14.415,29.293,1,37,13.137,135.001,142.879,33,8.539,92.134,95.247,25,4.465,95.463,99.878,30,NA,NA,NA,NA,"mturk",1,1,1,4,2,2,3,4,4,4,2,2,2,2,4,2,2,2,4,5,1,4,3,3,2,2,2,1,2,2,1,2,1,2,4,2,1,2,2,2,4,2,2,1,2,1,2,4,2,2,2,2,4,2,4,4,3,4,2,2,1,4,0
"3/1/18 4:08","3/1/18 4:13",0,NA,100,289,1,"3/1/18 4:13","R_1hASEN15HojqDcr",NA,NA,NA,NA,NA,NA,"anonymous","EN",1,1.96,3.098,3.95,3,30,1.315,24.508,26.941,53,1.132,70.166,71.063,91,3.951,144.234,144.53,75,NA,NA,NA,NA,"mturk",1,1,1,1,1,1,1,1,1,1,1,1,1,1,1,1,1,1,1,1,1,4,1,1,1,2,5,1,1,2,3,1,1,1,1,4,1,1,1,1,4,5,1,1,1,4,1,1,1,1,1,1,1,1,1,1,3,1,1,1,1,4,2
"3/1/18 4:15","3/1/18 4:17",0,NA,100,120,1,"3/1/18 4:17","R_BFm30B9QhHgHLtn",NA,NA,NA,NA,NA,NA,"anonymous","EN",1,4.613,4.613,6.712,1,28,2.645,26.678,30.002,22,2.629,25.902,26.4,23,1.147,31.74,36.088,21,NA,NA,NA,NA,"mturk",3,2,4,2,2,2,2,3,3,4,2,2,3,2,3,3,2,3,4,3,1,4,2,3,2,4,2,2,3,4,2,3,2,4,3,1,3,4,2,3,4,3,3,3,2,3,3,2,2,3,2,2,4,4,2,4,3,2,2,2,2,5,3
"3/1/18 5:07","3/1/18 5:10",0,NA,100,173,1,"3/1/18 5:10","R_1OlRUGZOnUHlMy7",NA,NA,NA,NA,NA,NA,"anonymous","EN",1,7.767,7.767,13.19,1,30,3.049,35.696,39.606,21,4.98,33.339,37.62,20,2.164,44.069,45.954,23,NA,NA,NA,NA,"mturk",5,5,5,5,4,5,3,5,4,5,4,4,4,5,4,4,4,4,5,5,1,4,5,5,5,4,4,4,4,4,4,5,4,5,4,5,4,5,5,4,4,4,4,4,4,4,5,4,5,5,4,4,5,5,5,4,3,4,5,4,5,4,3
"3/1/18 5:06","3/1/18 5:11",0,NA,100,311,1,"3/1/18 5:11","R_3s1Fmx6lRmY5lkV",NA,NA,NA,NA,NA,NA,"anonymous","EN",1,1.58,1.58,3.707,1,29,0.984,37.376,38.337,26,0.781,44.231,45.834,27,1.295,34.987,36.093,23,NA,NA,NA,NA,"mturk",5,3,3,3,4,4,5,4,5,2,4,2,2,3,4,3,3,4,4,4,1,5,3,5,4,4,5,1,4,4,3,2,4,5,4,4,3,3,1,2,4,2,3,3,4,3,4,4,4,4,2,3,3,5,4,4,3,5,4,4,4,7,3
"3/1/18 5:11","3/1/18 5:15",0,NA,100,232,1,"3/1/18 5:15","R_2TWZ5ZsUfkZB6z7",NA,NA,NA,NA,NA,NA,"anonymous","EN",1,2.648,2.648,3.753,1,28,3.483,63.803,65.279,21,3.36,74.249,75.292,27,6.007,72.278,74.837,25,NA,NA,NA,NA,"mturk",1,3,1,4,2,3,3,1,1,1,1,1,1,3,1,1,1,3,3,4,1,3,1,1,1,1,3,1,3,3,1,1,3,4,5,4,1,1,1,3,4,5,5,5,1,5,1,1,2,2,5,1,1,2,3,1,3,2,1,3,5,5,1
"3/1/18 5:07","3/1/18 5:16",0,NA,100,568,1,"3/1/18 5:16","R_STVgQxOX4hrNzdD",NA,NA,NA,NA,NA,NA,"anonymous","EN",1,4.771,10.668,12.035,5,36,3.567,256.22,257.66,23,24.959,146.701,148.475,24,1.332,118.755,122.832,28,NA,NA,NA,NA,"mturk",4,2,2,2,3,2,4,4,2,2,3,4,2,1,2,2,4,4,4,2,1,3,3,4,2,2,4,2,4,2,2,4,2,3,2,4,1,2,1,4,4,4,4,1,3,1,2,4,2,3,4,5,2,2,2,4,3,4,4,3,2,3,0
"3/1/18 5:10","3/1/18 5:17",0,NA,100,384,1,"3/1/18 5:17","R_3fQ2V5JF63BfQr2",NA,NA,NA,NA,NA,NA,"anonymous","EN",1,9.368,9.368,11.287,1,60,63.357,159.757,161.295,21,7.384,85.384,87.47,21,5.26,98.492,99.55,22,NA,NA,NA,NA,"mturk",4,4,4,4,4,4,4,4,4,2,4,4,2,3,3,3,4,4,4,4,1,4,4,5,4,4,4,2,5,4,3,4,2,4,4,4,2,4,2,4,4,4,4,2,4,2,2,4,2,4,4,4,2,4,2,4,3,4,4,3,2,2,0
"3/1/18 5:07","3/1/18 5:21",0,NA,100,850,1,"3/1/18 5:21","R_22Gpd6SnKNahywN",NA,NA,NA,NA,NA,NA,"anonymous","EN",1,302.032,302.032,304.234,1,30,54.489,87.927,87.959,50,176.288,206.316,207.103,47,4.828,33.074,34.466,48,NA,NA,NA,NA,"mturk",4,4,4,4,4,4,4,4,4,4,4,4,3,4,4,4,4,3,4,4,1,4,4,4,4,4,4,4,4,4,4,2,4,4,4,4,4,3,3,3,4,4,3,3,4,2,4,4,4,4,4,3,2,4,4,4,3,4,4,4,4,1,1
"3/1/18 5:22","3/1/18 5:32",0,NA,100,643,1,"3/1/18 5:32","R_1LjmxSiylAYAD8W",NA,NA,NA,NA,NA,NA,"anonymous","EN",1,2.61,2.61,3.844,1,27,2.938,229.66,230.876,33,165.225,326.505,330.35,29,5.332,60.323,61.72,26,NA,NA,NA,NA,"mturk",4,4,3,3,4,4,4,3,3,2,3,3,3,3,2,3,3,4,5,3,1,3,3,4,3,3,4,2,4,3,3,2,4,3,3,5,2,4,2,3,4,3,4,3,3,3,3,3,3,4,3,2,3,3,3,3,3,3,4,3,4,3,1
"3/1/18 6:09","3/1/18 6:13",0,NA,100,259,1,"3/1/18 6:13","R_1l6lep99UnUOdBX",NA,NA,NA,NA,NA,NA,"anonymous","EN",1,7.177,7.177,9.633,1,44,5.047,60.558,62.088,21,2.78,87.783,90.322,24,5.401,68.003,69.513,20,NA,NA,NA,NA,"mturk",4,3,3,3,4,3,4,4,4,3,4,4,3,3,3,3,4,4,4,4,1,4,4,4,4,4,4,3,4,3,3,1,3,4,3,3,3,2,1,4,4,4,4,3,4,2,3,3,3,4,4,2,1,3,3,4,3,4,4,3,2,4,2
"3/1/18 6:10","3/1/18 6:15",0,NA,100,260,1,"3/1/18 6:15","R_XZngkgeQGS3rxEl",NA,NA,NA,NA,NA,NA,"anonymous","EN",1,4.181,6.882,9.19,2,41,3.529,76.653,78.734,23,12.062,79.752,81.203,25,5.519,67.907,69.569,20,NA,NA,NA,NA,"mturk",5,4,4,4,5,5,5,3,3,3,5,3,3,3,4,4,3,3,5,5,1,3,5,5,5,5,5,4,1,5,3,1,5,5,5,5,5,1,1,5,4,5,3,5,5,5,5,4,3,5,4,1,1,5,3,3,3,5,5,5,5,5,2
"3/1/18 6:09","3/1/18 6:15",0,NA,100,358,1,"3/1/18 6:15","R_1eKtDYKM7jrVJuw",NA,NA,NA,NA,NA,NA,"anonymous","EN",1,7.126,7.126,9.899,1,35,8.071,113.325,115.728,22,8.024,93.086,95.071,20,16.628,109.958,111.853,21,NA,NA,NA,NA,"mturk",3,4,4,3,4,3,5,4,3,4,3,3,3,4,3,3,3,3,3,5,1,4,3,3,3,3,4,3,2,3,4,3,4,4,3,4,3,3,3,3,4,5,3,4,3,3,3,3,3,3,3,4,3,3,3,3,3,1,2,3,4,2,0
"3/1/18 6:10","3/1/18 6:18",0,NA,100,438,1,"3/1/18 6:18","R_3RsAecaVkqgtD7K",NA,NA,NA,NA,NA,NA,"anonymous","EN",1,4.885,10.314,11.798,3,25,3.048,82.368,95.488,33,2.306,84.864,86.264,27,149.799,219.457,221.999,27,NA,NA,NA,NA,"mturk",3,3,2,2,4,3,4,4,4,3,5,5,4,2,2,2,5,4,4,4,1,3,4,4,4,4,4,4,5,3,3,2,4,4,4,4,3,2,2,5,4,2,4,2,4,2,3,4,3,3,4,5,2,3,2,4,3,4,5,3,2,3,0
"3/1/18 6:18","3/1/18 6:22",0,NA,100,262,1,"3/1/18 6:22","R_31YNs5CeTI3snE6",NA,NA,NA,NA,NA,NA,"anonymous","EN",1,3.614,4.181,6.478,2,39,4.287,72.572,74.611,22,9.874,80.849,83.154,21,4.185,69.293,71.493,22,NA,NA,NA,NA,"mturk",3,3,5,5,3,3,3,5,5,2,5,5,1,3,5,5,5,3,5,5,1,4,3,3,5,3,5,3,5,5,3,1,4,5,5,5,1,3,5,5,4,5,5,5,4,4,4,4,3,4,5,1,1,3,3,5,3,5,5,5,4,7,2
"3/1/18 6:40","3/1/18 6:48",0,NA,100,464,1,"3/1/18 6:48","R_2tDsD5HtmjM7fda",NA,NA,NA,NA,NA,NA,"anonymous","EN",1,180.782,184.147,189.576,2,52,4.385,74.901,80.314,21,11.96,69.031,71.475,20,3.026,94.133,98.681,22,NA,NA,NA,NA,"mturk",3,3,2,2,4,3,4,4,2,1,1,1,1,1,3,2,1,1,5,4,1,3,3,4,3,2,4,4,4,3,2,1,4,4,5,2,1,2,1,1,4,1,1,1,4,3,1,1,2,4,1,2,1,2,3,2,3,1,5,1,4,7,1
"3/1/18 7:12","3/1/18 7:17",0,NA,100,349,1,"3/1/18 7:17","R_0OnMzkJXcjf8YM1",NA,NA,NA,NA,NA,NA,"anonymous","EN",1,7.313,7.313,9.258,1,37,3.802,60.62,68.714,22,8.282,52.377,53.389,21,50.79,171.403,177.363,23,NA,NA,NA,NA,"mturk",4,4,2,4,5,4,5,5,4,1,5,5,5,2,1,1,5,5,5,5,1,5,5,5,1,5,5,4,5,4,5,1,5,5,5,4,1,1,1,5,4,5,5,1,5,1,1,3,2,4,5,4,1,4,1,4,3,5,5,4,5,7,2
"3/1/18 7:18","3/1/18 7:20",0,NA,100,160,1,"3/1/18 7:20","R_27jMXCiIUnzQR4K",NA,NA,NA,NA,NA,NA,"anonymous","EN",1,5.922,7.862,8.027,4,35,3.337,42.559,43.285,54,3.086,48.479,49.115,48,3.15,40.737,41.677,60,NA,NA,NA,NA,"mturk",4,4,4,4,5,4,5,5,5,3,4,2,1,3,4,3,4,2,4,4,1,4,5,5,4,3,4,3,5,4,4,1,4,3,4,4,3,1,1,4,4,2,3,4,3,3,2,3,5,3,4,4,1,4,4,4,3,5,4,4,3,7,3
"3/1/18 7:14","3/1/18 7:21",0,NA,100,421,1,"3/1/18 7:21","R_332y7Nb0b8RBG0H",NA,NA,NA,NA,NA,NA,"anonymous","EN",1,3.234,3.234,5.12,1,29,42.099,160.945,163.321,23,3.599,56.187,57.724,24,4.625,174.183,175.288,20,NA,NA,NA,NA,"mturk",1,1,2,1,2,1,2,4,4,2,1,1,1,2,2,2,1,1,4,2,1,2,2,2,2,2,2,1,1,2,1,4,4,4,4,5,1,2,1,2,4,2,2,2,4,4,2,3,2,2,1,4,2,1,1,1,3,2,3,4,4,4,1
"3/1/18 7:16","3/1/18 7:22",0,NA,100,324,1,"3/1/18 7:22","R_1LOnQySERJd5zOK",NA,NA,NA,NA,NA,NA,"anonymous","EN",1,3.85,6.651,12.705,3,38,3.952,84.936,86.338,26,2.517,108.669,109.753,29,5.776,92.654,94.099,26,NA,NA,NA,NA,"mturk",5,5,5,5,5,5,4,5,5,1,5,5,1,5,4,3,5,4,5,5,1,5,3,5,4,5,5,4,5,5,4,5,4,5,3,5,3,5,3,5,2,4,5,3,5,3,2,1,4,5,5,5,3,5,3,5,3,5,5,4,1,5,1
"3/1/18 7:20","3/1/18 7:24",0,NA,100,232,1,"3/1/18 7:24","R_3eysDpYM69YnpSt",NA,NA,NA,NA,NA,NA,"anonymous","EN",1,2.684,3.866,6.715,2,54,2.867,70.723,72.147,25,5.126,79.062,80.479,27,3.276,50.046,52.129,23,NA,NA,NA,NA,"mturk",2,4,2,3,4,2,3,4,4,3,2,2,3,2,4,3,2,3,2,4,1,3,4,4,4,3,3,4,1,3,4,1,4,1,3,3,4,1,1,3,4,2,2,2,2,3,3,2,2,3,2,3,1,2,3,2,3,2,1,2,4,5,2
"3/1/18 7:35","3/1/18 7:39",0,NA,100,242,1,"3/1/18 7:39","R_1plZUe7UkV3iyAR",NA,NA,NA,NA,NA,NA,"anonymous","EN",1,4.035,4.035,6.462,1,40,4.382,71.111,72.585,23,9.257,72.935,74.804,25,2.694,57.802,59.642,22,NA,NA,NA,NA,"mturk",1,1,1,1,3,1,3,1,1,1,3,3,1,1,2,1,2,3,3,4,1,1,1,2,1,1,3,1,1,1,1,1,2,5,3,2,1,2,1,3,4,3,3,2,1,2,1,1,1,2,4,2,1,1,2,1,3,1,1,2,3,5,2
"3/1/18 7:58","3/1/18 8:01",0,NA,100,174,1,"3/1/18 8:01","R_9HbY1Rrx19ccQzn",NA,NA,NA,NA,NA,NA,"anonymous","EN",1,3.1,3.1,4.521,1,32,5.29,53.667,55.652,25,5.398,46.492,48.016,23,5.623,47.582,47.923,22,NA,NA,NA,NA,"mturk",1,1,3,3,5,1,3,4,4,1,1,1,1,3,4,4,1,1,1,4,1,4,4,4,2,2,1,4,1,3,2,1,4,1,3,3,1,1,1,1,4,1,1,3,2,5,2,2,1,4,1,1,1,1,5,2,3,1,1,1,5,8,3
"3/1/18 8:06","3/1/18 8:12",0,NA,100,377,1,"3/1/18 8:12","R_1KeCoxBj9sj9irj",NA,NA,NA,NA,NA,NA,"anonymous","EN",1,6.375,6.375,9.742,1,56,3.498,23.772,29.059,23,207.188,249.019,251.564,22,7.735,37.767,41.839,28,NA,NA,NA,NA,"mturk",4,4,4,4,4,4,4,4,4,4,4,4,4,4,4,4,4,4,4,4,1,3,3,4,3,4,4,3,4,3,3,3,3,4,3,3,3,4,1,3,4,4,4,4,4,4,4,4,4,4,4,4,1,4,4,4,3,4,4,4,4,2,2
"3/1/18 8:18","3/1/18 8:22",0,NA,100,235,1,"3/1/18 8:22","R_1H5HqcuhNiXUDBA",NA,NA,NA,NA,NA,NA,"anonymous","EN",1,2.385,2.385,3.48,1,27,9.846,71.224,71.977,50,2.02,81.884,82.831,36,4.642,65.409,66.1,46,NA,NA,NA,NA,"mturk",3,3,4,3,5,5,5,3,2,1,3,3,3,1,4,4,3,3,3,4,1,5,5,5,3,2,5,2,5,3,1,1,3,3,3,3,1,3,1,3,4,2,3,3,4,3,4,3,4,4,3,1,1,4,1,4,3,5,5,3,5,6,2
"3/1/18 8:29","3/1/18 8:33",0,NA,100,268,1,"3/1/18 8:33","R_3CVj59Un01Cyyv9",NA,NA,NA,NA,NA,NA,"anonymous","EN",1,2.043,2.043,3.777,1,31,2.556,77.882,83.053,25,8.588,74.676,83.23,22,3.572,74.25,82.189,24,NA,NA,NA,NA,"mturk",4,5,4,5,5,4,5,4,4,5,3,5,1,5,5,5,5,3,5,5,1,5,4,4,5,4,4,3,1,5,5,2,4,5,5,5,4,5,2,5,4,5,5,2,4,3,4,5,5,5,5,2,1,5,5,4,3,4,1,5,3,4,0
"3/1/18 8:32","3/1/18 8:34",0,NA,100,151,1,"3/1/18 8:34","R_1lccgbUmzuEcmS6",NA,NA,NA,NA,NA,NA,"anonymous","EN",1,4.211,4.211,6.269,1,27,1.969,42.005,46.987,22,2.447,29.322,30.886,20,12.177,42.288,44.768,20,NA,NA,NA,NA,"mturk",5,4,4,3,4,4,2,4,5,4,3,4,4,5,5,3,5,3,4,3,1,4,5,4,3,4,5,5,3,5,4,3,4,5,3,3,4,5,4,4,4,5,3,4,3,4,2,5,5,3,2,4,4,3,4,3,3,4,4,4,5,5,3
"3/1/18 8:34","3/1/18 8:37",0,NA,100,202,1,"3/1/18 8:37","R_3O2ZpBHh9brdHIq",NA,NA,NA,NA,NA,NA,"anonymous","EN",1,10.892,10.892,12.601,1,42,4.877,55.45,56.359,24,12.655,57.903,60.347,21,6.063,51.067,52.481,20,NA,NA,NA,NA,"mturk",2,4,4,4,4,2,4,2,4,4,2,2,2,4,2,4,2,2,2,4,1,4,4,4,4,4,4,4,2,2,4,2,4,4,4,4,2,4,2,2,4,2,4,4,4,4,4,2,2,4,2,2,2,2,2,2,3,2,2,4,4,4,3
"3/1/18 8:34","3/1/18 8:41",0,NA,100,376,1,"3/1/18 8:41","R_1H6So1DQylvTz7b",NA,NA,NA,NA,NA,NA,"anonymous","EN",1,10.077,10.077,11.118,1,24,4.311,37.442,39.287,23,193.59,223.693,225.344,20,31.546,74.274,76.335,30,NA,NA,NA,NA,"mturk",2,3,3,2,4,2,4,3,3,2,2,1,1,2,4,2,2,2,4,4,1,4,3,3,2,2,3,1,2,2,2,1,3,3,4,4,2,1,1,1,4,1,2,1,4,3,4,2,3,3,1,4,1,2,4,2,3,4,3,3,2,4,1
"3/1/18 9:15","3/1/18 9:20",0,NA,100,285,1,"3/1/18 9:20","R_3HM5mibjpSZFBJb",NA,NA,NA,NA,NA,NA,"anonymous","EN",1,6.769,6.769,14.118,1,45,4.62,71.317,73.182,27,6.137,92.315,93.518,27,9.772,82.972,85.614,25,NA,NA,NA,NA,"mturk",4,4,5,5,4,4,5,5,5,4,5,5,1,4,5,5,5,5,5,4,1,4,4,5,4,5,5,2,5,5,4,1,5,5,5,4,3,5,1,5,4,5,5,2,5,4,4,5,4,5,5,4,1,4,4,5,3,5,5,5,4,3,1
"3/1/18 9:25","3/1/18 9:28",0,NA,100,237,1,"3/1/18 9:28","R_2pQVEUmNnQTBg53",NA,NA,NA,NA,NA,NA,"anonymous","EN",1,4.666,4.666,17.065,1,56,7.911,50.977,54.38,37,3.76,66.89,69.432,30,11.427,72.265,78.924,34,NA,NA,NA,NA,"mturk",1,1,3,1,2,2,3,3,2,2,1,1,1,2,2,1,1,1,3,3,1,2,4,3,2,1,3,2,4,2,1,2,3,1,3,2,2,2,2,1,4,1,2,1,3,3,3,3,2,2,2,2,1,2,2,2,3,4,4,4,3,4,2
"3/1/18 9:29","3/1/18 9:34",0,NA,100,251,1,"3/1/18 9:34","R_12R5EQc56T5pmC3",NA,NA,NA,NA,NA,NA,"anonymous","EN",1,3.488,3.488,4.508,1,35,3.708,76.923,78.173,31,3.386,69.265,69.585,28,4.628,82.891,84.306,28,NA,NA,NA,NA,"mturk",4,2,3,4,4,4,4,4,4,3,2,2,2,3,4,4,2,2,5,4,1,4,4,4,4,3,4,3,1,3,2,1,4,4,4,3,2,3,1,2,4,3,2,4,4,4,3,4,3,4,2,2,1,4,2,4,3,3,3,4,4,5,2
"3/1/18 9:32","3/1/18 9:38",0,NA,100,364,1,"3/1/18 9:38","R_1gLW4As5FB9NLeg",NA,NA,NA,NA,NA,NA,"anonymous","EN",1,19.804,19.804,21.18,1,49,20.245,110.891,112.11,23,5.914,99.789,100.719,22,9.14,103.62,105.735,21,NA,NA,NA,NA,"mturk",2,3,4,5,3,4,3,4,4,2,5,5,3,5,5,5,5,5,4,5,1,4,3,3,3,3,4,1,5,5,4,1,1,5,4,5,3,5,1,5,4,5,5,4,4,5,3,5,4,5,5,1,1,4,1,4,3,5,5,5,4,6,0
"3/1/18 9:30","3/1/18 9:39",0,NA,100,552,1,"3/1/18 9:39","R_1pKH8Y1gO6Xrmm3",NA,NA,NA,NA,NA,NA,"anonymous","EN",1,5.651,28.073,30.132,7,35,14.259,109.234,112.374,57,12.094,178.685,178.736,67,12.253,201.299,203.423,65,NA,NA,NA,NA,"mturk",3,4,3,4,3,3,3,4,4,3,4,3,3,3,3,3,4,3,3,4,5,4,3,3,4,3,4,2,3,4,3,2,3,5,3,3,3,3,1,4,4,4,4,2,4,2,3,4,3,3,4,4,2,3,3,4,3,2,3,4,2,3,1
"3/1/18 9:31","3/1/18 9:41",0,NA,100,624,1,"3/1/18 9:41","R_0H7BGdeiLc7nkcN",NA,NA,NA,NA,NA,NA,"anonymous","EN",1,7.835,7.835,10.288,1,25,166.382,343.63,345.551,32,8.89,94.218,96.123,25,2.751,145.319,147.176,42,NA,NA,NA,NA,"mturk",4,2,4,4,5,4,4,4,4,2,3,3,3,2,4,4,3,5,5,4,1,4,4,4,1,1,4,4,1,4,1,1,4,4,4,4,4,1,1,3,4,1,5,1,3,5,4,1,4,4,3,1,1,5,5,4,3,5,3,4,3,3,0
"3/1/18 9:38","3/1/18 9:41",0,NA,100,195,1,"3/1/18 9:41","R_10Sj0ID1jAJ3K13",NA,NA,NA,NA,NA,NA,"anonymous","EN",1,4.37,4.37,5.664,1,33,2.826,52.042,53.214,25,4.3,56.108,57.944,20,4.41,62.016,63.682,21,NA,NA,NA,NA,"mturk",2,4,4,4,4,2,2,4,4,4,4,4,1,2,3,4,4,5,2,4,1,3,2,4,2,4,2,2,2,4,3,4,4,4,4,4,2,4,4,4,4,4,5,3,4,3,4,4,4,4,4,4,4,2,5,2,3,2,3,4,4,5,3
"3/1/18 9:38","3/1/18 9:43",0,NA,100,292,1,"3/1/18 9:43","R_4PE4Fjwijrab7j3",NA,NA,NA,NA,NA,NA,"anonymous","EN",1,2.006,2.006,18.811,1,30,2.649,85.751,89.623,28,9.105,82.115,85.696,30,1.474,79.561,84.514,24,NA,NA,NA,NA,"mturk",1,2,1,1,3,2,4,4,3,3,1,1,1,1,1,3,1,1,2,5,1,3,3,2,1,5,3,1,1,1,3,1,1,1,1,4,1,1,1,1,4,1,1,1,3,3,1,3,1,4,1,5,1,1,1,3,3,1,1,1,2,3,0
"3/1/18 10:06","3/1/18 10:23",0,NA,100,1010,1,"3/1/18 10:23","R_10CY1sGk2GpppQX",NA,NA,NA,NA,NA,NA,"anonymous","EN",1,2.887,2.887,6.058,1,33,2.186,73.492,75.466,26,702.593,837.825,839.217,20,2.207,59.334,60.969,23,NA,NA,NA,NA,"mturk",3,4,4,5,4,3,4,4,4,2,2,1,1,3,5,4,1,1,5,5,1,3,4,4,2,3,4,2,4,3,3,1,4,4,4,4,3,1,1,1,4,1,1,1,4,3,3,3,2,3,1,2,1,3,4,3,3,4,5,4,4,8,2
"3/1/18 10:50","3/1/18 10:54",0,NA,100,244,1,"3/1/18 10:54","R_3kLZXm2KuSazoLZ",NA,NA,NA,NA,NA,NA,"anonymous","EN",1,11.414,11.414,13.843,1,26,2.586,79.604,81.252,25,2.817,64.696,66.199,24,4.148,66.829,67.951,23,NA,NA,NA,NA,"mturk",3,2,2,4,2,2,4,4,4,2,4,1,1,2,4,2,1,4,4,4,1,3,2,2,2,2,4,1,1,4,2,2,4,3,4,4,1,3,1,1,4,1,2,2,2,2,3,3,2,2,1,4,4,3,4,4,3,4,1,2,2,7,2
"3/1/18 10:56","3/1/18 10:59",0,NA,100,177,1,"3/1/18 10:59","R_2zGBSwOjhvxvYAH",NA,NA,NA,NA,NA,NA,"anonymous","EN",1,2.271,2.271,3.396,1,28,3.395,54.578,56.895,21,2.425,52.498,55.105,23,4.061,48.839,50.224,20,NA,NA,NA,NA,"mturk",3,4,4,4,4,4,4,4,3,3,4,4,2,3,4,4,4,3,4,4,1,3,4,4,4,3,5,2,1,4,3,2,3,5,4,5,1,3,1,4,4,3,5,3,4,4,4,4,4,4,4,2,3,4,3,4,3,5,4,5,3,6,3
"3/1/18 10:56","3/1/18 11:01",0,NA,100,303,1,"3/1/18 11:01","R_2c2i8noKkafRi9R",NA,NA,NA,NA,NA,NA,"anonymous","EN",1,12.08,12.08,13.748,1,31,57.976,125.595,126.897,30,3.2,65.706,67.008,28,16.6,75.479,76.135,26,NA,NA,NA,NA,"mturk",2,4,4,4,4,2,4,4,2,4,3,3,3,4,2,4,3,3,3,2,1,4,4,4,2,4,4,2,4,2,4,2,5,3,4,5,1,2,1,3,4,3,3,4,5,2,2,2,2,4,1,4,2,2,4,1,3,2,4,4,4,4,1
"3/1/18 10:58","3/1/18 11:05",0,NA,100,382,1,"3/1/18 11:05","R_b78jQJaESK46txv",NA,NA,NA,NA,NA,NA,"anonymous","EN",1,10.536,10.536,13.096,1,34,5.84,107.736,109.467,23,13.896,106.183,108.489,20,6.125,102.494,104.46,23,NA,NA,NA,NA,"mturk",1,3,4,4,2,1,3,4,4,2,5,5,5,3,4,3,5,5,3,4,1,3,2,1,1,1,5,1,1,3,2,1,3,5,5,3,1,5,1,5,4,5,5,5,2,4,3,3,3,3,5,2,1,2,1,3,3,1,1,5,1,6,0
"3/1/18 11:02","3/1/18 11:06",0,NA,100,287,1,"3/1/18 11:06","R_2mc4aKtBA38BjHP",NA,NA,NA,NA,NA,NA,"anonymous","EN",1,2.259,2.259,3.847,1,28,44.485,111.157,112.915,23,1.814,66.269,67.373,26,11.565,79.137,80.36,25,NA,NA,NA,NA,"mturk",1,3,2,3,2,2,4,4,4,4,4,4,3,2,2,2,4,4,3,4,1,4,3,3,3,2,2,1,1,1,2,2,4,4,3,4,1,4,3,4,4,4,4,4,2,4,3,1,2,3,5,4,3,2,3,2,3,3,2,4,4,5,1
"3/1/18 11:09","3/1/18 11:15",0,NA,100,355,1,"3/1/18 11:15","R_ZCxF8dCxRrbWpMt",NA,NA,NA,NA,NA,NA,"anonymous","EN",1,1.722,13.324,20.215,2,33,9.366,95.391,98.079,24,5.648,128.862,130.539,29,2.811,80.866,83.283,31,NA,NA,NA,NA,"mturk",1,5,1,1,5,1,4,4,4,4,1,1,1,4,1,1,1,1,1,3,1,4,3,5,4,3,3,3,1,3,4,1,5,1,1,3,1,1,1,1,4,1,1,1,3,3,1,4,3,4,1,1,1,1,3,1,3,1,4,1,4,3,0
"3/1/18 11:19","3/1/18 11:26",0,NA,100,401,1,"3/1/18 11:26","R_bNJ4Yv3lOvAy641",NA,NA,NA,NA,NA,NA,"anonymous","EN",1,10.119,10.119,13.817,1,57,6.614,67.641,69.399,23,12.757,222.487,225.182,21,2.655,64.832,74.713,23,NA,NA,NA,NA,"mturk",3,3,4,5,3,3,5,4,4,2,3,3,3,3,5,5,3,3,4,5,1,5,4,3,3,3,4,2,1,3,2,1,5,4,4,3,1,3,1,3,4,4,3,5,5,3,3,3,3,4,3,2,1,2,5,4,3,1,1,5,4,5,1
"3/1/18 11:29","3/1/18 11:32",0,NA,100,195,1,"3/1/18 11:32","R_40dBojEQkX8aXf3",NA,NA,NA,NA,NA,NA,"anonymous","EN",1,1.881,2.369,4.515,2,27,2.998,53.622,57.123,37,3.595,53.299,55.536,37,19.249,59.996,63.358,36,NA,NA,NA,NA,"mturk",3,4,4,4,5,4,4,5,4,4,3,4,2,4,4,4,3,3,4,5,1,4,4,4,3,4,5,3,2,4,3,2,4,2,3,4,3,2,1,1,4,1,2,2,4,3,3,2,2,4,3,3,2,4,4,4,3,4,4,3,2,7,3
"3/1/18 11:45","3/1/18 11:49",0,NA,100,200,1,"3/1/18 11:49","R_3iUdFoXtUZiS1Bu",NA,NA,NA,NA,NA,NA,"anonymous","EN",1,3.82,3.82,6.29,1,32,2.879,54.689,56.093,25,1.938,66.057,67.961,28,4.35,52.318,53.601,24,NA,NA,NA,NA,"mturk",2,2,2,2,4,2,4,4,2,2,4,4,2,2,2,2,4,2,4,4,1,2,4,2,2,2,2,2,4,2,4,2,2,4,4,4,2,2,2,4,4,4,2,4,4,2,2,2,2,2,4,4,2,4,2,4,3,4,4,2,2,3,3
"3/1/18 11:58","3/1/18 12:02",0,NA,100,210,1,"3/1/18 12:02","R_1OIupV69PCuZUSt",NA,NA,NA,NA,NA,NA,"anonymous","EN",1,2.046,2.046,3.444,1,35,8.371,57.012,58.988,28,5.551,65.244,67.208,21,5.44,65.075,66.44,29,NA,NA,NA,NA,"mturk",4,1,1,1,4,1,4,5,4,2,3,3,3,3,1,1,3,3,3,4,1,4,3,4,1,1,4,2,4,4,2,1,1,3,4,2,1,3,1,3,4,3,3,5,4,4,1,4,1,4,3,2,3,3,4,4,3,5,4,1,4,8,3
"3/1/18 12:03","3/1/18 12:09",0,NA,100,373,1,"3/1/18 12:09","R_ywNScTYCSxngljz",NA,NA,NA,NA,NA,NA,"anonymous","EN",1,36.021,36.021,39.44,1,59,3.131,91.472,92.594,25,17.501,107.857,109.437,22,5.195,111.312,112.789,20,NA,NA,NA,NA,"mturk",3,4,4,4,4,3,5,5,5,5,1,1,1,4,5,4,1,1,5,5,1,5,3,4,4,5,5,4,5,4,2,5,1,5,5,5,1,1,1,1,4,1,1,1,4,1,5,3,4,5,3,5,1,4,3,5,3,5,5,4,3,6,0
"3/1/18 11:58","3/1/18 12:12",0,NA,100,832,1,"3/1/18 12:12","R_urYIIuvWywBLIOZ",NA,NA,NA,NA,NA,NA,"anonymous","EN",1,2.926,50.089,50.929,3,34,10.464,297.45,300.57,30,2.168,265.248,266.295,26,9.778,194.567,195.669,25,NA,NA,NA,NA,"mturk",4,5,4,4,5,5,5,5,4,3,1,1,1,3,4,4,1,1,5,5,1,4,4,5,3,3,4,3,5,4,3,1,4,5,4,4,3,1,1,1,4,1,1,5,4,5,1,4,3,4,1,1,1,4,4,5,3,5,5,3,5,5,0
"3/1/18 12:10","3/1/18 12:14",0,NA,100,223,1,"3/1/18 12:14","R_2fpuNZmGbBIilV7",NA,NA,NA,NA,NA,NA,"anonymous","EN",1,7.12,7.12,8.391,1,23,42.384,89.801,91.124,24,1.146,54.219,55.845,22,2.429,49.454,50.4,22,NA,NA,NA,NA,"mturk",3,3,4,4,4,3,4,3,3,3,3,4,2,3,4,4,3,3,3,4,1,4,4,4,3,2,4,2,3,3,4,3,4,3,4,4,3,1,1,4,4,5,4,2,4,3,3,2,3,4,4,4,1,4,3,3,3,3,3,3,3,5,2
"3/1/18 12:14","3/1/18 12:20",0,NA,100,361,1,"3/1/18 12:20","R_2fiYLcn089Nhkyy",NA,NA,NA,NA,NA,NA,"anonymous","EN",1,10.911,10.911,14.266,1,36,8.475,100.715,102.99,23,10.808,114.443,117.441,24,11.198,89.132,91.226,22,NA,NA,NA,NA,"mturk",3,4,4,4,3,3,3,4,4,3,4,3,3,4,4,4,4,3,5,4,1,4,4,4,4,3,4,3,5,4,4,2,4,5,3,5,3,3,2,4,4,3,3,2,5,3,3,3,3,4,4,4,1,3,3,4,3,5,4,3,3,3,0
"3/1/18 12:19","3/1/18 12:22",0,NA,100,216,1,"3/1/18 12:22","R_1dajte5iZ9tkzLG",NA,NA,NA,NA,NA,NA,"anonymous","EN",1,74.543,75.566,81.626,2,25,6.174,37.533,38.711,22,3.719,30.622,31.904,21,1.251,32.218,34.972,20,NA,NA,NA,NA,"mturk",4,3,4,3,4,4,4,4,3,2,4,4,4,5,4,4,4,3,4,4,1,4,3,4,4,4,5,4,4,4,5,4,4,5,4,3,4,4,3,5,4,4,3,4,4,3,4,4,4,4,3,4,4,3,4,4,3,4,3,4,4,4,3
"3/1/18 12:18","3/1/18 12:28",0,NA,100,603,1,"3/1/18 12:28","R_1DTEwH5bPZvoZcM",NA,NA,NA,NA,NA,NA,"anonymous","EN",1,11.076,11.076,14.433,1,38,13.952,160.686,162.217,24,75.188,271.97,273.725,25,3.709,125.612,127.438,27,NA,NA,NA,NA,"mturk",4,4,4,4,4,4,4,4,4,1,4,1,1,3,4,2,2,2,5,4,1,5,4,4,4,5,4,2,5,4,2,1,5,2,4,4,1,1,1,1,4,2,1,1,4,2,4,2,2,4,1,5,1,3,4,2,3,4,4,2,1,4,0
"3/1/18 12:25","3/1/18 12:34",0,NA,100,509,1,"3/1/18 12:34","R_2wda2vrZPyVvben",NA,NA,NA,NA,NA,NA,"anonymous","EN",1,11.257,11.257,15.443,1,38,6.92,161.534,163.647,28,7.269,164.46,166.055,25,10.313,140.096,146.187,23,NA,NA,NA,NA,"mturk",1,5,5,3,5,3,5,1,1,1,1,1,1,1,1,4,1,1,5,5,1,5,5,5,3,4,4,4,1,1,2,1,5,1,4,4,3,1,1,1,4,1,1,1,4,2,3,4,4,5,1,1,1,3,4,1,3,1,1,2,5,5,0
"3/1/18 13:01","3/1/18 13:07",0,NA,100,349,1,"3/1/18 13:07","R_1je4EswO2BwMynE",NA,NA,NA,NA,NA,NA,"anonymous","EN",1,16.124,16.124,18.466,1,56,10.253,95.99,97.387,21,11.001,108.028,113.45,22,5.958,84.029,89.827,19,NA,NA,NA,NA,"mturk",5,2,1,5,4,5,4,5,5,1,5,5,1,3,1,1,5,5,5,5,1,5,4,5,5,2,5,5,4,5,2,1,5,5,5,2,3,5,1,5,4,5,5,5,5,4,5,5,2,1,5,1,1,5,1,5,3,5,5,5,5,5,1
"3/1/18 13:08","3/1/18 13:11",0,NA,100,205,1,"3/1/18 13:11","R_AsuyBp3P6jedGQ9",NA,NA,NA,NA,NA,NA,"anonymous","EN",1,11.934,12.167,13.121,2,27,2.23,58.517,59.787,38,3.018,54.091,55.185,31,8.752,62.68,64.69,27,NA,NA,NA,NA,"mturk",4,3,4,3,4,3,4,3,3,3,4,4,3,2,4,3,4,4,4,4,1,4,4,4,3,4,4,3,3,3,3,1,3,3,3,3,2,4,1,4,4,4,2,1,3,2,2,3,3,3,4,3,2,3,4,3,3,4,4,3,2,6,3
"3/1/18 13:09","3/1/18 13:13",0,NA,100,234,1,"3/1/18 13:13","R_C9tsLIuRGXumAJr",NA,NA,NA,NA,NA,NA,"anonymous","EN",1,10.731,10.731,13.65,1,43,12.131,74.493,81.246,22,3.559,53.523,55.934,21,3.302,59.912,61.505,20,NA,NA,NA,NA,"mturk",2,3,2,3,4,2,4,4,4,1,1,1,1,2,2,3,1,1,5,4,1,3,3,4,2,1,4,2,1,2,1,1,4,1,4,4,1,1,1,1,4,1,1,1,3,1,2,4,1,3,1,5,1,2,4,2,3,1,1,2,1,8,2
"3/1/18 13:13","3/1/18 13:17",0,NA,100,231,1,"3/1/18 13:17","R_3EvdVgvXQVWQA70",NA,NA,NA,NA,NA,NA,"anonymous","EN",1,1.643,4.555,6.448,3,28,2.621,67.262,74.25,29,5.098,56.852,58.19,27,1.916,64.309,65.727,26,NA,NA,NA,NA,"mturk",3,4,4,4,5,4,4,4,4,2,4,4,4,3,4,4,4,4,3,5,1,4,4,5,4,4,4,3,5,4,4,2,4,4,4,4,4,4,2,4,4,4,4,3,4,3,3,3,3,4,4,2,3,4,4,4,3,4,4,4,4,5,3
"3/1/18 13:17","3/1/18 13:21",0,NA,100,269,1,"3/1/18 13:21","R_82kH1tTKmW4w4V3",NA,NA,NA,NA,NA,NA,"anonymous","EN",1,4.484,4.484,10.015,1,50,6.004,78.598,79.927,24,8.224,62.688,64.629,20,11.968,74.193,75.414,21,NA,NA,NA,NA,"mturk",2,4,4,4,4,3,4,4,3,4,2,2,1,4,4,4,2,3,3,4,1,4,4,4,3,3,3,3,4,3,3,3,3,4,3,4,3,3,2,3,4,3,3,2,3,3,3,3,2,4,4,3,2,2,3,4,3,3,2,4,2,2,1
"3/1/18 13:10","3/1/18 13:37",0,NA,100,1659,1,"3/1/18 13:37","R_2q93XcibeXcbdiY",NA,NA,NA,NA,NA,NA,"anonymous","EN",1,9.555,10.432,12.064,2,28,2.66,1465.71,1468.499,30,5.801,77.565,79.949,27,4.44,63.85,66.134,25,NA,NA,NA,NA,"mturk",2,2,4,1,3,1,5,3,2,1,1,1,1,2,4,4,1,1,1,4,1,3,3,4,2,2,3,2,1,2,2,1,3,5,1,4,2,1,1,1,4,1,1,1,1,4,1,2,3,2,1,3,1,2,4,3,3,1,1,1,2,6,1
"3/1/18 14:12","3/1/18 14:16",0,NA,100,197,1,"3/1/18 14:16","R_3Jqjei3FIDJ2pkU",NA,NA,NA,NA,NA,NA,"anonymous","EN",1,2.381,2.381,4.368,1,26,3.668,58.611,59.614,32,3.982,52.213,53.48,34,3.661,61.3,62.431,30,NA,NA,NA,NA,"mturk",2,5,5,4,5,2,5,5,4,5,5,3,2,2,5,5,3,4,4,4,1,5,4,5,3,4,5,1,2,4,4,2,5,4,2,5,2,3,2,3,4,4,3,4,5,4,2,1,2,4,2,4,4,3,5,2,3,5,5,4,4,8,3
"3/1/18 14:13","3/1/18 14:16",0,NA,100,171,1,"3/1/18 14:16","R_1LIPLWBh3ZZNjKF",NA,NA,NA,NA,NA,NA,"anonymous","EN",1,1.655,1.655,2.716,1,28,2.677,30.902,31.941,23,8.248,33.566,34.362,23,2.68,78.003,79.05,23,NA,NA,NA,NA,"mturk",2,4,3,4,4,2,4,4,2,4,1,1,1,3,5,2,1,2,4,5,1,4,5,5,3,3,3,2,4,3,3,1,4,3,1,4,2,1,1,1,4,1,1,1,3,1,2,3,2,4,1,4,1,3,5,3,3,3,3,2,2,6,2
"3/1/18 14:17","3/1/18 14:21",0,NA,100,202,1,"3/1/18 14:21","R_2AG9ZqwkDXFv6Kj",NA,NA,NA,NA,NA,NA,"anonymous","EN",1,2.365,2.775,4.111,2,24,2.375,58.483,60.039,27,6.638,62.758,63.868,30,10.392,58.566,60.132,30,NA,NA,NA,NA,"mturk",3,2,4,4,4,4,4,4,5,3,2,3,2,3,4,4,3,4,4,4,1,4,4,5,2,4,4,4,1,3,3,1,4,1,3,5,3,1,1,1,4,1,1,1,4,1,3,4,3,4,1,1,1,4,4,4,3,3,3,3,1,7,3
"3/1/18 14:20","3/1/18 14:30",0,NA,100,597,1,"3/1/18 14:30","R_3fPloyZposz68Bg",NA,NA,NA,NA,NA,NA,"anonymous","EN",1,47.997,47.997,50.958,1,39,9.463,142.671,144.126,21,3.267,296.226,298.49,20,4.383,82.577,84.742,22,NA,NA,NA,NA,"mturk",4,1,4,4,4,4,4,4,4,5,4,4,5,2,4,4,5,5,5,4,1,4,4,2,2,2,4,1,5,4,2,1,4,2,4,4,1,3,1,5,4,5,5,1,4,4,2,1,2,4,4,1,1,3,5,4,3,5,5,3,1,5,0
"3/1/18 14:50","3/1/18 14:56",0,NA,100,319,1,"3/1/18 14:56","R_b94OCEE9xDroVUt",NA,NA,NA,NA,NA,NA,"anonymous","EN",1,2.895,2.895,8.802,1,23,66.596,115.081,118.161,21,32.225,88.634,90.071,22,2.228,85.653,87.521,22,NA,NA,NA,NA,"mturk",4,4,4,4,4,4,4,4,4,2,4,1,2,4,4,4,1,3,4,4,1,4,4,4,4,4,4,2,3,4,4,1,4,3,2,4,3,2,1,1,4,3,1,3,4,4,2,4,5,5,2,2,1,5,5,4,3,4,4,2,4,4,0
"3/1/18 14:30","3/1/18 14:56",0,NA,100,1571,1,"3/1/18 14:56","R_3kjwxRWMXrnBH4l",NA,NA,NA,NA,NA,NA,"anonymous","EN",1,2.352,2.352,4.701,1,25,6.423,65.365,66.81,22,1.856,1455.064,1455.908,22,2.502,26.263,28.104,26,NA,NA,NA,NA,"mturk",2,2,2,4,4,4,4,4,4,2,5,5,1,2,2,2,5,5,5,4,1,2,2,2,2,2,2,2,1,2,2,1,2,2,5,2,2,5,2,5,4,2,5,5,2,2,2,2,2,2,5,2,2,2,2,2,3,2,2,2,2,4,2
"3/1/18 15:18","3/1/18 15:23",0,NA,100,271,1,"3/1/18 15:23","R_Z7SoysVOXzVyXiV",NA,NA,NA,NA,NA,NA,"anonymous","EN",1,4.19,4.19,6.435,1,28,9.133,65.196,66.471,29,2.912,70.845,76.574,25,6.149,61.87,64.714,29,NA,NA,NA,NA,"mturk",1,1,1,1,1,1,3,3,3,1,3,3,1,1,1,1,3,3,3,1,1,2,3,1,1,1,3,1,1,5,1,1,3,1,1,1,1,1,1,3,4,3,3,2,3,1,1,1,1,1,3,3,1,3,3,3,3,3,3,1,2,3,2
"3/1/18 15:19","3/1/18 15:23",0,NA,100,243,1,"3/1/18 15:23","R_CawftA7wnjcYOm5",NA,NA,NA,NA,NA,NA,"anonymous","EN",1,6.102,13.346,15.818,3,40,4.346,73.646,75.551,26,3.72,62.417,63.816,21,3.982,67.16,68.448,23,NA,NA,NA,NA,"mturk",2,4,4,4,4,4,4,4,4,4,4,2,3,2,4,4,4,2,2,4,1,4,4,4,4,4,4,2,5,4,4,2,4,4,4,4,2,4,2,3,4,4,3,2,4,2,2,2,2,4,4,4,1,2,4,4,3,4,4,2,2,6,3
"3/1/18 15:17","3/1/18 15:24",0,NA,100,400,1,"3/1/18 15:24","R_2yscqDTjMpY4JGS",NA,NA,NA,NA,NA,NA,"anonymous","EN",1,12.437,12.437,15.185,1,39,78.16,166.949,168.282,27,5.545,76.898,81.397,21,3.56,108.021,109.531,24,NA,NA,NA,NA,"mturk",2,3,4,4,3,2,4,4,4,2,3,2,1,2,4,4,3,2,3,4,1,3,4,4,2,2,4,2,1,2,2,4,4,3,4,3,2,1,1,2,4,3,4,2,2,3,1,1,2,4,2,4,3,2,4,2,3,1,1,2,2,5,0
"3/1/18 15:24","3/1/18 15:32",0,NA,100,494,1,"3/1/18 15:32","R_2V1S6VaYP79MJlq",NA,NA,NA,NA,NA,NA,"anonymous","EN",1,14.411,16.05,16.526,2,28,58.851,137.105,138.727,21,22.237,140.815,142.738,24,53.31,172.304,173.513,23,NA,NA,NA,NA,"mturk",1,2,4,2,2,1,4,4,4,1,4,1,1,2,2,2,2,2,3,4,1,2,4,4,2,2,4,2,5,4,1,1,4,4,5,2,1,2,1,1,4,1,3,1,4,4,4,1,1,2,1,4,1,1,2,4,3,3,4,2,2,5,0
"3/1/18 15:42","3/1/18 15:46",0,NA,100,228,1,"3/1/18 15:46","R_V3eZlldHYhfRx4Z",NA,NA,NA,NA,NA,NA,"anonymous","EN",1,39.335,39.335,41.784,1,35,3.972,93.061,94.376,30,2.095,12.663,35.733,22,1.768,23.912,29.343,27,NA,NA,NA,NA,"mturk",4,4,4,1,5,3,4,4,4,3,4,5,4,2,4,3,4,4,4,4,1,4,4,4,4,4,4,4,4,4,4,4,4,4,4,4,4,4,4,4,4,4,4,4,4,4,4,4,4,4,4,4,4,4,4,4,3,4,4,4,4,3,2
"3/1/18 15:42","3/1/18 15:50",0,NA,100,464,1,"3/1/18 15:50","R_3Hp4ex5rdWmNKD7",NA,NA,NA,NA,NA,NA,"anonymous","EN",1,3.754,3.754,8.613,1,43,217.343,236.568,247.85,23,35.391,65.137,68.286,21,9.591,114.274,115.334,24,NA,NA,NA,NA,"mturk",1,1,1,1,1,1,1,1,1,1,1,1,1,1,1,1,1,1,1,1,1,1,1,1,1,1,1,1,1,1,1,1,1,1,1,1,1,1,1,1,4,1,1,1,1,5,1,1,1,1,1,3,1,1,1,1,3,1,1,1,1,1,1
"3/1/18 16:26","3/1/18 16:30",0,NA,100,245,1,"3/1/18 16:30","R_4Pl30hNsvLWuVot",NA,NA,NA,NA,NA,NA,"anonymous","EN",1,3.368,3.368,6.302,1,29,7.375,77.641,79.462,21,5.401,58.553,60.195,20,8.773,78.85,80.907,21,NA,NA,NA,NA,"mturk",4,4,4,4,4,4,4,4,4,2,4,2,4,4,4,4,4,3,4,4,1,4,4,4,4,4,4,2,4,4,4,4,2,4,4,4,2,2,1,4,4,2,4,2,4,2,4,4,4,4,4,4,2,4,4,4,3,4,4,4,2,3,2
"3/1/18 16:27","3/1/18 16:32",0,NA,100,296,1,"3/1/18 16:32","R_sZ5yyZEcfxkAGJj",NA,NA,NA,NA,NA,NA,"anonymous","EN",1,11.126,11.126,13.217,1,68,3.238,81.568,83.068,26,4.831,86.281,87.986,20,3.421,87.163,89.331,25,NA,NA,NA,NA,"mturk",3,3,4,4,5,4,4,3,4,2,2,3,3,3,4,4,3,3,4,4,1,4,4,5,3,4,4,5,4,4,4,4,3,3,4,3,4,2,3,3,4,3,3,2,4,3,3,4,4,4,3,4,2,4,4,3,3,4,4,4,4,2,0
"3/1/18 16:29","3/1/18 16:36",0,NA,100,394,1,"3/1/18 16:36","R_1i3xKnXSrprj8qQ",NA,NA,NA,NA,NA,NA,"anonymous","EN",1,2.683,7.201,8.315,8,34,31.76,148.078,149.598,59,5.285,72.558,73.817,64,0.517,109.589,111.218,66,NA,NA,NA,NA,"mturk",4,2,2,2,2,2,3,1,2,1,1,2,1,2,2,2,2,1,4,2,2,4,1,2,1,1,4,1,1,2,1,1,5,2,2,4,2,1,2,1,4,1,1,1,2,1,4,3,2,2,1,4,1,3,4,1,3,2,4,4,4,6,1
"3/1/18 16:34","3/1/18 16:37",0,NA,100,159,1,"3/1/18 16:37","R_CdxvC2YVjOLo1Wx",NA,NA,NA,NA,NA,NA,"anonymous","EN",1,2.855,2.855,4.398,1,33,4.794,55.162,57.956,26,6.376,33.359,39.958,26,1.71,33.695,35.8,33,NA,NA,NA,NA,"mturk",5,5,5,4,5,5,5,5,4,2,5,4,2,4,5,5,5,4,5,5,1,5,5,5,5,5,5,5,5,5,4,1,5,5,5,5,5,5,1,2,4,5,3,5,5,5,5,5,3,5,5,1,1,5,5,5,3,5,5,5,3,5,3
"3/1/18 16:29","3/1/18 16:44",0,NA,100,891,1,"3/1/18 16:44","R_Qg1UeRM3XEVu1uV",NA,NA,NA,NA,NA,NA,"anonymous","EN",1,2.817,6.404,16.099,2,46,5.954,141.127,142.929,31,1.846,397.859,401.302,52,20.359,172.041,173.65,27,NA,NA,NA,NA,"mturk",4,5,5,5,5,5,5,5,5,5,5,5,1,1,5,5,5,5,5,5,1,4,5,5,3,4,4,5,2,4,5,3,5,5,4,2,4,1,1,5,4,5,5,3,5,5,2,5,1,5,5,1,1,3,5,5,3,5,5,1,5,3,0
"3/1/18 17:05","3/1/18 17:12",0,NA,100,421,1,"3/1/18 17:12","R_1nZAdl03mJURbJD",NA,NA,NA,NA,NA,NA,"anonymous","EN",1,22.134,24.77,27.255,2,27,0.77,132.545,134.97,73,0.699,109.342,111.229,69,31.337,108.818,109.766,67,NA,NA,NA,NA,"mturk",3,3,3,2,3,2,3,5,3,3,4,3,4,3,3,4,3,3,4,4,1,4,4,5,4,5,4,4,3,4,3,3,4,3,4,5,3,3,3,3,4,3,2,1,4,3,4,3,3,3,3,4,2,3,4,4,3,4,5,4,3,3,0
"3/1/18 16:56","3/1/18 17:16",0,NA,100,1237,1,"3/1/18 17:16","R_2Yu1R8hA85mFUbZ",NA,NA,NA,NA,NA,NA,"anonymous","EN",1,1009.077,1009.077,1010.989,1,39,2.472,81.55,83.886,25,4.175,62.237,63.973,22,2.84,51.769,53.134,22,NA,NA,NA,NA,"mturk",4,3,3,4,4,4,4,4,4,2,5,5,1,4,2,4,5,5,5,4,1,5,4,5,4,4,5,2,5,4,3,1,3,5,5,4,2,4,1,5,4,4,4,2,5,2,5,4,2,4,5,5,4,4,3,5,3,5,5,4,1,8,2
"3/1/18 19:09","3/1/18 19:38",0,NA,100,1772,1,"3/1/18 19:38","R_22JhSvjoETVeoyp",NA,NA,NA,NA,NA,NA,"anonymous","EN",1,0.837,1009.695,1010.976,7,32,3.518,154.614,154.679,92,0.618,283.449,283.559,118,1.633,291.415,292.424,101,NA,NA,NA,NA,"mturk",4,2,4,5,4,2,5,5,4,1,4,5,3,2,5,4,4,4,5,5,1,5,4,4,2,4,4,1,1,4,4,2,4,4,5,4,1,2,1,5,4,4,5,1,4,1,2,4,2,4,5,5,2,4,4,5,3,5,5,4,2,5,0
"3/1/18 19:48","3/1/18 19:52",0,NA,100,204,1,"3/1/18 19:52","R_25thMwAzpCykrDH",NA,NA,NA,NA,NA,NA,"anonymous","EN",1,9.202,9.202,10.58,1,54,3.636,52.445,53.818,23,3.292,53.147,54.758,26,3.875,61.243,62.755,22,NA,NA,NA,NA,"mturk",1,2,4,4,4,3,3,4,2,2,1,1,1,2,5,4,1,1,1,4,1,4,3,4,3,2,2,1,1,2,2,1,2,1,4,5,1,1,1,1,4,1,1,2,2,5,3,4,1,4,1,4,1,2,1,2,3,3,3,4,4,9,3
"3/1/18 21:17","3/1/18 21:22",0,NA,100,344,1,"3/1/18 21:22","R_2nJ7yxy5zi2vU1r",NA,NA,NA,NA,NA,NA,"anonymous","EN",1,5.101,9.32,10.958,2,24,23.061,98.603,100.614,28,20.013,84.276,86.593,29,25.913,92.111,93.888,28,NA,NA,NA,NA,"mturk",2,3,4,4,4,1,4,4,4,1,4,3,2,1,5,4,3,3,3,4,1,4,2,4,4,1,3,1,1,1,1,1,4,2,4,3,2,2,1,3,4,4,3,2,4,2,4,3,1,4,3,5,1,2,3,3,3,1,1,4,1,5,0
"3/1/18 23:01","3/1/18 23:07",0,NA,100,388,1,"3/1/18 23:07","R_2aIw7GNw0thbWoR",NA,NA,NA,NA,NA,NA,"anonymous","EN",1,11.39,11.39,14.26,1,32,9.307,114.756,116.935,25,8.53,103.337,105.201,20,15.668,124.012,126.452,23,NA,NA,NA,NA,"mturk",4,4,4,5,4,3,5,4,4,3,4,5,5,3,4,4,5,4,5,4,1,4,3,4,3,4,5,2,4,4,3,4,5,5,3,4,4,5,3,5,4,5,4,1,5,2,3,5,4,4,5,5,2,4,5,5,3,4,5,4,2,4,0
"3/2/18 0:01","3/2/18 0:06",0,NA,100,345,1,"3/2/18 0:06","R_bIBcxpLuhsFjqlH",NA,NA,NA,NA,NA,NA,"anonymous","EN",1,4.854,12.636,12.672,6,47,4.269,106.717,106.754,60,1.364,100.194,100.218,56,6.034,105.68,106.634,56,NA,NA,NA,NA,"mturk",2,1,2,4,5,2,3,3,2,2,1,1,1,2,4,2,1,1,1,4,1,5,2,2,2,1,4,2,1,1,1,1,3,1,2,3,1,1,1,1,4,1,1,1,4,5,2,4,1,2,1,2,1,1,3,1,3,1,1,1,2,4,0
"3/2/18 1:02","3/2/18 1:09",0,NA,100,420,1,"3/2/18 1:09","R_1Fg3GdOHUVDATQI",NA,NA,NA,NA,NA,NA,"anonymous","EN",1,29.48,29.48,31.486,1,30,5.739,130.537,132.564,28,4.875,93.689,95.096,26,28.982,137.402,139.44,21,NA,NA,NA,NA,"mturk",4,4,4,4,5,4,5,4,4,1,1,1,1,1,4,4,1,1,4,4,1,4,5,5,4,2,4,1,4,4,3,4,4,1,1,4,3,1,3,1,4,1,1,1,4,1,1,1,4,5,1,1,1,4,5,5,3,5,4,5,5,3,0
"3/2/18 2:18","3/2/18 2:23",0,NA,100,253,1,"3/2/18 2:23","R_2AGNurnI1i2XBnA",NA,NA,NA,NA,NA,NA,"anonymous","EN",1,6.331,7.775,7.876,3,42,2.861,67.441,69.44,23,4.345,58.838,60.448,21,8.331,84.547,86.831,22,NA,NA,NA,NA,"mturk",4,3,3,3,4,3,5,5,4,3,1,1,1,3,4,4,1,1,4,5,1,3,3,5,1,1,1,1,4,3,3,1,1,1,1,2,1,1,1,1,4,1,1,1,4,2,1,4,3,4,1,1,1,3,3,1,3,5,5,2,2,6,2
"3/2/18 4:15","3/2/18 4:19",0,NA,100,278,1,"3/2/18 4:19","R_Zw8uKbvC102SNc5",NA,NA,NA,NA,NA,NA,"anonymous","EN",1,3.676,3.676,6.602,1,42,2.795,87.238,89.5,22,3.339,80.659,82.593,28,3.612,82.248,83.313,21,NA,NA,NA,NA,"mturk",4,4,4,5,5,4,5,5,5,3,4,1,2,3,5,5,1,1,5,5,1,4,4,5,3,5,5,4,5,4,3,1,4,4,3,5,2,1,1,1,4,1,1,3,5,5,4,4,4,4,1,2,1,4,2,4,3,5,5,5,5,5,0
"3/2/18 5:17","3/2/18 5:20",0,NA,100,199,1,"3/2/18 5:20","R_1ponLlbIsNiPf1j",NA,NA,NA,NA,NA,NA,"anonymous","EN",1,6.043,6.043,8.52,1,30,10.504,37.59,39.958,21,5.759,90.022,91.979,22,10.583,33.998,35.484,27,NA,NA,NA,NA,"mturk",3,4,3,3,3,3,3,3,4,3,4,4,3,3,3,3,3,3,3,4,1,4,4,3,4,4,3,4,3,3,3,1,1,4,3,4,4,3,1,3,4,4,4,4,3,3,4,2,2,4,3,2,2,3,2,4,3,4,4,2,2,4,2
"3/2/18 6:21","3/2/18 6:27",0,NA,100,359,1,"3/2/18 6:27","R_1Cm8IBqMPAdYlok",NA,NA,NA,NA,NA,NA,"anonymous","EN",1,3.036,3.036,5.285,1,45,5.316,94.696,95.431,31,3.495,123.816,128.511,24,4.198,91.735,93.725,24,NA,NA,NA,NA,"mturk",5,3,3,5,5,5,5,5,5,1,5,5,1,3,3,3,5,5,5,5,1,3,4,4,4,5,5,4,5,3,3,1,4,4,5,5,3,5,1,5,4,5,5,5,5,5,4,3,3,5,5,1,1,4,1,4,3,4,5,3,5,3,0
"3/2/18 7:18","3/2/18 7:23",0,NA,100,292,1,"3/2/18 7:23","R_2PtVj4OL2SMuw7V",NA,NA,NA,NA,NA,NA,"anonymous","EN",1,14.675,14.675,17.916,1,55,2.914,69.634,71.121,21,3.321,86.301,87.586,21,5.562,92.848,95.418,20,NA,NA,NA,NA,"mturk",5,5,5,5,5,4,5,5,5,5,5,5,1,5,5,5,5,5,5,5,1,5,5,5,5,5,5,2,1,5,4,1,2,5,5,5,5,5,1,5,4,5,5,1,5,2,5,5,2,5,5,4,1,2,5,4,3,1,1,5,2,3,1
"3/2/18 8:33","3/2/18 8:49",0,NA,100,948,1,"3/2/18 8:49","R_37ScsFmA3Wp8A01",NA,NA,NA,NA,NA,NA,"anonymous","EN",1,692.944,692.944,695.628,1,40,6.923,74.935,79.86,26,3.033,90.773,92.225,24,2.305,58.11,59.036,23,NA,NA,NA,NA,"mturk",3,3,3,3,3,3,4,3,3,2,4,4,2,3,4,3,4,3,4,4,1,3,4,3,3,3,4,2,4,3,3,2,3,4,4,3,3,3,2,4,4,4,4,3,4,4,3,4,3,4,4,2,3,3,3,4,3,4,4,3,3,2,1
"3/2/18 10:01","3/2/18 10:02",0,NA,100,85,1,"3/2/18 10:02","R_DAyhiet1E8yGOGt",NA,NA,NA,NA,NA,NA,"anonymous","EN",1,5.682,6.877,7.281,2,26,8.275,19.65,20.563,21,8.227,16.972,18.13,20,0.689,23.755,24.762,23,NA,NA,NA,NA,"mturk",4,4,4,3,3,3,4,5,3,4,3,4,3,4,3,2,2,3,4,4,1,3,3,4,5,3,2,3,3,4,3,2,3,5,4,4,3,3,4,3,4,3,2,3,2,4,3,4,4,4,3,2,4,4,3,5,3,3,5,3,3,6,3
"3/2/18 11:02","3/2/18 11:08",0,NA,100,362,1,"3/2/18 11:08","R_AmwvimoHhngUnRf",NA,NA,NA,NA,NA,NA,"anonymous","EN",1,3.619,3.619,4.964,1,34,3.42,54.835,56.441,24,5.074,56.386,59.063,21,2.828,223.684,225.538,20,NA,NA,NA,NA,"mturk",1,1,1,1,1,1,3,4,4,4,4,1,5,1,5,1,5,1,1,4,1,4,1,1,1,1,4,1,1,4,1,1,1,5,4,4,1,5,1,4,4,1,1,1,4,1,3,5,1,1,5,1,1,1,5,1,3,1,3,1,1,4,2
"3/2/18 12:39","3/2/18 12:43",0,NA,100,240,1,"3/2/18 12:43","R_1BPEygTYr5H7S7t",NA,NA,NA,NA,NA,NA,"anonymous","EN",1,5.287,5.287,7.581,1,67,7.247,64.11,67.378,21,4.312,52.415,54.191,21,2.919,47.39,49.352,20,NA,NA,NA,NA,"mturk",2,2,2,2,2,2,4,3,2,2,3,4,3,2,2,2,5,4,4,4,1,3,3,2,4,2,4,2,2,2,2,2,3,3,3,2,1,2,2,4,4,4,4,2,2,3,2,2,2,2,4,4,2,2,2,2,3,2,2,3,2,5,3
"3/2/18 12:45","3/2/18 12:50",0,NA,100,282,1,"3/2/18 12:50","R_Ti679U1eHbmwNod",NA,NA,NA,NA,NA,NA,"anonymous","EN",1,8.693,8.693,12.349,1,61,3.759,70.73,72.435,23,5.817,74.812,76.527,20,8.834,89.191,91.901,23,NA,NA,NA,NA,"mturk",4,4,4,5,5,5,5,5,4,4,5,5,3,4,4,4,5,5,5,5,1,4,4,4,4,4,5,3,5,5,4,1,2,5,4,4,3,4,1,5,4,5,5,5,5,5,4,4,4,4,5,1,4,4,3,5,3,5,5,5,5,5,1
"3/2/18 13:48","3/2/18 13:57",0,NA,100,563,1,"3/2/18 13:57","R_3iyfTYCp58E8uyE",NA,NA,NA,NA,NA,NA,"anonymous","EN",1,14.457,14.457,16.13,1,26,7.695,44.859,55.098,26,3.81,39.878,57.889,24,6.682,52.694,64.547,28,NA,NA,NA,NA,"mturk",4,5,4,4,5,4,4,4,4,4,4,5,2,5,4,4,5,4,5,5,1,5,4,5,4,4,4,2,3,4,5,1,4,4,4,4,4,2,1,5,4,5,5,2,4,2,4,2,4,4,5,5,1,4,5,4,3,4,4,4,2,6,3
"3/1/18 8:15","3/1/18 8:31",0,NA,90,973,0,"3/3/18 8:32","R_24vFpmR40ytiepP",NA,NA,NA,NA,NA,NA,"anonymous","EN",1,10.316,10.316,12.137,1,44,20.119,90.415,92.699,24,11.664,68.512,69.9,21,21.349,77.702,79.832,21,NA,NA,NA,NA,"mturk",4,3,3,3,4,4,4,4,4,3,4,4,2,3,3,3,4,4,4,4,1,4,4,4,4,3,4,2,4,4,2,2,4,4,4,4,2,2,2,4,4,4,4,4,4,4,4,2,3,4,4,2,2,2,4,4,3,4,4,4,4,2,1
