StartDate,EndDate,Status,IPAddress,Progress,Duration (in seconds),Finished,RecordedDate,ResponseId,RecipientLastName,RecipientFirstName,RecipientEmail,ExternalReference,LocationLatitude,LocationLongitude,DistributionChannel,UserLanguage,Q8,Q9_First Click,Q9_Last Click,Q9_Page Submit,Q9_Click Count,Q14,Q2_1,Q2_2,Q2_3,Q2_4,Q2_5,Q2_6,Q2_7,Q2_8,Q2_9,Q2_10,Q2_11,Q2_12,Q2_13,Q2_14,Q2_15,Q2_16,Q2_17,Q2_18,Q2_19,Q2_20,Q2_21,Q10_First Click,Q10_Last Click,Q10_Page Submit,Q10_Click Count,Q4_1,Q4_2,Q4_3,Q4_4,Q4_5,Q4_6,Q4_7,Q4_8,Q4_9,Q4_10,Q4_11,Q4_12,Q4_13,Q4_14,Q4_15,Q4_16,Q4_17,Q4_18,Q4_19,Q4_20,Q11_First Click,Q11_Last Click,Q11_Page Submit,Q11_Click Count,Q5_1,Q5_2,Q5_3,Q5_4,Q5_5,Q5_6,Q5_7,Q5_8,Q5_9,Q5_10,Q5_11,Q5_12,Q5_13,Q5_14,Q5_15,Q5_16,Q5_17,Q5_18,Q5_19,Q5_20,Q12_First Click,Q12_Last Click,Q12_Page Submit,Q12_Click Count,,,,
2/12/18 8:45,2/12/18 8:47,1,,100,71,1,2/12/18 8:47,R_2DXMGueiA5vqATn,,,,,,,preview,EN,1,,,,,,,,,,,,,,,,,,,,,,,,,,,,,,,,,,,,,,,,,,,,,,,,,,,,,,,,,,,,4,,,,,,,,,,,,,,,,,,,,,,
2/26/18 21:16,2/26/18 21:17,0,,100,22,1,2/26/18 21:17,R_1Gxez2QUODweQbh,,,,,,,anonymous,EN,1,3.423,3.423,5.253,1,,,,,,,,,,,,,,,,,,,,,,,0,0,2.923,0,,,,,,,,,,,,,,,,,,,,,0,0,1.591,0,,,,,,,,,,,,,,,,,,,,,0,0,1.858,0,,,,
2/26/18 21:17,2/26/18 21:18,1,,100,22,1,2/26/18 21:18,R_Ahs0jSxu9XS7O6t,,,,,,,preview,EN,1,3.161,3.161,5.441,1,,,,,,,,,,,,,,,,,,,,,,,1.835,2.606,5.049,2,,,,,,,,,,,,,,,,,,,,,0,0,1.511,0,,,,,,,,,,,,,,,,,,,,,0,0,1.264,0,,,,
2/28/18 12:00,2/28/18 12:05,0,,100,265,1,2/28/18 12:05,R_1K3jsUoRLUE2jv3,,,,,,,anonymous,EN,1,3.376,3.376,7.67,1,20,3,2,2,1,3,1,,2,2,3,4,2,2,4,2,3,,4,4,2,1,1.387,43.645,46.189,37,4,4,,3,4,2,4,1,3,3,3,,4,5,5,,4,1,2,,2.761,132.495,135.265,25,3,4,4,2,3,1,3,3,3,3,3,4,3,4,3,2,5,2,2,4,8.989,47.697,53.87,44,,,,
2/28/18 12:05,2/28/18 12:06,0,,100,76,1,2/28/18 12:06,R_ywiR9kyh2DAS72p,,,,,,,anonymous,EN,1,1.984,1.984,5.878,1,35,4,4,2,3,5,4,4,3,3,3,4,2,5,4,2,4,4,5,2,3,1,0.416,13.216,14.925,22,4,2,4,2,3,4,5,3,2,2,4,5,1,4,2,3,5,5,3,4,0.4,13.776,14.9,22,3,4,2,3,3,2,3,5,5,4,4,5,5,4,2,3,3,4,4,4,1.254,22.453,25.442,22,,,,
2/28/18 12:15,2/28/18 12:22,0,,100,433,1,2/28/18 12:22,R_e420RXKbG6Otz9L,,,,,,,anonymous,EN,1,7.676,48.747,51.112,9,48,4,1,1,1,4,1,2,4,4,1,3,1,3,1,1,1,3,1,1,5,1,9.788,118.116,120.467,23,4,2,2,1,4,4,2,5,4,1,1,2,4,4,4,1,2,1,2,4,3.962,107.513,108.505,23,2,2,3,4,1,1,1,1,1,3,1,1,1,1,4,3,4,5,1,1,6.706,128.681,130.879,23,,,,
2/28/18 12:20,2/28/18 12:23,0,,100,174,1,2/28/18 12:23,R_9vRF0aijnyVwBlD,,,,,,,anonymous,EN,1,4.435,4.435,5.958,1,23,3,3,2,2,4,3,4,3,4,2,2,1,1,3,2,2,1,1,4,3,1,10.919,53.339,54.993,23,3,4,4,1,3,4,1,3,2,3,2,3,2,3,4,1,2,1,1,4,3.539,40.215,41.632,21,1,1,1,2,2,2,1,2,2,1,3,1,2,4,2,3,3,3,1,2,5.453,32.527,33.624,20,,,,
2/28/18 12:22,2/28/18 12:29,0,,100,436,1,2/28/18 12:29,R_1dzUBlxVcjxTPQ0,,,,,,,anonymous,EN,1,2.674,2.674,5.045,1,28,1,3,3,3,4,2,4,3,3,3,3,1,1,3,3,3,1,2,3,3,1,4.002,98.726,99.999,27,4,3,4,3,3,3,2,1,3,3,1,4,3,3,3,1,1,1,1,4,25.34,219.322,220.438,25,1,1,1,3,1,1,3,3,3,1,3,1,2,3,3,3,1,1,2,4,4.391,87.989,91.789,20,,,,
2/28/18 12:26,2/28/18 12:32,0,,100,396,1,2/28/18 12:32,R_2qecHD9t8RfXvIa,,,,,,,anonymous,EN,1,74.464,76.891,78.916,4,21,,5,4,4,4,3,4,4,4,3,4,5,4,5,3,4,4,3,5,4,1,2.801,37.163,38.674,27,4,5,,3,5,4,4,3,4,5,4,3,4,4,4,3,4,4,3,4,2.118,32.811,34.78,27,4,3,3,4,3,3,4,4,3,4,3,4,3,3,4,3,4,4,4,4,7.399,217.218,218.49,27,,,,
2/28/18 12:32,2/28/18 12:35,0,,100,148,1,2/28/18 12:35,R_3j27QOxOFu7vqRy,,,,,,,anonymous,EN,1,2.971,2.971,4.893,1,28,,,,,,,,,,,,,,,,,,,,,1,11.485,11.485,17.447,1,,,,,,,,,,,,,,,,,,,,4,6.544,6.544,12.156,1,,,,,,,,,,,,,,,,3,,,,,6.111,6.111,11.86,1,,,,
2/28/18 12:40,2/28/18 12:44,0,,100,244,1,2/28/18 12:44,R_2TviMp9MBzhQiLQ,,,,,,,anonymous,EN,1,3.167,3.167,4.827,1,23,4,4,4,4,5,4,4,5,4,3,3,4,3,3,4,4,4,4,5,5,1,3.089,58.393,59.694,23,4,4,5,4,4,4,1,4,4,4,2,5,3,3,4,3,4,1,4,4,3.662,64.665,66.41,23,5,3,3,4,2,3,4,4,4,3,4,2,4,3,4,3,4,4,4,2,2.793,81.741,82.964,26,,,,
2/28/18 13:34,2/28/18 13:35,0,,100,80,1,2/28/18 13:35,R_2cpaxiIdCdzMSaJ,,,,,,,anonymous,EN,1,4.69,4.69,10.052,1,,,,,,,,,,,,,,,,,,,,,,1,28.72,28.72,31.051,1,,,,,,,,,,,,,,,,,,,,4,4.848,4.848,8.045,1,,,,,,,,,,,,,,,,3,,,,,4.138,4.138,5.853,1,,,,
2/28/18 13:37,2/28/18 13:38,0,,100,100,1,2/28/18 13:38,R_zd0IWvca7aEAQUx,,,,,,,anonymous,EN,1,3.217,6.893,7.755,7,35,1,1,1,1,1,1,1,1,1,1,1,1,1,1,1,1,1,1,1,1,1,5.797,26.719,31.113,58,1,1,1,1,1,1,1,1,1,1,1,1,1,1,1,2,1,1,1,4,0.68,22.937,23.647,53,1,1,1,1,1,1,1,1,1,1,1,1,1,1,1,3,1,1,2,1,0.791,20.059,20.726,53,,,,
2/28/18 13:37,2/28/18 13:41,0,,100,261,1,2/28/18 13:41,R_eb109CaBxZN6cOl,,,,,,,anonymous,EN,1,13.629,13.629,16.577,1,39,5,4,4,5,5,5,4,,3,,2,5,4,4,3,5,5,5,5,5,1,4.285,70.958,73.449,25,3,5,5,3,5,5,4,5,4,1,1,5,4,5,5,1,5,1,5,4,3.723,74.451,76.745,20,5,5,5,5,5,1,3,4,3,5,1,3,5,1,5,3,5,5,5,5,4.311,67.489,68.674,21,,,,
2/28/18 13:36,2/28/18 13:41,0,,100,274,1,2/28/18 13:41,R_Cm3xW8pmNXe4eeB,,,,,,,anonymous,EN,1,3.416,24.968,26.894,3,33,5,4,4,5,4,4,5,4,,2,4,5,2,3,4,5,4,4,5,4,1,4.993,88.046,89.332,23,4,4,5,4,2,4,1,1,4,2,1,4,4,5,4,1,1,1,5,4,4.754,69.631,71.027,23,5,4,4,2,5,1,1,2,3,5,2,1,3,2,5,3,4,4,4,4,1.894,62.447,63.599,23,,,,
2/28/18 13:37,2/28/18 13:42,0,,100,302,1,2/28/18 13:42,R_2OTNFC52xp00cCm,,,,,,,anonymous,EN,1,7.267,7.267,10.569,1,39,1,1,1,1,1,1,3,2,2,1,4,4,1,1,4,2,4,3,1,2,1,4.849,81.337,83.278,24,2,1,1,4,1,1,1,1,1,1,2,5,4,3,2,1,4,1,4,4,3.681,80.799,83.219,29,2,4,2,4,5,1,1,1,1,4,5,4,1,3,2,3,1,3,1,4,10.261,92.702,102.745,27,,,,
2/28/18 13:39,2/28/18 13:53,0,,100,833,1,2/28/18 13:53,R_2w0GkMhmVpKOHUn,,,,,,,anonymous,EN,1,23.821,26.629,33.94,2,59,5,4,4,2,4,2,4,4,4,3,2,2,1,1,4,2,2,2,4,5,1,9.965,562.572,564.7,26,3,4,4,1,1,1,2,5,2,2,4,2,2,4,2,1,2,1,2,4,20.518,100.538,102.459,21,4,2,1,4,1,1,2,1,2,2,5,2,2,2,4,3,1,4,3,1,24.453,110,112.172,21,,,,
2/28/18 14:08,2/28/18 14:20,0,,100,712,1,2/28/18 14:20,R_vUcwIwX2PLp8v73,,,,,,,anonymous,EN,1,381.522,381.522,403.7,1,28,3,4,5,4,3,3,3,4,4,3,3,4,1,3,4,4,5,4,4,4,2,0,0,83.075,0,4,3,3,3,4,4,2,3,4,4,3,3,3,5,5,3,3,3,4,4,0,0,80.242,0,4,4,3,4,2,3,4,4,4,3,3,3,3,3,2,3,3,3,4,3,37.492,103.332,105.187,22,,,,
2/28/18 14:22,2/28/18 14:29,0,,100,409,1,2/28/18 14:29,R_uxgCouTyEmNxtvz,,,,,,,anonymous,EN,1,4.618,5.198,6.386,3,27,1,3,4,2,4,3,5,5,4,1,5,5,5,2,4,4,5,5,5,4,1,29.013,115.328,118.011,36,4,4,5,5,4,4,2,4,4,2,2,5,4,5,4,2,5,5,5,4,26.269,112.921,113.28,39,5,5,5,4,5,4,3,4,4,5,1,5,4,5,4,3,5,4,5,4,1.754,157.366,158.418,42,,,,
2/28/18 14:27,2/28/18 14:30,0,,100,179,1,2/28/18 14:30,R_VIFlrPWFJT4fPc5,,,,,,,anonymous,EN,1,36.26,36.26,41.721,1,36,1,1,1,1,4,1,5,1,1,1,1,1,1,1,1,1,1,1,1,4,1,0,0,27.437,0,4,1,4,1,1,1,1,1,5,1,1,1,1,1,4,1,1,1,1,4,11.228,11.228,48.163,1,1,1,1,1,1,1,1,1,4,1,5,1,2,1,1,3,2,1,1,1,0,0,41.64,0,,,,
2/28/18 15:26,2/28/18 15:29,0,,100,176,1,2/28/18 15:29,R_3F57rFZHD2WljoP,,,,,,,anonymous,EN,1,4.246,4.246,4.968,1,35,2,2,2,2,4,4,4,2,2,2,1,1,1,2,2,2,1,1,4,4,1,0,0,42.793,0,2,4,4,2,1,2,2,1,2,2,1,4,1,2,2,1,1,1,1,5,0,0,55.288,0,1,1,1,2,2,1,2,2,2,1,2,1,2,5,2,3,2,1,1,4,0,0,54.653,0,,,,
2/28/18 15:27,2/28/18 15:34,0,,100,431,1,2/28/18 15:34,R_22RB00GNElrCcSD,,,,,,,anonymous,EN,1,8.434,8.434,11.15,1,29,3,3,3,3,3,1,3,5,4,1,1,1,1,1,2,4,1,1,5,5,1,2.065,75.423,76.6,31,1,3,3,3,5,5,1,1,4,3,1,1,4,5,5,1,1,1,1,4,5.311,238.748,239.763,31,5,1,1,5,1,4,5,2,3,1,2,1,3,3,4,3,5,5,3,1,7.97,87.361,88.657,34,,,,
2/28/18 15:29,2/28/18 15:36,0,,100,418,1,2/28/18 15:36,R_3GAPHEsdxmPULai,,,,,,,anonymous,EN,1,8.278,8.278,11.191,1,36,1,2,3,1,4,1,1,1,1,1,1,1,1,3,4,4,1,1,3,2,1,15.787,114.228,115.99,33,3,3,3,2,4,3,3,1,2,2,1,3,3,4,3,1,1,1,1,4,13.185,133.6,135.345,28,1,1,1,4,4,2,4,2,3,1,1,1,1,4,1,3,1,1,3,3,6.238,124.716,126.674,34,,,,
2/28/18 15:35,2/28/18 15:37,0,,100,126,1,2/28/18 15:37,R_3LdVBiLGSn3iUW2,,,,,,,anonymous,EN,1,3.576,3.576,5.337,1,29,4,2,3,3,5,3,5,2,1,3,4,4,4,4,2,3,4,4,2,5,1,2.58,22.848,24.325,21,2,4,5,2,5,3,4,5,2,4,1,4,5,4,3,4,5,2,3,4,2.004,24.862,26.036,20,2,5,1,4,4,4,3,4,5,2,4,3,2,5,3,3,3,4,5,4,1.159,24.446,25.525,21,,,,
2/28/18 15:48,2/28/18 15:52,0,,100,216,1,2/28/18 15:52,R_1jCeRZoSV8M54B0,,,,,,,anonymous,EN,1,4.771,4.771,13.446,1,31,3,1,1,1,2,1,3,3,3,1,1,1,1,1,1,2,2,1,3,1,1,3.584,60.237,62.005,22,1,1,1,1,1,1,1,1,1,1,1,3,3,1,3,1,1,1,1,4,2.903,46.866,49.248,24,1,1,1,1,3,1,1,1,1,1,4,1,1,1,2,3,1,1,1,1,8.062,63.338,65.701,21,,,,
2/28/18 16:03,2/28/18 16:05,0,,100,107,1,2/28/18 16:05,R_339LQFwCPEGKWmI,,,,,,,anonymous,EN,1,6.6,6.6,8.462,1,24,5,4,4,5,5,5,5,5,5,5,5,5,5,5,3,3,4,5,5,5,1,26.927,26.927,34.633,1,5,5,5,5,5,5,5,4,5,5,4,5,5,5,5,5,3,4,5,4,0,0,22.284,0,5,4,2,5,4,5,4,4,4,5,5,5,5,4,5,3,4,4,5,5,5.162,10.902,23.087,7,,,,
2/28/18 16:08,2/28/18 16:11,0,,100,174,1,2/28/18 16:11,R_2CH8T3itAw8M1ND,,,,,,,anonymous,EN,1,5.387,8.063,9.702,3,27,4,4,4,4,4,3,3,5,4,3,2,4,2,4,3,4,4,4,4,4,1,1.981,34.382,35.88,27,5,4,5,5,4,4,4,4,5,5,4,4,4,4,5,4,1,4,5,4,2.989,31.931,32.921,27,4,5,4,4,5,3,4,4,5,5,5,5,4,4,4,3,5,4,5,3,1.847,22.911,23.515,24,,,,
2/28/18 16:28,2/28/18 16:32,0,,100,244,1,2/28/18 16:32,R_1f6MVLsViM9hpwb,,,,,,,anonymous,EN,1,4.873,4.873,8.097,1,34,4,5,5,5,5,5,5,5,5,3,5,5,4,4,5,5,5,5,5,5,1,5.215,78.184,81.81,25,5,5,5,4,5,5,1,5,4,2,2,5,5,5,5,2,2,1,5,4,4.397,68.602,69.685,25,5,5,4,5,1,3,5,5,5,5,4,4,4,4,5,3,5,5,5,4,3.247,59.823,62.008,20,,,,
2/28/18 16:27,2/28/18 16:32,0,,100,246,1,2/28/18 16:32,R_3p3AT9p3M7jagcQ,,,,,,,anonymous,EN,1,3.792,5.679,7.51,2,50,4,4,4,5,4,4,4,4,4,2,4,5,1,2,5,4,5,5,5,4,1,3.447,69.862,70.833,23,4,4,4,4,4,4,4,4,4,4,1,4,4,4,5,2,4,2,5,4,5.721,65.991,67.304,21,4,5,4,4,5,2,3,2,4,5,4,2,4,4,4,3,4,4,4,4,5.722,79.28,80.516,22,,,,
2/28/18 16:28,2/28/18 16:33,0,,100,314,1,2/28/18 16:33,R_3LZTOALYj3rj8UE,,,,,,,anonymous,EN,1,61.615,61.615,67.363,1,28,5,4,3,4,3,4,4,4,3,3,4,4,3,5,4,3,3,5,3,3,2,9.429,75.213,77.735,23,4,4,3,3,4,4,3,5,4,3,4,3,4,4,4,3,3,3,4,4,5.385,63.98,82.081,23,3,3,3,4,5,5,4,3,4,3,4,4,4,3,4,3,5,4,4,4,2.565,49.888,54.483,22,,,,
2/28/18 16:47,2/28/18 16:52,0,,100,312,1,2/28/18 16:52,R_D2UuGjMlNqdJYmR,,,,,,,anonymous,EN,1,3.975,6.479,8.611,3,32,4,5,4,4,5,4,4,4,4,3,4,4,3,4,4,4,4,4,4,4,1,2.976,73.453,75.132,27,4,4,5,4,4,4,2,3,4,4,2,2,4,4,3,2,4,2,4,4,6.072,94.982,96.199,27,4,4,4,4,2,3,2,4,4,4,4,2,4,4,4,3,3,3,4,2,5.013,104.711,106.779,24,,,,
2/28/18 16:56,2/28/18 16:56,0,,100,19,1,2/28/18 16:56,R_2qmlp3HQI7z6TXa,,,,,,,anonymous,EN,1,1.816,1.816,3.505,1,30,,,,,,,,,,,,,,,,,,,,,,0,0,3.327,0,,,,,,,,,,,,,,,,,,,,,0,0,1.903,0,,,,,,,,,,,,,,,,,,,,,0,0,0.946,0,,,,
2/28/18 16:28,2/28/18 16:58,0,,100,1780,1,2/28/18 16:58,R_xtkXFrd8RPH0vdL,,,,,,,anonymous,EN,1,2.437,2.437,3.827,1,26,2,2,2,4,4,2,5,4,4,2,2,2,1,2,2,2,2,2,4,4,1,8.407,55.782,56.472,26,2,4,4,2,2,4,1,3,2,2,1,5,2,4,5,2,2,1,2,4,12.962,326.654,327.548,20,2,2,4,2,4,2,1,2,2,2,2,1,2,4,4,3,4,3,2,4,150.413,193.789,195.095,22,,,,
2/28/18 16:57,2/28/18 17:01,0,,100,248,1,2/28/18 17:01,R_BtczKn8HO3QaMcF,,,,,,,anonymous,EN,1,1.6,1.6,3.291,1,30,1,1,1,1,1,1,1,1,1,1,1,1,1,1,1,1,1,1,1,1,1,5.912,39.892,41.826,21,2,2,1,2,2,2,1,1,1,1,1,1,3,3,1,2,1,1,1,4,6.565,76.01,79.664,43,2,1,1,1,2,1,1,1,1,1,3,1,1,2,1,3,2,1,1,2,30.699,108.235,109.809,41,,,,
2/28/18 18:02,2/28/18 18:04,0,,100,100,1,2/28/18 18:04,R_3EiP7qToWtEloJV,,,,,,,anonymous,EN,1,4.325,4.325,6.035,1,33,3,4,3,3,4,3,3,3,4,,4,4,3,4,3,4,3,,4,4,1,1.192,14.976,18.192,20,4,4,3,3,3,3,4,3,3,4,4,2,2,3,4,3,3,2,4,4,2.15,18.25,18.693,22,2,4,3,2,3,3,4,4,3,3,3,4,4,3,4,3,2,3,4,3,0.754,20.297,20.546,26,,,,
2/28/18 18:00,2/28/18 18:05,0,,100,269,1,2/28/18 18:05,R_r2UB8zwFqkjLMGZ,,,,,,,anonymous,EN,1,23.624,23.624,25.529,1,28,3,4,3,4,2,4,5,4,4,4,3,3,5,3,1,3,4,4,3,4,1,2.395,165.3,172.23,27,1,2,4,3,2,2,3,3,1,2,4,3,4,4,2,2,5,1,3,4,0.353,19.535,21.215,20,3,3,3,4,4,5,3,3,4,4,4,2,5,4,2,3,2,2,3,5,0.433,21.466,24.713,22,,,,
2/28/18 17:59,2/28/18 18:05,0,,100,355,1,2/28/18 18:05,R_2qlcpyFZ8QHpFUH,,,,,,,anonymous,EN,1,5.552,5.552,7.454,1,61,3,4,4,4,3,3,3,4,4,2,4,3,1,3,4,4,4,3,4,5,1,2.066,61.025,61.959,27,4,4,4,3,2,4,2,4,4,3,2,4,3,3,3,3,2,2,3,4,4.661,69.892,70.994,26,4,4,3,4,4,3,4,2,4,4,2,3,3,3,3,3,4,4,4,4,112.279,191.264,192.538,24,,,,
2/28/18 17:59,2/28/18 18:08,0,,100,512,1,2/28/18 18:08,R_SPiqNcBKDKhkH5f,,,,,,,anonymous,EN,1,39.054,39.054,42.418,1,42,3,3,3,3,3,2,4,4,4,2,3,5,1,2,2,2,5,5,5,2,1,3.952,120.084,121.914,23,4,4,5,3,4,3,4,4,5,3,2,4,5,,5,2,1,1,5,4,11.122,158.864,161.74,23,4,5,4,4,4,3,3,3,3,5,1,1,3,2,4,3,3,4,3,4,14.44,127.364,130.531,20,,,,
2/28/18 18:08,2/28/18 18:14,0,,100,348,1,2/28/18 18:14,R_3k5tgsT6NzObKtb,,,,,,,anonymous,EN,1,1.854,6.757,7.882,6,64,5,5,5,5,5,5,5,5,5,5,5,5,5,5,5,5,5,5,5,5,1,4.264,67.912,69.258,44,5,5,5,4,5,5,4,5,5,5,5,5,5,5,4,1,5,1,5,4,65.359,141.265,142.728,42,5,5,5,5,5,1,5,5,5,5,5,5,5,4,5,3,5,5,5,3,6.806,97.348,99.576,43,,,,
2/28/18 18:10,2/28/18 18:16,0,,100,409,1,2/28/18 18:16,R_1MQI84oqcikIDWV,,,,,,,anonymous,EN,1,6.339,6.339,8.131,1,23,4,1,1,1,1,1,3,1,1,1,4,4,1,1,1,1,4,1,5,1,1,18.874,114.594,116.541,32,1,1,1,1,1,4,1,1,1,1,1,1,1,1,1,1,1,1,4,4,11.638,80.245,82.769,22,1,1,4,1,1,1,1,1,1,4,5,1,1,1,1,3,1,1,3,1,49.212,178.229,179.645,45,,,,
2/28/18 18:26,2/28/18 18:34,0,,100,484,1,2/28/18 18:34,R_1JOUB6NlVg3ZwN2,,,,,,,anonymous,EN,1,19.183,22.977,27.477,2,39,2,1,1,2,2,2,2,4,4,1,3,3,5,1,1,1,3,3,5,4,1,5.945,103.038,104.325,22,1,2,3,2,2,2,1,4,2,2,5,2,4,4,2,2,2,1,4,4,20.49,124.458,125.884,20,3,3,3,4,1,4,2,2,2,3,4,1,2,2,2,3,4,5,4,4,15.983,161.342,162.315,22,,,,
2/28/18 18:35,2/28/18 18:40,0,,100,272,1,2/28/18 18:40,R_2e3cuPX9oDs3RCx,,,,,,,anonymous,EN,1,11.142,11.142,16.34,1,68,3,4,3,5,4,4,4,4,4,4,5,5,1,3,3,3,5,5,4,4,1,5.416,82.785,84.377,26,4,3,4,4,4,4,3,5,4,3,1,4,5,5,4,2,5,1,5,4,3.057,80.866,82.804,26,5,5,5,4,5,3,4,3,4,5,1,1,3,3,5,3,4,5,5,5,2.254,67.397,68.904,33,,,,
2/28/18 18:52,2/28/18 18:56,0,,100,248,1,2/28/18 18:56,R_1I3E4CrtUw6r3rt,,,,,,,anonymous,EN,1,3.446,3.446,5.623,1,35,5,3,4,4,5,5,5,3,4,3,5,5,3,3,1,2,5,1,5,3,1,4.227,71.442,72.405,23,4,3,4,1,5,5,1,5,5,1,1,3,5,5,5,4,3,1,5,4,3.534,86.134,88.48,21,1,1,1,4,1,3,3,2,5,3,5,1,5,1,5,3,5,5,5,1,4.793,66.088,66.844,20,,,,
2/28/18 19:02,2/28/18 19:07,0,,100,278,1,2/28/18 19:07,R_yND2wCrbLXXTOEh,,,,,,,anonymous,EN,1,1.584,11.725,13.201,6,54,4,2,4,4,4,4,4,4,4,2,3,4,2,2,4,4,4,4,4,4,1,2.68,70.87,72.135,44,4,4,4,4,4,5,1,4,4,2,2,2,4,4,4,2,2,2,5,4,5.156,92.765,93.878,49,4,4,4,4,2,2,2,4,4,4,4,2,3,4,4,3,4,4,4,2,3.329,71.175,72.619,43,,,,
2/28/18 19:03,2/28/18 19:07,0,,100,246,1,2/28/18 19:07,R_2fvou4VLDREQkh7,,,,,,,anonymous,EN,1,6.555,6.555,34.792,1,30,4,5,5,4,5,4,4,3,5,4,3,4,4,4,3,3,4,5,5,5,1,2.323,43.496,45.153,21,3,4,4,4,3,5,4,3,5,5,5,4,4,5,3,4,3,5,4,4,1.969,73.348,90.954,23,5,4,4,3,4,5,5,4,3,4,4,3,5,4,3,3,4,5,4,5,1.632,36.785,52.398,23,,,,
2/28/18 19:03,2/28/18 19:08,0,,100,335,1,2/28/18 19:08,R_23TsAS2fGjOshC9,,,,,,,anonymous,EN,1,2.147,6.264,8.275,6,60,1,1,2,4,4,1,3,2,3,4,1,,1,1,2,1,1,1,4,4,1,8.341,134.855,136.414,53,3,1,3,1,1,1,4,4,1,1,1,1,1,4,1,1,,1,1,1,5.627,79.517,81.025,52,1,1,1,2,1,2,1,1,4,4,1,1,,1,2,1,4,4,4,1,3.48,81.444,84.971,56,,,,
2/28/18 19:08,2/28/18 19:10,0,,100,156,1,2/28/18 19:10,R_1OJKnxEalkYJ0eK,,,,,,,anonymous,EN,1,5.147,7.332,7.375,2,29,4,5,5,4,4,3,3,4,4,3,3,5,4,3,4,4,3,4,4,3,1,2.808,41.891,44.604,22,4,3,4,3,5,5,3,4,3,5,4,3,4,4,3,4,3,3,3,4,1.934,42.094,45.074,28,4,4,4,3,3,4,4,5,4,5,3,3,5,5,4,3,4,4,5,3,2.294,36.872,38.747,25,,,,
2/28/18 19:15,2/28/18 19:19,0,,100,276,1,2/28/18 19:19,R_1qe748wpdnJJtvy,,,,,,,anonymous,EN,1,5.203,5.203,14.854,1,48,4,4,1,2,4,4,3,4,4,1,4,2,3,2,2,4,4,2,5,4,1,3.547,72.605,73.863,30,5,1,2,1,4,4,1,4,4,2,1,1,1,1,2,1,4,1,3,4,14.254,85.055,87.621,21,1,4,1,1,3,1,4,1,2,3,4,1,3,1,4,3,4,4,4,1,3.204,82.856,83.8,20,,,,
2/28/18 19:14,2/28/18 19:25,0,,100,646,1,2/28/18 19:25,R_DpLdDA0WpJTr4pb,,,,,,,anonymous,EN,1,48.094,50.651,52.996,2,32,2,2,2,4,4,3,4,3,3,2,1,1,1,1,2,1,1,1,5,4,1,34.484,290.442,292.025,37,2,3,4,2,4,4,2,1,2,2,1,4,3,5,4,1,1,1,3,4,9.311,114.71,116.709,31,2,1,4,4,4,2,2,2,2,1,1,1,3,2,3,3,4,3,4,4,3.46,138.658,141.455,38,,,,
2/28/18 19:25,2/28/18 19:30,0,,100,319,1,2/28/18 19:30,R_2zUB1j5PPaaXZ7I,,,,,,,anonymous,EN,1,6.976,6.976,10.08,1,33,3,3,2,2,2,3,4,3,4,2,2,3,4,2,3,5,2,2,4,2,1,117.964,142.707,146.074,24,4,5,3,4,4,3,5,3,4,2,1,2,4,5,2,3,2,1,3,4,1.239,36.314,39.229,22,5,5,2,2,1,2,3,4,4,2,2,1,5,4,1,3,3,3,4,4,15.067,81.41,82.759,26,,,,
2/28/18 19:33,2/28/18 19:37,0,,100,278,1,2/28/18 19:37,R_2Vm3fQtG8xnAgFa,,,,,,,anonymous,EN,1,3.241,3.241,5.58,1,30,4,4,4,4,5,3,4,4,4,3,4,3,4,4,4,4,4,4,5,4,1,4.03,104.241,106.833,28,4,4,4,3,3,4,3,4,4,4,1,4,3,4,4,2,3,1,4,4,3.057,53.172,59.794,29,4,4,2,4,4,4,3,4,4,3,2,1,4,5,4,3,5,3,4,4,4.115,73.589,84.279,33,,,,
2/28/18 19:37,2/28/18 19:41,0,,100,272,1,2/28/18 19:41,R_2OMRfeHEyKlpFh3,,,,,,,anonymous,EN,1,16.395,17.553,19.141,2,51,4,2,4,3,5,5,4,5,4,2,2,2,1,2,4,4,3,3,5,5,1,2.308,84.196,85.517,28,5,4,5,2,4,4,2,3,4,2,1,5,3,4,4,1,2,1,3,4,2.676,65.916,68.342,25,2,5,3,5,4,3,4,2,4,3,1,1,4,1,4,3,4,5,4,5,9.197,70.909,71.883,26,,,,
2/28/18 20:04,2/28/18 20:08,0,,100,192,1,2/28/18 20:08,R_1K9ZqwbCU6XoRLr,,,,,,,anonymous,EN,1,1.313,3.915,5.286,5,27,2,2,4,4,1,1,3,3,3,2,1,1,1,1,4,3,1,2,4,3,1,1.947,55.854,55.996,74,3,2,1,1,2,3,1,1,3,1,1,4,4,4,4,1,1,1,1,4,2.159,55.179,56.765,70,2,2,4,4,5,4,3,4,3,1,2,2,2,5,3,3,4,4,4,5,1.68,58.573,58.668,66,,,,
2/28/18 20:05,2/28/18 20:08,0,,100,196,1,2/28/18 20:08,R_2PbSwWwr1OxpLOY,,,,,,,anonymous,EN,1,15.236,15.236,17.591,1,38,3,3,3,3,,4,3,3,3,3,4,3,3,3,3,4,4,3,3,3,1,6.02,47.505,49.746,23,4,3,3,3,3,3,3,4,3,3,3,3,3,3,3,3,3,2,3,4,5.153,46.477,48.726,25,3,3,2,3,2,3,4,3,4,3,3,2,3,3,3,3,3,3,3,3,4.565,51.272,52.938,23,,,,
2/28/18 20:04,2/28/18 20:09,0,,100,276,1,2/28/18 20:09,R_2SkrJsYvH2UgpmA,,,,,,,anonymous,EN,1,1.477,1.477,3.844,1,33,1,2,2,1,2,1,4,3,3,1,1,1,1,2,1,2,1,1,4,2,1,2,76.784,78.945,30,3,4,3,2,1,2,1,1,2,2,1,4,1,2,1,1,1,1,1,4,3.655,76.409,79.824,27,1,1,1,4,1,2,3,2,2,1,5,1,2,2,2,3,2,3,3,4,13.918,97.93,100.179,34,,,,
2/28/18 20:04,2/28/18 20:11,0,,100,382,1,2/28/18 20:11,R_3QDdXQPaBEZzIBB,,,,,,,anonymous,EN,1,4.536,37.584,50.499,6,67,2,1,2,1,1,1,2,2,2,2,4,4,2,3,4,1,4,4,5,2,1,4.194,97.514,99.034,25,2,1,1,2,2,4,1,2,3,1,1,1,4,4,1,1,4,1,4,4,4.278,102.582,107.672,24,1,4,2,1,2,1,1,1,1,5,4,1,1,1,2,3,2,4,1,1,3.767,88.159,89.634,24,,,,
2/28/18 20:04,2/28/18 20:13,0,,100,523,1,2/28/18 20:13,R_2TsBOOQe4L8SMwy,,,,,,,anonymous,EN,1,5.224,8.965,10.096,5,26,3,3,4,2,4,4,3,3,4,2,2,3,2,2,3,2,3,1,3,4,2,21.07,261.691,264.658,84,3,3,4,3,2,3,2,2,2,2,3,4,3,3,3,2,2,2,4,4,6.341,145.193,145.62,80,3,3,2,3,3,3,2,2,4,3,5,2,2,3,3,3,4,3,2,1,3.286,76.895,78.29,60,,,,
2/28/18 20:18,2/28/18 20:20,0,,100,149,1,2/28/18 20:20,R_qRBt70dQv2UzuRH,,,,,,,anonymous,EN,1,4.496,4.496,8.524,1,35,5,5,4,5,3,4,4,4,4,1,3,3,3,4,5,5,5,1,5,2,1,3.948,33.362,34.332,22,5,5,,4,5,5,5,4,4,5,5,5,5,5,5,5,1,3,5,4,9.761,53.519,58.424,21,5,1,5,,3,5,4,5,5,5,3,1,4,5,5,3,5,4,3,5,3.976,27.542,28.663,22,,,,
2/28/18 21:07,2/28/18 21:09,0,,100,128,1,2/28/18 21:09,R_1QbDo0EDEdPf6n5,,,,,,,anonymous,EN,1,2.979,2.979,4.567,1,29,3,3,3,3,4,3,3,3,3,2,3,3,3,2,3,3,3,3,3,2,2,15.356,41.475,45.272,22,4,3,3,4,2,4,4,3,3,4,4,3,3,3,3,4,3,3,3,4,1.759,23.582,25.547,23,3,4,3,3,,4,3,3,3,2,3,3,2,3,3,3,2,4,3,2,13.539,34.419,36.18,21,,,,
2/28/18 21:08,2/28/18 21:11,0,,100,164,1,2/28/18 21:11,R_WiYGS5sd0xtgOop,,,,,,,anonymous,EN,1,4.116,4.644,7.478,2,31,2,3,3,4,3,2,3,3,3,3,3,3,3,2,3,3,4,1,3,3,1,2.676,29.378,32.883,22,1,3,3,1,1,1,1,4,2,1,3,2,3,2,2,3,3,1,1,4,1.47,40.675,42.617,22,3,1,3,2,3,2,4,2,3,3,3,1,4,3,3,3,3,4,3,5,3.688,54.935,56.935,24,,,,
2/28/18 21:08,2/28/18 21:11,0,,100,214,1,2/28/18 21:11,R_2wdjxLB7uxKOVmW,,,,,,,anonymous,EN,1,1.659,14.522,16.497,12,20,3,4,2,1,4,3,4,2,3,2,2,2,3,2,2,2,2,2,2,3,1,3.657,50.732,56.154,75,4,4,4,1,3,1,4,1,3,1,1,5,1,1,1,1,2,2,1,4,2.407,52.567,54.064,101,2,3,2,2,3,2,2,3,4,2,2,2,3,2,2,3,4,4,2,2,0.483,56.363,58.623,88,,,,
2/28/18 21:07,2/28/18 21:12,0,,100,286,1,2/28/18 21:12,R_ai0x0jYfcb0RvXz,,,,,,,anonymous,EN,1,5.757,15.496,17.085,3,41,3,4,4,4,5,4,4,5,5,4,4,4,1,3,4,4,4,4,4,5,1,9.156,76.761,80.957,22,4,5,5,1,4,5,2,4,4,3,1,5,5,5,4,1,4,1,4,4,3.446,93.193,94.262,23,4,4,4,5,5,3,5,3,5,4,1,1,4,2,4,3,5,3,4,5,5.111,67.211,74.517,21,,,,
2/28/18 21:07,2/28/18 21:15,0,,100,476,1,2/28/18 21:15,R_4JGMQUWsJpgrlQJ,,,,,,,anonymous,EN,1,1.093,5.983,6.051,4,35,4,4,4,4,5,4,4,4,4,4,4,3,3,4,4,4,4,3,5,4,1,9.017,63.82,63.896,68,4,4,5,4,4,4,2,5,4,4,1,4,4,4,4,5,2,1,3,4,0.405,79.512,82.529,70,2,3,2,4,2,4,4,4,4,4,4,2,4,4,4,3,5,4,4,2,0.806,61.916,61.988,59,,,,
2/28/18 21:13,2/28/18 21:19,0,,100,390,1,2/28/18 21:19,R_3PZzW7H9sguldrb,,,,,,,anonymous,EN,1,19.575,19.575,21.666,1,35,1,4,3,3,5,4,4,3,3,1,1,1,1,1,1,1,1,1,3,4,1,6.025,115.35,117.869,28,3,4,5,4,5,3,3,3,1,1,1,2,1,3,3,3,1,1,1,4,4.709,114.441,116.016,28,1,1,1,4,5,5,3,3,4,3,1,1,4,5,3,,1,3,1,5,10.088,108.108,110.86,23,,,,
2/28/18 21:28,2/28/18 21:34,0,,100,371,1,2/28/18 21:34,R_73QlplIdef68Qud,,,,,,,anonymous,EN,1,59.672,59.672,61.422,1,33,5,5,5,5,5,5,5,5,5,4,5,5,3,4,5,5,5,5,5,5,1,49.073,96.41,103.441,22,5,5,5,5,5,5,3,5,5,5,3,4,5,5,5,5,5,3,5,4,10.566,98.08,99.272,27,5,5,5,5,5,5,1,5,5,5,2,3,5,5,5,3,5,5,5,5,10.277,78.806,79.85,26,,,,
2/28/18 21:59,2/28/18 22:03,0,,100,268,1,2/28/18 22:03,R_tSN94vv4nMhU0KJ,,,,,,,anonymous,EN,1,3.318,3.318,6.194,1,35,2,3,3,2,4,3,4,2,3,3,2,3,3,3,5,5,3,3,3,3,1,19.678,91.695,92.822,25,3,3,2,3,3,4,2,3,2,3,1,3,1,4,2,3,3,1,3,4,6.571,85.645,88.225,22,4,4,3,3,1,3,3,3,3,3,3,1,3,3,3,3,2,3,3,1,10.41,64.425,66.042,27,,,,
2/28/18 22:14,2/28/18 22:17,0,,100,182,1,2/28/18 22:17,R_11WSPpUoAvFUODt,,,,,,,anonymous,EN,1,2.879,2.879,4.921,1,56,4,2,3,3,4,4,4,3,1,1,1,1,1,2,3,3,1,1,5,5,1,6.871,50.11,51.342,22,4,5,5,5,5,4,4,5,1,2,1,5,3,5,3,1,1,1,1,4,8.46,68.618,70.916,37,1,1,1,4,1,1,4,2,2,1,1,1,4,1,4,3,4,4,1,1,3.001,32.257,34.613,22,,,,
2/28/18 22:16,2/28/18 22:21,0,,100,335,1,2/28/18 22:21,R_23ZAHkCX8tCW29d,,,,,,,anonymous,EN,1,4.406,4.406,10.825,1,21,3,5,5,5,5,5,5,4,5,2,4,1,2,2,5,5,1,3,5,4,1,5.238,74.949,78.7,25,4,5,5,2,2,5,1,1,4,2,1,5,4,5,5,1,4,1,1,4,3.231,61.259,62.617,20,1,1,4,5,5,3,3,3,5,1,5,1,4,5,2,3,4,4,5,2,3.156,155.042,156.954,20,,,,
2/28/18 22:14,2/28/18 22:22,0,,100,424,1,2/28/18 22:22,R_3RfkrCjj2RnMmON,,,,,,,anonymous,EN,1,13.765,32.776,37.106,3,58,3,1,4,2,2,2,4,1,2,2,5,5,1,2,2,2,5,5,4,2,1,5.112,111.03,112.272,29,3,3,3,3,1,4,1,4,1,2,3,1,5,5,4,1,5,3,5,4,2.779,106.662,108.316,26,5,5,2,4,5,2,4,2,4,5,4,1,2,2,3,3,1,4,2,4,9.533,126.325,128.668,25,,,,
2/28/18 22:22,2/28/18 22:27,0,,100,272,1,2/28/18 22:27,R_z0WPOhvZOmMyNCV,,,,,,,anonymous,EN,1,8.748,8.748,10.839,1,52,2,5,2,2,5,1,4,1,4,1,5,5,5,2,1,2,5,5,5,2,1,3.529,81.032,83.136,24,3,4,5,4,1,4,5,4,1,2,1,5,4,5,5,1,1,1,5,4,3.657,69.346,70.456,22,5,2,5,4,1,3,1,1,1,4,5,5,2,1,4,3,4,2,2,,6.16,80.176,82.039,22,,,,
2/28/18 22:25,2/28/18 22:31,0,,100,329,1,2/28/18 22:31,R_2pQNcZhGahHzC0i,,,,,,,anonymous,EN,1,7.723,7.723,24.359,1,35,4,3,4,4,3,3,2,3,4,2,4,3,2,3,3,3,4,3,4,3,1,4.264,39.048,85.119,25,4,3,4,2,4,4,2,4,3,2,3,2,3,4,3,3,4,1,2,5,5.377,65.873,87.424,25,5,,4,3,1,3,2,4,2,4,3,3,4,4,3,3,3,3,4,4,3.709,90.735,109.365,23,,,,
2/28/18 22:27,2/28/18 22:31,0,,100,284,1,2/28/18 22:31,R_3rbyTyKNlCweToB,,,,,,,anonymous,EN,1,4.271,4.271,6.411,1,31,2,4,4,4,4,4,2,3,3,2,1,1,1,2,3,4,1,1,4,4,1,5.258,83.787,86.068,26,3,4,5,4,3,2,3,4,3,2,1,4,4,4,3,3,1,1,1,4,10.553,97.143,99.352,26,3,1,1,4,4,4,3,3,4,1,4,1,4,4,4,3,4,5,4,3,3.232,70.401,72.513,28,,,,
2/28/18 22:29,2/28/18 22:34,0,,100,288,1,2/28/18 22:34,R_2YKBrNu1ifuxm3A,,,,,,,anonymous,EN,1,66.197,67.142,68.118,2,24,4,,4,4,4,4,3,3,3,4,4,3,4,4,4,4,4,3,4,4,1,0.775,13.625,14.281,28,2,3,3,3,4,4,4,4,4,4,2,4,4,4,4,4,4,4,4,4,55.1,73.747,74.525,33,2,3,2,4,2,4,2,4,4,4,4,2,4,4,4,3,4,4,4,2,7.578,37.541,38.197,28,,,,
2/28/18 22:36,2/28/18 22:41,0,,100,263,1,2/28/18 22:41,R_Pv5UW6IgiYpgJvr,,,,,,,anonymous,EN,1,4.51,4.51,6.195,1,29,3,3,3,3,2,4,4,4,4,4,5,4,3,2,4,3,4,5,5,3,1,26.618,71.386,74.133,25,5,3,5,4,2,4,5,4,4,5,4,5,3,4,3,5,4,4,4,4,2.464,47.611,55.55,31,3,3,5,5,5,4,3,4,3,3,4,4,4,5,2,3,4,4,3,4,0.118,99.98,101.946,21,,,,
2/28/18 22:27,2/28/18 23:02,0,,100,2108,1,2/28/18 23:02,R_Cf3ikQAh2GIw3MR,,,,,,,anonymous,EN,1,17.998,17.998,22.617,1,33,4,3,4,3,5,4,3,4,4,4,4,4,4,3,5,4,3,2,4,3,1,1985.655,2008.356,2013.32,24,3,4,4,3,3,4,4,1,4,4,5,3,4,4,4,5,3,5,3,4,8.165,25.091,26.328,22,3,4,4,3,4,5,4,4,2,5,2,2,4,3,3,3,4,3,3,2,3.54,19.06,19.771,20,,,,
2/28/18 23:17,2/28/18 23:19,0,,100,156,1,2/28/18 23:19,R_3ERKajP3Gaisjbn,,,,,,,anonymous,EN,1,4.677,4.677,7.546,1,30,5,5,5,5,5,5,5,5,5,5,5,5,1,5,5,5,5,5,5,5,1,9.825,54.191,55.475,28,5,5,5,5,5,5,5,5,,5,5,5,5,5,5,5,5,5,5,4,13.326,33.269,37.101,21,5,,5,5,5,5,5,5,5,5,5,1,5,5,5,3,5,5,5,5,3.508,37.756,39.421,26,,,,
2/28/18 23:17,2/28/18 23:21,0,,100,233,1,2/28/18 23:21,R_AGa0brMFhHXaGkx,,,,,,,anonymous,EN,1,4.085,7.826,9.446,3,45,5,5,5,5,5,5,5,5,5,4,5,5,3,5,5,5,5,5,5,5,1,3.797,47.645,50.886,24,5,5,5,3,5,5,2,5,5,4,2,4,5,4,5,3,5,1,5,4,6.432,75.642,77.263,25,5,5,4,4,4,3,5,5,5,5,3,1,5,4,5,3,5,5,5,4,4.068,66.52,67.736,24,,,,
2/28/18 23:18,2/28/18 23:22,0,,100,222,1,2/28/18 23:22,R_1Iz3pAooNqg0GE0,,,,,,,anonymous,EN,1,2.717,2.717,6.16,1,35,3,3,4,4,4,4,4,4,4,3,1,1,1,3,4,4,1,1,5,5,1,3.969,63.038,64.645,47,4,4,4,3,4,5,1,5,3,2,1,4,3,1,5,2,1,1,1,4,4.377,65.188,66.625,48,1,1,1,5,3,3,3,3,4,1,1,1,5,4,4,3,5,5,3,5,4.32,66.855,66.882,57,,,,
2/28/18 23:18,2/28/18 23:22,0,,100,254,1,2/28/18 23:22,R_2bNsuoGMKG3YvT3,,,,,,,anonymous,EN,1,6.618,6.618,8.968,1,30,4,5,4,4,4,4,4,5,5,4,5,5,5,4,5,5,4,5,4,4,1,6.519,77.785,79.012,26,4,5,5,5,5,5,4,4,5,4,4,4,4,5,5,4,4,4,5,4,3.321,72.49,77.994,25,4,4,5,5,5,5,4,5,4,5,4,4,5,4,4,3,5,5,4,4,4.888,51.569,65.919,21,,,,
2/28/18 23:21,2/28/18 23:27,0,,100,354,1,2/28/18 23:27,R_2ZOodjEKEFNqpO2,,,,,,,anonymous,EN,1,1.878,3.876,6.628,2,50,4,4,4,4,3,3,3,2,3,4,5,5,4,4,4,4,5,5,1,5,1,8.151,93.225,94.415,28,4,4,2,2,4,3,2,1,4,4,3,3,5,5,4,4,5,1,5,4,5.183,112.846,115.298,31,5,5,5,3,4,4,4,4,4,5,4,1,4,3,3,3,1,1,5,2,3.952,82.663,84.331,26,,,,
2/28/18 23:24,2/28/18 23:37,0,,100,785,1,2/28/18 23:37,R_vNY955l3Ld9uqnD,,,,,,,anonymous,EN,1,4.296,4.296,6.568,1,35,1,2,4,4,3,1,3,4,4,4,3,4,3,4,4,4,4,1,4,4,1,19.891,89.858,91.417,22,3,3,3,4,2,4,2,5,3,2,1,4,3,4,4,3,2,1,5,4,491.365,601.928,603.832,20,4,5,4,4,4,4,4,4,5,4,3,1,4,4,4,3,4,4,3,3,4.267,52.786,54.051,21,,,,
3/1/18 0:53,3/1/18 0:56,0,,100,154,1,3/1/18 0:56,R_1jjmlGT4oEzajLJ,,,,,,,anonymous,EN,1,5.736,8.3,10.044,2,24,4,4,3,3,4,4,2,3,1,4,3,4,3,2,4,3,3,1,4,4,1,7.888,39.791,44.502,28,1,2,3,3,2,2,2,1,4,1,3,2,4,2,3,3,4,2,4,2,10.718,33.293,35.956,24,4,3,3,2,3,4,2,2,1,4,1,2,2,2,,3,3,2,3,2,18.653,40.087,50.921,28,,,,
3/1/18 0:54,3/1/18 0:56,0,,100,141,1,3/1/18 0:56,R_qx36FPLLQqYDHRn,,,,,,,anonymous,EN,1,2.088,4.727,5.493,6,23,3,5,5,3,3,4,4,4,4,3,4,3,3,4,4,4,4,4,3,4,1,2.525,28.684,29.625,52,5,5,5,4,4,4,5,5,4,4,4,4,3,4,5,4,4,5,4,4,3.927,28.532,29.604,48,4,5,4,4,5,5,4,4,4,4,4,4,4,4,5,3,5,4,5,4,4.178,38.879,40.071,63,,,,
3/1/18 0:54,3/1/18 0:57,0,,100,160,1,3/1/18 0:57,R_Ti9dc5uRZwRK6rv,,,,,,,anonymous,EN,1,2.061,3.307,6.921,2,21,4,4,4,4,,4,4,2,4,3,4,4,4,3,4,3,4,5,4,4,1,9.646,62.606,63.466,25,4,4,4,4,4,4,4,4,4,4,4,4,4,4,4,4,4,2,4,4,9.207,34.654,35.698,23,4,4,4,4,4,4,4,4,4,4,4,4,4,4,4,4,4,4,4,4,1.786,37.024,38.793,24,,,,
3/1/18 0:54,3/1/18 0:58,0,,100,267,1,3/1/18 0:58,R_1IL6TP7r9OcVsfF,,,,,,,anonymous,EN,1,3.449,5.266,7.671,3,30,1,1,1,1,3,4,4,4,3,1,1,1,1,1,1,1,1,1,4,4,1,2.386,65.186,66.246,59,3,3,2,1,2,2,1,5,1,1,1,4,2,5,2,1,1,1,1,4,7.884,99.135,99.78,53,1,1,1,3,3,1,3,1,2,1,1,1,1,1,4,3,5,4,1,5,2.91,61.978,62.864,54,,,,
3/1/18 0:53,3/1/18 1:00,0,,100,383,1,3/1/18 1:00,R_1Isip39EPBAlUYv,,,,,,,anonymous,EN,1,1.58,10.132,10.222,13,26,2,1,2,2,3,2,3,4,4,1,3,3,3,2,2,2,4,3,4,3,1,0.599,106.44,107.529,81,2,1,1,1,4,4,1,1,2,1,1,3,2,3,4,2,1,1,3,4,0.923,95.873,97.091,80,3,3,4,5,2,2,3,3,3,4,4,1,4,2,4,3,2,4,3,1,1.197,135.305,136.512,121,,,,
3/1/18 0:54,3/1/18 1:00,0,,100,393,1,3/1/18 1:00,R_3emZO4kibwj6eVC,,,,,,,anonymous,EN,1,27.906,27.906,30.384,1,32,4,4,4,4,4,4,4,4,4,4,4,4,3,3,4,4,4,4,4,4,1,14.386,93.072,94.713,23,3,3,4,3,4,4,3,4,4,4,2,3,4,5,4,3,4,2,5,4,6.772,88.989,91.108,21,5,5,4,4,5,3,4,3,4,5,2,3,4,3,4,3,4,5,4,4,42.942,154.83,156.814,23,,,,
3/1/18 0:56,3/1/18 1:03,0,,100,412,1,3/1/18 1:03,R_2tEGd5qgOMlLFns,,,,,,,anonymous,EN,1,11.063,33.791,37.325,16,52,5,5,5,5,5,5,5,5,5,5,5,5,5,5,4,4,5,5,5,5,1,8.147,116.733,118.125,69,5,5,5,5,5,5,5,5,5,5,5,5,5,5,5,5,5,5,5,4,2.9,62.57,63.34,56,5,5,5,5,5,5,5,5,5,5,5,5,5,5,5,3,5,5,5,5,4.555,107.968,109.063,57,,,,
3/1/18 0:54,3/1/18 1:04,0,,100,611,1,3/1/18 1:04,R_30cxqEgOWQIq7Un,,,,,,,anonymous,EN,1,2.715,2.715,4.881,1,41,1,3,3,4,4,2,4,4,3,4,3,2,1,3,3,3,3,3,1,4,1,6.162,101.569,103.033,27,4,3,2,3,3,4,1,1,4,3,5,4,4,1,5,3,3,1,3,4,15.482,153.766,155.614,21,3,4,1,4,3,3,3,3,3,3,5,4,,4,4,3,4,1,4,1,2.424,327.28,329.398,22,,,,
3/1/18 0:56,3/1/18 1:08,0,,100,709,1,3/1/18 1:08,R_2OJ5f4FCv7RJYo1,,,,,,,anonymous,EN,1,11.346,28.079,30.799,6,53,3,4,5,5,5,1,3,2,2,4,3,3,3,4,5,4,3,3,5,4,1,5.801,204.07,207.724,23,4,3,5,3,4,4,2,3,2,4,1,4,4,4,4,1,2,1,4,4,6.95,240.883,245.322,25,4,4,3,4,2,1,3,1,5,3,4,1,2,1,1,3,4,5,4,2,4.862,199.244,201.823,21,,,,
3/1/18 1:56,3/1/18 2:01,0,,100,267,1,3/1/18 2:01,R_1MlPNUKCUmh0ZFL,,,,,,,anonymous,EN,1,3.93,3.93,7.142,1,52,5,3,5,5,5,5,5,5,5,4,5,5,1,3,3,5,5,5,5,5,1,3.036,71.87,73.247,24,5,5,5,5,4,,4,5,5,3,1,4,5,5,5,1,5,1,5,5,4.594,57.998,60.024,20,5,5,5,5,5,3,3,3,4,5,4,1,4,3,5,3,5,5,5,4,16.422,100.908,101.971,25,,,,
3/1/18 1:56,3/1/18 2:02,0,,100,328,1,3/1/18 2:02,R_2aqSzz5NEcDk7n3,,,,,,,anonymous,EN,1,38.505,45.722,50.709,3,35,1,1,2,4,1,1,2,4,4,1,1,1,1,2,1,1,1,1,1,4,1,6.709,63.331,64.663,24,4,2,1,4,1,1,1,4,1,1,1,2,1,1,2,1,1,1,1,4,2.77,69.684,72.593,24,1,1,1,2,2,1,3,2,1,1,2,1,2,2,4,3,1,1,1,2,1.179,107.535,110.784,24,,,,
3/1/18 1:57,3/1/18 2:03,0,,100,395,1,3/1/18 2:03,R_26hSsWTOniniFIf,,,,,,,anonymous,EN,1,21.355,33.954,44.184,2,29,5,4,3,2,4,4,4,4,4,2,4,3,1,2,2,2,3,2,5,5,5,4.859,120.173,122.151,24,4,3,4,1,4,4,1,4,4,3,1,5,3,3,4,1,1,1,3,4,7.674,90.326,91.682,29,1,1,1,4,1,2,1,4,4,1,5,1,4,1,4,3,5,3,4,1,4.01,104.048,105.929,27,,,,
3/1/18 2:00,3/1/18 2:05,0,,100,264,1,3/1/18 2:05,R_22Xrfttv6VxnxIl,,,,,,,anonymous,EN,1,6.013,6.013,13.979,1,30,5,5,4,4,4,4,5,4,5,4,4,5,5,4,5,4,4,5,5,4,1,3.971,75.598,80.275,21,4,4,5,5,5,4,5,5,5,4,4,4,5,4,4,4,5,5,5,4,4.861,53.83,62.905,22,5,4,4,5,5,4,5,4,5,5,5,5,4,4,4,3,4,5,5,4,6.292,62.981,70.462,23,,,,
3/1/18 1:57,3/1/18 2:07,0,,100,626,1,3/1/18 2:07,R_2dpf4fgG7jKeqGd,,,,,,,anonymous,EN,1,7.644,54.9,55.006,11,70,1,3,4,4,3,4,3,4,4,1,5,5,1,3,4,4,5,5,5,2,1,6.297,229.708,229.771,80,4,1,3,1,5,5,2,5,4,4,1,1,5,5,3,1,5,1,5,4,2.654,159.636,160.555,63,5,5,5,5,5,3,5,4,5,5,1,1,5,5,3,3,5,5,5,5,3.311,117.981,119.215,51,,,,
3/1/18 2:14,3/1/18 2:18,0,,100,241,1,3/1/18 2:18,R_BLqj9TpwP9JEkRb,,,,,,,anonymous,EN,1,2.122,2.122,7.219,1,34,4,4,4,4,4,4,4,4,4,4,4,1,1,4,4,4,1,1,4,4,1,3.951,68.4,69.437,22,4,4,4,4,4,4,4,1,4,4,1,4,1,4,4,4,1,1,1,4,2.929,71.279,72.57,26,1,1,1,4,4,4,4,4,4,1,1,1,4,4,4,3,1,1,4,4,3.053,71.141,74.229,22,,,,
3/1/18 2:16,3/1/18 2:19,0,,100,177,1,3/1/18 2:19,R_31L4YwGvQhoqHNW,,,,,,,anonymous,EN,1,3.536,3.536,5.902,1,23,3,4,4,5,4,4,4,5,4,3,4,4,3,3,4,5,4,4,4,4,1,2.635,45.645,49.708,44,4,3,4,3,4,3,1,4,3,3,2,4,3,3,4,2,3,1,,4,12.628,50.611,52.089,22,2,3,2,4,2,4,4,3,4,4,5,2,,3,4,3,4,4,3,2,3.084,51.453,53.05,46,,,,
3/1/18 2:24,3/1/18 2:31,0,,100,403,1,3/1/18 2:31,R_2RQFy9JxMfUV4Ku,,,,,,,anonymous,EN,1,9.856,15.654,16.616,4,47,2,4,4,5,4,3,3,4,4,3,5,5,1,2,2,4,5,5,3,4,1,5.981,99.238,101.554,32,4,4,5,4,3,4,4,1,2,1,1,4,5,4,4,1,5,1,5,4,15.284,145.758,147.495,29,5,5,5,4,4,4,4,3,4,5,4,1,2,1,3,3,1,1,5,4,3.489,108.446,109.933,28,,,,
3/1/18 3:01,3/1/18 3:03,0,,100,127,1,3/1/18 3:03,R_vVN4P1h0SuJAfUB,,,,,,,anonymous,EN,1,2.614,2.63,5.597,2,33,2,2,2,2,2,2,2,2,2,2,2,2,2,2,2,2,2,2,2,2,2,10.6,22.584,24.087,24,2,2,2,2,2,2,2,2,2,2,2,2,2,2,2,2,2,2,2,4,10.853,49.18,50.531,21,2,2,2,2,2,2,2,2,2,2,2,2,2,2,2,3,2,2,2,2,1.941,16.877,18.555,21,,,,
3/1/18 3:01,3/1/18 3:06,0,,100,291,1,3/1/18 3:06,R_3HLW9dLQPtpRQbo,,,,,,,anonymous,EN,1,8.36,9.725,11.788,2,43,4,4,5,4,5,5,5,5,5,5,4,1,1,3,5,5,1,3,5,5,1,4.6,85.648,86.589,23,5,4,4,2,4,4,1,4,4,4,1,4,1,5,4,1,1,1,1,4,4.855,85.58,87.457,22,1,1,3,5,5,1,1,2,5,1,1,1,3,1,4,3,3,3,1,5,4.003,78.432,80.589,23,,,,
3/1/18 3:03,3/1/18 3:06,0,,100,197,1,3/1/18 3:06,R_2v6UjxdR9Fy6DHt,,,,,,,anonymous,EN,1,3.074,3.074,5.762,1,,4,4,4,4,4,4,2,3,5,4,2,3,3,4,4,4,4,4,3,3,1,7.543,23.567,30.491,22,3,4,3,4,4,4,4,4,3,3,4,3,4,4,5,3,4,3,5,4,13.755,33.755,38.726,21,4,4,3,4,4,4,3,4,3,3,4,4,4,3,3,3,4,4,3,4,19.083,41.241,59.614,24,,,,
3/1/18 3:04,3/1/18 3:10,0,,100,327,1,3/1/18 3:10,R_1C3mIFR8NUsc5MR,,,,,,,anonymous,EN,1,11.035,11.035,12.686,1,28,4,5,4,4,4,4,4,4,4,4,4,4,1,4,4,4,5,4,4,4,1,4.591,31.15,44.48,23,4,4,4,5,5,4,2,5,4,4,4,4,4,4,4,4,4,2,5,4,112.904,153.039,154.837,27,2,5,2,3,3,4,2,3,4,2,5,2,4,2,4,3,5,5,5,1,12.031,65.959,68.003,29,,,,
3/1/18 3:02,3/1/18 3:16,0,,100,815,1,3/1/18 3:16,R_2zCRRDIENYfoqbA,,,,,,,anonymous,EN,1,50.034,50.034,69.328,1,28,3,3,3,3,3,3,4,3,3,3,3,2,2,3,4,3,2,2,4,3,1,17.274,126.674,129.271,72,3,3,3,3,2,4,1,1,3,3,1,4,3,5,4,2,3,1,1,4,9.16,229.463,230.65,23,2,2,2,2,3,3,3,3,3,1,3,1,3,3,3,3,3,3,3,4,279.28,350.76,353.386,20,,,,
3/1/18 3:09,3/1/18 3:18,0,,100,547,1,3/1/18 3:18,R_2uxlaKrP419XpkB,,,,,,,anonymous,EN,1,10.787,20.129,21.923,3,18,3,4,5,5,5,3,4,4,4,3,4,5,3,4,5,5,5,5,5,4,1,6.165,143.216,144.11,25,3,4,5,4,5,5,3,1,3,4,1,4,4,5,5,3,3,1,5,4,8.833,173.982,175.819,29,5,5,3,4,2,4,3,3,5,3,2,1,3,3,4,3,4,3,4,4,6.194,180.214,181.673,24,,,,
3/1/18 3:26,3/1/18 3:30,0,,100,250,1,3/1/18 3:30,R_33DeJHlAoGEPjVX,,,,,,,anonymous,EN,1,1.229,4.293,4.387,5,46,5,5,3,4,4,5,5,5,4,4,4,5,5,3,3,3,5,5,5,5,1,3.291,58.431,59.254,51,4,4,5,3,4,4,3,4,4,5,2,3,4,3,4,4,2,1,5,4,3.544,80.781,80.855,56,5,5,2,3,3,5,3,3,3,5,2,5,4,4,5,3,5,5,5,4,2.754,66.225,67.035,54,,,,
3/1/18 3:40,3/1/18 3:42,0,,100,113,1,3/1/18 3:42,R_1H8qufpJ9pL783l,,,,,,,anonymous,EN,1,1.942,1.942,4.404,1,28,1,2,4,3,4,2,2,2,2,2,2,2,2,4,4,2,2,1,3,2,1,1.41,35.595,37.982,28,2,2,2,3,2,2,3,2,3,2,2,2,3,2,3,2,1,2,2,4,2.588,26.356,28.751,23,2,1,2,2,2,2,2,2,2,2,2,1,2,2,2,3,2,2,2,4,3,25.896,26.948,27,,,,
3/1/18 3:42,3/1/18 3:45,0,,100,146,1,3/1/18 3:45,R_1jP2S9iEBlWjqcK,,,,,,,anonymous,EN,1,1.768,1.768,6.553,1,39,5,5,4,5,3,5,5,5,5,4,5,5,4,4,4,5,5,5,5,5,1,3.735,38.625,40.497,29,4,3,3,4,5,5,1,5,5,4,5,3,5,5,5,4,5,3,5,4,2.398,32.611,33.72,26,5,5,1,5,1,5,5,4,5,5,5,3,4,3,4,3,5,5,5,1,2.348,39.494,41.019,32,,,,
3/1/18 3:49,3/1/18 3:55,0,,100,333,1,3/1/18 3:55,R_1qVv7vKXiIUznEO,,,,,,,anonymous,EN,1,9.1,9.1,13.57,1,65,4,4,4,4,5,4,5,4,4,1,1,1,1,3,3,4,1,1,4,4,1,20.802,114.008,115.402,21,4,5,5,4,3,5,5,1,1,1,1,5,1,5,1,1,1,1,1,4,4.021,92.918,95.398,21,1,1,1,1,5,1,3,1,3,1,1,1,1,3,4,3,1,1,1,5,6.581,84.465,86.196,22,,,,
3/1/18 4:03,3/1/18 4:08,0,,100,263,1,3/1/18 4:08,R_1DYnIMyyrhAYojA,,,,,,,anonymous,EN,1,27.088,39.347,40.59,12,28,5,4,4,5,5,4,3,4,4,2,4,5,1,1,2,3,5,4,4,5,1,3.894,57.766,58.857,72,4,4,5,3,4,4,1,5,3,2,1,4,4,5,4,2,1,1,5,4,9.145,67.167,68.429,62,4,4,2,4,2,1,2,2,3,5,4,1,4,1,5,3,4,5,2,2,2.722,63.589,64.713,74,,,,
3/1/18 4:04,3/1/18 4:08,0,,100,235,1,3/1/18 4:08,R_WdKaEYN2QMePjQR,,,,,,,anonymous,EN,1,9.164,9.164,11.268,1,32,1,4,4,4,5,4,1,4,1,4,1,1,1,4,1,4,1,1,5,4,1,6.371,58.257,59.885,22,4,1,4,4,1,2,2,1,2,2,1,4,1,4,4,4,1,1,1,4,19.605,71.384,72.103,21,2,1,1,1,4,2,1,4,4,1,1,1,1,5,2,3,1,1,4,5,10.69,74.188,74.68,21,,,,
3/1/18 4:04,3/1/18 4:08,0,,100,277,1,3/1/18 4:08,R_1LTnNeTLunCQzpf,,,,,,,anonymous,EN,1,2.894,8.412,9.135,7,41,4,4,4,4,5,4,5,4,4,3,4,5,,4,5,5,5,4,4,4,1,4.821,69.69,71.303,55,5,5,5,4,5,5,3,4,5,5,1,5,5,4,5,5,5,1,5,4,3.646,68.497,69.721,55,5,5,3,4,4,3,5,4,4,5,2,1,5,4,5,3,4,4,5,1,1.343,76.076,77.047,70,,,,
3/1/18 4:03,3/1/18 4:09,0,,100,330,1,3/1/18 4:09,R_1rJLnX2lJnkYZKg,,,,,,,anonymous,EN,1,6.667,6.667,10.329,1,26,5,5,5,5,5,5,5,5,5,4,5,5,3,4,5,5,5,5,5,5,1,9.068,107.851,109.505,23,5,5,5,5,5,5,3,5,5,4,3,5,3,5,5,5,5,3,5,4,5.499,93.51,94.641,24,5,5,3,5,3,5,5,4,5,5,3,3,5,3,5,3,3,3,5,4,13.476,86.558,88.178,21,,,,
3/1/18 4:04,3/1/18 4:09,0,,100,329,1,3/1/18 4:09,R_1CdUJ23IZoaJwRu,,,,,,,anonymous,EN,1,10.759,12.887,17.335,2,51,4,2,2,4,4,4,4,4,4,2,4,4,1,3,2,2,5,4,4,4,1,5.207,87.361,90.488,22,4,3,4,4,2,4,2,4,4,2,1,3,4,5,3,2,3,1,4,4,4.95,101.229,102.978,22,5,5,5,5,3,3,4,3,4,2,3,1,4,3,4,3,5,5,4,4,7.96,90.114,92.931,21,,,,
3/1/18 4:04,3/1/18 4:10,0,,100,358,1,3/1/18 4:10,R_scDlUf0JAkvUX5f,,,,,,,anonymous,EN,1,4.254,4.254,16.418,1,42,4,3,4,4,4,2,4,4,4,1,5,4,1,3,4,3,5,5,4,4,1,7.013,116.06,117.959,29,4,4,4,3,4,4,2,5,4,5,2,4,4,4,4,3,5,1,5,4,6.777,103.913,105.902,29,5,5,2,5,2,2,3,2,4,5,4,1,3,3,4,3,5,4,3,2,9.065,89.268,93.307,24,,,,
3/1/18 4:04,3/1/18 4:11,0,,100,390,1,3/1/18 4:11,R_ZyGx33TJerwwvhD,,,,,,,anonymous,EN,1,14.415,14.415,29.293,1,37,1,1,1,4,2,2,3,4,4,4,2,2,2,2,4,2,2,2,4,5,1,13.137,135.001,142.879,33,4,3,3,2,2,2,1,2,2,1,2,1,2,4,2,1,2,2,2,4,8.539,92.134,95.247,25,2,2,1,2,1,2,4,2,2,2,2,4,2,4,4,3,4,2,2,1,4.465,95.463,99.878,30,,,,
3/1/18 4:08,3/1/18 4:13,0,,100,289,1,3/1/18 4:13,R_1hASEN15HojqDcr,,,,,,,anonymous,EN,1,1.96,3.098,3.95,3,30,1,1,1,1,1,1,1,1,1,1,1,1,1,1,1,1,1,1,1,1,1,1.315,24.508,26.941,53,4,1,1,1,2,5,1,1,2,3,1,1,1,1,4,1,1,1,1,4,1.132,70.166,71.063,91,5,1,1,1,4,1,1,1,1,1,1,1,1,1,1,3,1,1,1,1,3.951,144.234,144.53,75,,,,
3/1/18 4:15,3/1/18 4:17,0,,100,120,1,3/1/18 4:17,R_BFm30B9QhHgHLtn,,,,,,,anonymous,EN,1,4.613,4.613,6.712,1,28,3,2,4,2,2,2,2,3,3,4,2,2,3,2,3,3,2,3,4,3,1,2.645,26.678,30.002,22,4,2,3,2,4,2,2,3,4,2,3,2,4,3,1,3,4,2,3,4,2.629,25.902,26.4,23,3,3,3,2,3,3,2,2,3,2,2,4,4,2,4,3,2,2,2,2,1.147,31.74,36.088,21,,,,
3/1/18 5:07,3/1/18 5:10,0,,100,173,1,3/1/18 5:10,R_1OlRUGZOnUHlMy7,,,,,,,anonymous,EN,1,7.767,7.767,13.19,1,30,5,5,5,5,4,5,3,5,4,5,4,4,4,5,4,4,4,4,5,5,1,3.049,35.696,39.606,21,4,5,5,5,4,4,4,4,4,4,5,4,5,4,5,4,5,5,4,4,4.98,33.339,37.62,20,4,4,4,4,4,5,4,5,5,4,4,5,5,5,4,3,4,5,4,5,2.164,44.069,45.954,23,,,,
3/1/18 5:06,3/1/18 5:11,0,,100,311,1,3/1/18 5:11,R_3s1Fmx6lRmY5lkV,,,,,,,anonymous,EN,1,1.58,1.58,3.707,1,29,5,3,3,3,4,4,5,4,5,2,4,2,2,3,4,3,3,4,4,4,1,0.984,37.376,38.337,26,5,3,5,4,4,5,1,4,4,3,2,4,5,4,4,3,3,1,2,4,0.781,44.231,45.834,27,2,3,3,4,3,4,4,4,4,2,3,3,5,4,4,3,5,4,4,4,1.295,34.987,36.093,23,,,,
3/1/18 5:11,3/1/18 5:15,0,,100,232,1,3/1/18 5:15,R_2TWZ5ZsUfkZB6z7,,,,,,,anonymous,EN,1,2.648,2.648,3.753,1,28,1,3,1,4,2,3,3,1,1,1,1,1,1,3,1,1,1,3,3,4,1,3.483,63.803,65.279,21,3,1,1,1,1,3,1,3,3,1,1,3,4,5,4,1,1,1,3,4,3.36,74.249,75.292,27,5,5,5,1,5,1,1,2,2,5,1,1,2,3,1,3,2,1,3,5,6.007,72.278,74.837,25,,,,
3/1/18 5:07,3/1/18 5:16,0,,100,568,1,3/1/18 5:16,R_STVgQxOX4hrNzdD,,,,,,,anonymous,EN,1,4.771,10.668,12.035,5,36,4,2,2,2,3,2,4,4,2,2,3,4,2,1,2,2,4,4,4,2,1,3.567,256.22,257.66,23,3,3,4,2,2,4,2,4,2,2,4,2,3,2,4,1,2,1,4,4,24.959,146.701,148.475,24,4,4,1,3,1,2,4,2,3,4,5,2,2,2,4,3,4,4,3,2,1.332,118.755,122.832,28,,,,
3/1/18 5:10,3/1/18 5:17,0,,100,384,1,3/1/18 5:17,R_3fQ2V5JF63BfQr2,,,,,,,anonymous,EN,1,9.368,9.368,11.287,1,60,4,4,4,4,4,4,4,4,4,2,4,4,2,3,3,3,4,4,4,4,1,63.357,159.757,161.295,21,4,4,5,4,4,4,2,5,4,3,4,2,4,4,4,2,4,2,4,4,7.384,85.384,87.47,21,4,4,2,4,2,2,4,2,4,4,4,2,4,2,4,3,4,4,3,2,5.26,98.492,99.55,22,,,,
3/1/18 5:15,3/1/18 5:17,0,,100,107,1,3/1/18 5:17,R_2ScaIAVItSanFMU,,,,,,,anonymous,EN,1,0,0,1.999,0,29,3,2,1,4,5,4,5,4,4,3,3,5,5,1,2,1,3,4,5,5,1,0,0,36.554,0,4,5,5,4,1,5,5,5,5,1,4,5,4,4,5,1,3,1,5,4,0,0,29.531,0,2,5,4,4,1,4,1,1,2,2,5,4,3,1,4,3,5,5,1,1,0,0,31.09,0,,,,
3/1/18 5:07,3/1/18 5:21,0,,100,850,1,3/1/18 5:21,R_22Gpd6SnKNahywN,,,,,,,anonymous,EN,1,302.032,302.032,304.234,1,30,4,4,4,4,4,4,4,4,4,4,4,4,3,4,4,4,4,3,4,4,1,54.489,87.927,87.959,50,4,4,4,4,4,4,4,4,4,4,2,4,4,4,4,4,3,3,3,4,176.288,206.316,207.103,47,4,3,3,4,2,4,4,4,4,4,3,2,4,4,4,3,4,4,4,4,4.828,33.074,34.466,48,,,,
3/1/18 5:22,3/1/18 5:32,0,,100,643,1,3/1/18 5:32,R_1LjmxSiylAYAD8W,,,,,,,anonymous,EN,1,2.61,2.61,3.844,1,27,4,4,3,3,4,4,4,3,3,2,3,3,3,3,2,3,3,4,5,3,1,2.938,229.66,230.876,33,3,3,4,3,3,4,2,4,3,3,2,4,3,3,5,2,4,2,3,4,165.225,326.505,330.35,29,3,4,3,3,3,3,3,3,4,3,2,3,3,3,3,3,3,4,3,4,5.332,60.323,61.72,26,,,,
3/1/18 6:09,3/1/18 6:12,0,,100,148,1,3/1/18 6:12,R_1CelC61AynpTN9U,,,,,,,anonymous,EN,1,5.295,5.295,7.872,1,26,2,4,2,3,3,2,3,4,4,4,4,2,3,3,4,4,4,3,4,2,1,24.452,36.971,38.406,24,3,4,5,5,4,3,4,4,4,4,3,2,4,4,3,3,3,4,2,3,41.104,50.695,51.983,22,3,5,4,4,4,4,2,4,4,3,3,2,3,4,2,2,3,3,4,3,5.791,15.08,16.195,22,,,,
3/1/18 6:09,3/1/18 6:13,0,,100,259,1,3/1/18 6:13,R_1l6lep99UnUOdBX,,,,,,,anonymous,EN,1,7.177,7.177,9.633,1,44,4,3,3,3,4,3,4,4,4,3,4,4,3,3,3,3,4,4,4,4,1,5.047,60.558,62.088,21,4,4,4,4,4,4,3,4,3,3,1,3,4,3,3,3,2,1,4,4,2.78,87.783,90.322,24,4,4,3,4,2,3,3,3,4,4,2,1,3,3,4,3,4,4,3,2,5.401,68.003,69.513,20,,,,
3/1/18 6:10,3/1/18 6:15,0,,100,260,1,3/1/18 6:15,R_XZngkgeQGS3rxEl,,,,,,,anonymous,EN,1,4.181,6.882,9.19,2,41,5,4,4,4,5,5,5,3,3,3,5,3,3,3,4,4,3,3,5,5,1,3.529,76.653,78.734,23,3,5,5,5,5,5,4,1,5,3,1,5,5,5,5,5,1,1,5,4,12.062,79.752,81.203,25,5,3,5,5,5,5,4,3,5,4,1,1,5,3,3,3,5,5,5,5,5.519,67.907,69.569,20,,,,
3/1/18 6:09,3/1/18 6:15,0,,100,358,1,3/1/18 6:15,R_1eKtDYKM7jrVJuw,,,,,,,anonymous,EN,1,7.126,7.126,9.899,1,35,3,4,4,3,4,3,5,4,3,4,3,3,3,4,3,3,3,3,3,5,1,8.071,113.325,115.728,22,4,3,3,3,3,4,3,2,3,4,3,4,4,3,4,3,3,3,3,4,8.024,93.086,95.071,20,5,3,4,3,3,3,3,3,3,3,4,3,3,3,3,3,1,2,3,4,16.628,109.958,111.853,21,,,,
3/1/18 6:10,3/1/18 6:18,0,,100,438,1,3/1/18 6:18,R_3RsAecaVkqgtD7K,,,,,,,anonymous,EN,1,4.885,10.314,11.798,3,25,3,3,2,2,4,3,4,4,4,3,5,5,4,2,2,2,5,4,4,4,1,3.048,82.368,95.488,33,3,4,4,4,4,4,4,5,3,3,2,4,4,4,4,3,2,2,5,4,2.306,84.864,86.264,27,2,4,2,4,2,3,4,3,3,4,5,2,3,2,4,3,4,5,3,2,149.799,219.457,221.999,27,,,,
3/1/18 6:18,3/1/18 6:22,0,,100,262,1,3/1/18 6:22,R_31YNs5CeTI3snE6,,,,,,,anonymous,EN,1,3.614,4.181,6.478,2,39,3,3,5,5,3,3,3,5,5,2,5,5,1,3,5,5,5,3,5,5,1,4.287,72.572,74.611,22,4,3,3,5,3,5,3,5,5,3,1,4,5,5,5,1,3,5,5,4,9.874,80.849,83.154,21,5,5,5,4,4,4,4,3,4,5,1,1,3,3,5,3,5,5,5,4,4.185,69.293,71.493,22,,,,
3/1/18 6:26,3/1/18 6:28,0,,100,117,1,3/1/18 6:28,R_uqpzccvuLakeZ0t,,,,,,,anonymous,EN,1,2.063,2.063,3.127,1,27,3,3,3,4,3,5,4,4,4,3,3,5,3,3,4,5,3,4,4,4,1,20.737,22.11,35.41,2,4,3,3,3,4,4,2,1,4,4,3,5,4,3,5,3,4,3,5,4,0,0,35.887,0,5,5,3,5,3,4,4,4,5,3,3,5,5,4,4,3,4,4,4,3,0,0,29.681,0,,,,
3/1/18 6:40,3/1/18 6:48,0,,100,464,1,3/1/18 6:48,R_2tDsD5HtmjM7fda,,,,,,,anonymous,EN,1,180.782,184.147,189.576,2,52,3,3,2,2,4,3,4,4,2,1,1,1,1,1,3,2,1,1,5,4,1,4.385,74.901,80.314,21,3,3,4,3,2,4,4,4,3,2,1,4,4,5,2,1,2,1,1,4,11.96,69.031,71.475,20,1,1,1,4,3,1,1,2,4,1,2,1,2,3,2,3,1,5,1,4,3.026,94.133,98.681,22,,,,
3/1/18 7:12,3/1/18 7:17,0,,100,349,1,3/1/18 7:17,R_0OnMzkJXcjf8YM1,,,,,,,anonymous,EN,1,7.313,7.313,9.258,1,37,4,4,2,4,5,4,5,5,4,1,5,5,5,2,1,1,5,5,5,5,1,3.802,60.62,68.714,22,5,5,5,1,5,5,4,5,4,5,1,5,5,5,4,1,1,1,5,4,8.282,52.377,53.389,21,5,5,1,5,1,1,3,2,4,5,4,1,4,1,4,3,5,5,4,5,50.79,171.403,177.363,23,,,,
3/1/18 7:18,3/1/18 7:20,0,,100,160,1,3/1/18 7:20,R_27jMXCiIUnzQR4K,,,,,,,anonymous,EN,1,5.922,7.862,8.027,4,35,4,4,4,4,5,4,5,5,5,3,4,2,1,3,4,3,4,2,4,4,1,3.337,42.559,43.285,54,4,5,5,4,3,4,3,5,4,4,1,4,3,4,4,3,1,1,4,4,3.086,48.479,49.115,48,2,3,4,3,3,2,3,5,3,4,4,1,4,4,4,3,5,4,4,3,3.15,40.737,41.677,60,,,,
3/1/18 7:14,3/1/18 7:21,0,,100,421,1,3/1/18 7:21,R_332y7Nb0b8RBG0H,,,,,,,anonymous,EN,1,3.234,3.234,5.12,1,29,1,1,2,1,2,1,2,4,4,2,1,1,1,2,2,2,1,1,4,2,1,42.099,160.945,163.321,23,2,2,2,2,2,2,1,1,2,1,4,4,4,4,5,1,2,1,2,4,3.599,56.187,57.724,24,2,2,2,4,4,2,3,2,2,1,4,2,1,1,1,3,2,3,4,4,4.625,174.183,175.288,20,,,,
3/1/18 7:16,3/1/18 7:22,0,,100,324,1,3/1/18 7:22,R_1LOnQySERJd5zOK,,,,,,,anonymous,EN,1,3.85,6.651,12.705,3,38,5,5,5,5,5,5,4,5,5,1,5,5,1,5,4,3,5,4,5,5,1,3.952,84.936,86.338,26,5,3,5,4,5,5,4,5,5,4,5,4,5,3,5,3,5,3,5,2,2.517,108.669,109.753,29,4,5,3,5,3,2,1,4,5,5,5,3,5,3,5,3,5,5,4,1,5.776,92.654,94.099,26,,,,
3/1/18 7:20,3/1/18 7:24,0,,100,232,1,3/1/18 7:24,R_3eysDpYM69YnpSt,,,,,,,anonymous,EN,1,2.684,3.866,6.715,2,54,2,4,2,3,4,2,3,4,4,3,2,2,3,2,4,3,2,3,2,4,1,2.867,70.723,72.147,25,3,4,4,4,3,3,4,1,3,4,1,4,1,3,3,4,1,1,3,4,5.126,79.062,80.479,27,2,2,2,2,3,3,2,2,3,2,3,1,2,3,2,3,2,1,2,4,3.276,50.046,52.129,23,,,,
3/1/18 7:35,3/1/18 7:39,0,,100,242,1,3/1/18 7:39,R_1plZUe7UkV3iyAR,,,,,,,anonymous,EN,1,4.035,4.035,6.462,1,40,1,1,1,1,3,1,3,1,1,1,3,3,1,1,2,1,2,3,3,4,1,4.382,71.111,72.585,23,1,1,2,1,1,3,1,1,1,1,1,2,5,3,2,1,2,1,3,4,9.257,72.935,74.804,25,3,3,2,1,2,1,1,1,2,4,2,1,1,2,1,3,1,1,2,3,2.694,57.802,59.642,22,,,,
3/1/18 7:58,3/1/18 8:01,0,,100,174,1,3/1/18 8:01,R_9HbY1Rrx19ccQzn,,,,,,,anonymous,EN,1,3.1,3.1,4.521,1,32,1,1,3,3,5,1,3,4,4,1,1,1,1,3,4,4,1,1,1,4,1,5.29,53.667,55.652,25,4,4,4,2,2,1,4,1,3,2,1,4,1,3,3,1,1,1,1,4,5.398,46.492,48.016,23,1,1,3,2,5,2,2,1,4,1,1,1,1,5,2,3,1,1,1,5,5.623,47.582,47.923,22,,,,
3/1/18 8:07,3/1/18 8:10,0,,100,178,1,3/1/18 8:10,R_2z5zB3WUhXAeZM3,,,,,,,anonymous,EN,1,6.408,6.408,46.039,1,22,1,2,2,3,3,2,2,4,5,3,1,5,5,2,2,3,5,3,1,2,1,0,0,20.018,0,1,5,2,4,2,1,5,4,1,2,1,2,5,4,2,5,5,,4,4,0,0,75.15,0,1,2,5,2,1,,2,1,5,5,1,1,5,1,1,4,2,4,5,2,0,0,14.238,0,,,,
3/1/18 8:06,3/1/18 8:12,0,,100,377,1,3/1/18 8:12,R_1KeCoxBj9sj9irj,,,,,,,anonymous,EN,1,6.375,6.375,9.742,1,56,4,4,4,4,4,4,4,4,4,4,4,4,4,4,4,4,4,4,4,4,1,3.498,23.772,29.059,23,3,3,4,3,4,4,3,4,3,3,3,3,4,3,3,3,4,1,3,4,207.188,249.019,251.564,22,4,4,4,4,4,4,4,4,4,4,4,1,4,4,4,3,4,4,4,4,7.735,37.767,41.839,28,,,,
3/1/18 8:18,3/1/18 8:22,0,,100,235,1,3/1/18 8:22,R_1H5HqcuhNiXUDBA,,,,,,,anonymous,EN,1,2.385,2.385,3.48,1,27,3,3,4,3,5,5,5,3,2,1,3,3,3,1,4,4,3,3,3,4,1,9.846,71.224,71.977,50,5,5,5,3,2,5,2,5,3,1,1,3,3,3,3,1,3,1,3,4,2.02,81.884,82.831,36,2,3,3,,3,4,3,4,4,3,1,1,4,1,4,3,5,5,3,5,4.642,65.409,66.1,46,,,,
3/1/18 8:29,3/1/18 8:33,0,,100,268,1,3/1/18 8:33,R_3CVj59Un01Cyyv9,,,,,,,anonymous,EN,1,2.043,2.043,3.777,1,31,4,5,4,5,5,4,5,4,4,5,3,5,1,5,5,5,5,3,5,5,1,2.556,77.882,83.053,25,5,4,4,5,4,4,3,1,5,5,2,4,5,5,5,4,5,2,5,4,8.588,74.676,83.23,22,5,5,2,4,3,4,5,5,5,5,2,1,5,5,4,3,4,1,5,3,3.572,74.25,82.189,24,,,,
3/1/18 8:32,3/1/18 8:34,0,,100,151,1,3/1/18 8:34,R_1lccgbUmzuEcmS6,,,,,,,anonymous,EN,1,4.211,4.211,6.269,1,27,5,4,4,3,4,4,2,4,5,4,3,4,4,5,5,3,5,3,4,3,1,1.969,42.005,46.987,22,4,5,4,3,4,5,5,3,5,4,3,4,5,3,3,4,,4,4,4,2.447,29.322,30.886,20,5,3,4,3,4,2,5,5,3,2,4,4,3,4,3,3,4,4,4,5,12.177,42.288,44.768,20,,,,
3/1/18 8:33,3/1/18 8:37,0,,100,224,1,3/1/18 8:37,R_vdkZCvbb5lw12hz,,,,,,,anonymous,EN,1,4.424,4.424,7.596,1,35,3,2,3,2,3,2,1,4,4,2,4,4,3,1,3,4,3,2,4,4,1,0,0,86.04,0,1,1,4,1,4,4,1,1,4,1,1,1,1,4,1,1,2,1,4,4,0,0,56.114,0,4,5,5,4,5,4,1,4,4,4,1,1,3,4,4,3,4,1,1,4,0,0,56.382,0,,,,
3/1/18 8:34,3/1/18 8:37,0,,100,202,1,3/1/18 8:37,R_3O2ZpBHh9brdHIq,,,,,,,anonymous,EN,1,10.892,10.892,12.601,1,42,2,4,4,4,4,2,4,2,4,4,2,2,2,4,2,4,2,2,2,4,1,4.877,55.45,56.359,24,4,4,4,4,4,4,4,2,2,4,2,4,4,4,4,2,4,2,2,4,12.655,57.903,60.347,21,2,4,4,4,4,4,2,2,4,2,2,2,2,2,2,3,2,2,4,4,6.063,51.067,52.481,20,,,,
3/1/18 8:34,3/1/18 8:41,0,,100,376,1,3/1/18 8:41,R_1H6So1DQylvTz7b,,,,,,,anonymous,EN,1,10.077,10.077,11.118,1,24,2,3,3,2,4,2,4,3,3,2,2,1,1,2,4,2,2,2,4,4,1,4.311,37.442,39.287,23,4,3,3,2,2,3,1,2,2,2,1,3,3,4,4,2,1,1,1,4,193.59,223.693,225.344,20,1,2,1,4,3,4,2,3,3,1,4,1,2,4,2,3,4,3,3,2,31.546,74.274,76.335,30,,,,
3/1/18 9:15,3/1/18 9:20,0,,100,285,1,3/1/18 9:20,R_3HM5mibjpSZFBJb,,,,,,,anonymous,EN,1,6.769,6.769,14.118,1,45,4,4,5,5,4,4,5,5,5,4,5,5,1,4,5,5,5,5,5,4,1,4.62,71.317,73.182,27,4,4,5,4,5,5,2,5,5,4,1,5,5,5,4,3,5,1,5,4,6.137,92.315,93.518,27,5,5,2,5,4,4,5,4,5,5,4,1,4,4,5,3,5,5,5,4,9.772,82.972,85.614,25,,,,
3/1/18 9:25,3/1/18 9:28,0,,100,237,1,3/1/18 9:28,R_2pQVEUmNnQTBg53,,,,,,,anonymous,EN,1,4.666,4.666,17.065,1,56,1,1,3,1,2,2,3,3,2,2,1,1,1,2,2,1,1,1,3,3,1,7.911,50.977,54.38,37,2,4,3,2,1,3,2,4,2,1,2,,1,3,2,2,2,2,1,4,3.76,66.89,69.432,30,1,2,1,3,3,3,3,2,2,2,2,1,2,2,2,3,4,4,4,3,11.427,72.265,78.924,34,,,,
3/1/18 9:29,3/1/18 9:34,0,,100,251,1,3/1/18 9:34,R_12R5EQc56T5pmC3,,,,,,,anonymous,EN,1,3.488,3.488,4.508,1,35,4,2,3,4,4,4,4,4,4,3,2,2,2,3,4,4,2,2,5,4,1,3.708,76.923,78.173,31,4,4,4,4,3,4,3,1,3,2,1,4,4,4,3,2,3,1,2,4,3.386,69.265,69.585,28,3,2,4,4,4,3,4,3,4,2,2,1,4,2,4,3,3,3,4,4,4.628,82.891,84.306,28,,,,
3/1/18 9:32,3/1/18 9:38,0,,100,364,1,3/1/18 9:38,R_1gLW4As5FB9NLeg,,,,,,,anonymous,EN,1,19.804,19.804,21.18,1,49,2,3,4,5,3,4,3,4,4,2,5,5,3,5,5,5,5,5,4,5,1,20.245,110.891,112.11,23,4,3,3,3,3,4,1,5,5,4,1,1,5,4,5,3,5,1,5,4,5.914,99.789,100.719,22,5,5,4,4,5,3,5,4,5,5,1,1,4,1,4,3,5,5,5,4,9.14,103.62,105.735,21,,,,
3/1/18 9:30,3/1/18 9:39,0,,100,552,1,3/1/18 9:39,R_1pKH8Y1gO6Xrmm3,,,,,,,anonymous,EN,1,5.651,28.073,30.132,7,35,3,4,3,4,3,3,3,4,4,3,4,3,3,3,3,3,4,3,3,4,5,14.259,109.234,112.374,57,4,3,3,4,3,4,2,3,4,3,2,3,5,3,3,3,3,1,4,4,12.094,178.685,178.736,67,4,4,2,4,2,3,4,3,3,4,4,2,3,3,4,3,2,3,4,2,12.253,201.299,203.423,65,,,,
3/1/18 9:31,3/1/18 9:41,0,,100,624,1,3/1/18 9:41,R_0H7BGdeiLc7nkcN,,,,,,,anonymous,EN,1,7.835,7.835,10.288,1,25,4,2,4,4,5,4,4,4,4,2,3,3,3,2,4,4,3,5,5,4,1,166.382,343.63,345.551,32,4,4,4,1,1,4,4,1,4,1,1,4,4,4,4,4,1,1,3,4,8.89,94.218,96.123,25,1,5,1,3,5,4,1,4,4,3,1,1,5,5,4,3,5,3,4,3,2.751,145.319,147.176,42,,,,
3/1/18 9:38,3/1/18 9:41,0,,100,195,1,3/1/18 9:41,R_10Sj0ID1jAJ3K13,,,,,,,anonymous,EN,1,4.37,4.37,5.664,1,33,2,4,4,4,4,2,2,4,4,4,4,4,1,2,3,4,4,5,2,4,1,2.826,52.042,53.214,25,3,2,4,2,4,2,2,2,4,3,4,4,4,4,4,2,4,4,4,4,4.3,56.108,57.944,20,4,5,3,4,3,4,4,4,4,4,4,4,2,5,2,3,2,3,4,4,4.41,62.016,63.682,21,,,,
3/1/18 9:38,3/1/18 9:43,0,,100,292,1,3/1/18 9:43,R_4PE4Fjwijrab7j3,,,,,,,anonymous,EN,1,2.006,2.006,18.811,1,30,1,2,1,1,3,2,4,4,3,3,1,1,1,1,1,3,1,1,2,5,1,2.649,85.751,89.623,28,3,3,2,1,5,3,1,1,1,3,1,1,1,1,4,1,1,1,1,4,9.105,82.115,85.696,30,1,1,1,3,3,1,3,1,4,1,5,1,1,1,3,3,1,1,1,2,1.474,79.561,84.514,24,,,,
3/1/18 10:06,3/1/18 10:23,0,,100,1010,1,3/1/18 10:23,R_10CY1sGk2GpppQX,,,,,,,anonymous,EN,1,2.887,2.887,6.058,1,33,3,4,4,5,4,3,4,4,4,2,2,1,1,3,5,4,1,1,5,5,1,2.186,73.492,75.466,26,3,4,4,2,3,4,2,4,3,3,1,4,4,4,4,3,1,1,1,4,702.593,837.825,839.217,20,1,1,1,4,3,3,3,2,3,1,2,1,3,4,3,3,4,5,4,4,2.207,59.334,60.969,23,,,,
3/1/18 10:50,3/1/18 10:54,0,,100,244,1,3/1/18 10:54,R_3kLZXm2KuSazoLZ,,,,,,,anonymous,EN,1,11.414,11.414,13.843,1,26,3,2,2,4,2,2,4,4,4,2,4,1,1,2,4,2,1,4,4,4,1,2.586,79.604,81.252,25,3,2,2,2,2,4,1,1,4,2,2,4,3,4,4,1,3,1,1,4,2.817,64.696,66.199,24,1,2,2,2,2,3,3,2,2,1,4,4,3,4,4,3,4,1,2,2,4.148,66.829,67.951,23,,,,
3/1/18 10:56,3/1/18 10:58,0,,100,130,1,3/1/18 10:58,R_bBo0STcNpKGRVex,,,,,,,anonymous,EN,1,93.641,94.857,95.778,3,28,,,,,,,,,,,,,,,,,,,,,1,2.943,2.943,5.77,1,,,,,,,,,,,,,,,,,,,,4,3.964,3.964,6.704,1,,,,,,,,,,,,,,,,,,,,,0,0,6.184,0,,,,
3/1/18 10:56,3/1/18 10:59,0,,100,177,1,3/1/18 10:59,R_2zGBSwOjhvxvYAH,,,,,,,anonymous,EN,1,2.271,2.271,3.396,1,28,3,4,4,4,4,4,4,4,3,3,4,4,2,3,4,4,4,3,4,4,1,3.395,54.578,56.895,21,3,4,4,4,3,5,2,1,4,3,2,3,5,4,5,1,3,1,4,4,2.425,52.498,55.105,23,3,5,3,4,4,4,4,4,4,4,2,3,4,3,4,3,5,4,5,3,4.061,48.839,50.224,20,,,,
3/1/18 10:56,3/1/18 11:01,0,,100,303,1,3/1/18 11:01,R_2c2i8noKkafRi9R,,,,,,,anonymous,EN,1,12.08,12.08,13.748,1,31,2,4,4,4,,2,4,4,2,4,3,3,3,4,2,4,3,3,3,2,1,57.976,125.595,126.897,30,4,4,4,2,4,4,2,4,2,4,2,5,3,4,5,1,2,1,3,4,3.2,65.706,67.008,28,3,3,4,5,2,2,2,2,4,1,4,2,2,4,1,3,2,4,4,4,16.6,75.479,76.135,26,,,,
3/1/18 10:58,3/1/18 11:05,0,,100,382,1,3/1/18 11:05,R_b78jQJaESK46txv,,,,,,,anonymous,EN,1,10.536,10.536,13.096,1,34,1,3,4,4,2,1,3,4,4,2,,5,5,3,4,3,5,5,3,4,1,5.84,107.736,109.467,23,3,2,1,1,1,5,1,1,3,2,1,3,5,5,3,1,5,1,5,4,13.896,106.183,108.489,20,5,5,5,2,4,3,3,3,3,5,2,1,2,1,3,3,1,1,5,1,6.125,102.494,104.46,23,,,,
3/1/18 11:02,3/1/18 11:06,0,,100,287,1,3/1/18 11:06,R_2mc4aKtBA38BjHP,,,,,,,anonymous,EN,1,2.259,2.259,3.847,1,28,1,3,2,3,2,2,4,4,4,4,4,4,3,2,2,2,4,4,3,4,1,44.485,111.157,112.915,23,4,3,3,3,2,2,1,1,1,2,2,4,4,3,4,1,4,3,4,4,1.814,66.269,67.373,26,4,4,4,2,4,3,1,2,3,5,4,3,2,3,2,3,3,2,4,4,11.565,79.137,80.36,25,,,,
3/1/18 11:09,3/1/18 11:15,0,,100,355,1,3/1/18 11:15,R_ZCxF8dCxRrbWpMt,,,,,,,anonymous,EN,1,1.722,13.324,20.215,2,33,1,5,1,1,5,1,4,4,4,4,1,1,1,4,1,1,1,1,1,3,1,9.366,95.391,98.079,24,4,3,5,4,3,3,3,1,3,4,1,5,1,1,3,1,1,1,1,4,5.648,128.862,130.539,29,1,1,1,3,3,1,4,3,4,1,1,1,1,3,1,3,1,4,1,4,2.811,80.866,83.283,31,,,,
3/1/18 11:19,3/1/18 11:26,0,,100,401,1,3/1/18 11:26,R_bNJ4Yv3lOvAy641,,,,,,,anonymous,EN,1,10.119,10.119,13.817,1,57,3,3,4,5,3,3,5,4,4,2,3,3,3,3,5,5,3,3,4,5,1,6.614,67.641,69.399,23,5,4,3,3,3,4,2,1,3,2,1,5,4,4,3,1,3,1,3,4,12.757,222.487,225.182,21,4,3,5,5,3,3,3,3,4,3,2,1,2,5,4,3,1,1,5,4,2.655,64.832,74.713,23,,,,
3/1/18 11:29,3/1/18 11:32,0,,100,195,1,3/1/18 11:32,R_40dBojEQkX8aXf3,,,,,,,anonymous,EN,1,1.881,2.369,4.515,2,27,3,4,4,4,5,4,4,5,4,4,3,4,2,4,4,4,3,3,4,5,1,2.998,53.622,57.123,37,4,4,4,3,4,5,3,2,4,3,2,4,2,3,4,3,2,1,1,4,3.595,53.299,55.536,37,1,2,2,4,3,3,2,2,4,3,3,2,4,4,4,3,4,4,3,2,19.249,59.996,63.358,36,,,,
3/1/18 11:45,3/1/18 11:49,0,,100,200,1,3/1/18 11:49,R_3iUdFoXtUZiS1Bu,,,,,,,anonymous,EN,1,3.82,3.82,6.29,1,32,2,2,2,2,4,2,4,4,2,2,4,4,2,2,2,2,4,2,4,4,1,2.879,54.689,56.093,25,2,4,2,2,2,2,2,4,2,4,2,2,4,4,4,2,2,2,4,4,1.938,66.057,67.961,28,4,2,4,4,2,2,2,2,2,4,4,2,4,2,4,3,4,4,2,2,4.35,52.318,53.601,24,,,,
3/1/18 11:58,3/1/18 12:02,0,,100,210,1,3/1/18 12:02,R_1OIupV69PCuZUSt,,,,,,,anonymous,EN,1,2.046,2.046,3.444,1,35,4,1,1,1,4,1,4,5,4,2,3,3,3,3,1,1,3,3,3,4,1,8.371,57.012,58.988,28,4,3,4,1,1,4,2,4,4,2,1,1,3,4,2,1,3,1,3,4,5.551,65.244,67.208,21,3,3,5,4,4,1,4,1,4,3,2,3,3,4,4,3,5,4,1,4,5.44,65.075,66.44,29,,,,
3/1/18 12:03,3/1/18 12:09,0,,100,373,1,3/1/18 12:09,R_ywNScTYCSxngljz,,,,,,,anonymous,EN,1,36.021,36.021,39.44,1,59,3,4,4,4,4,3,5,5,5,5,1,1,1,4,5,4,1,1,5,5,1,3.131,91.472,92.594,25,5,3,4,4,5,5,4,5,4,2,5,1,5,5,5,1,1,1,1,4,17.501,107.857,109.437,22,1,1,1,4,1,5,3,4,5,3,5,1,4,3,5,,5,5,4,3,5.195,111.312,112.789,20,,,,
3/1/18 12:04,3/1/18 12:09,0,,100,332,1,3/1/18 12:09,R_RkLQ1n8jKdWEvcZ,,,,,,,anonymous,EN,1,16.686,16.686,20.511,1,37,4,4,4,5,5,5,5,5,5,3,4,5,4,3,4,4,5,5,5,5,1,7.248,120.144,121.609,20,4,4,5,3,5,5,4,5,4,4,1,5,5,5,4,3,4,1,5,4,0,0,85.892,0,5,5,3,5,4,5,3,4,5,5,5,2,4,4,5,3,5,5,5,2,0,0,56.29,0,,,,
3/1/18 11:58,3/1/18 12:12,0,,100,832,1,3/1/18 12:12,R_urYIIuvWywBLIOZ,,,,,,,anonymous,EN,1,2.926,50.089,50.929,3,34,4,5,4,4,5,5,5,5,4,3,1,1,1,3,4,4,1,1,5,5,1,10.464,297.45,300.57,30,4,4,5,3,3,4,3,5,4,3,1,4,5,4,4,3,1,1,1,4,2.168,265.248,266.295,26,1,1,5,4,5,1,4,3,4,1,1,1,4,4,5,3,5,5,3,5,9.778,194.567,195.669,25,,,,
3/1/18 12:10,3/1/18 12:14,0,,100,223,1,3/1/18 12:14,R_2fpuNZmGbBIilV7,,,,,,,anonymous,EN,1,7.12,7.12,8.391,1,23,3,3,4,4,4,3,4,3,3,3,3,4,2,3,4,4,3,3,3,4,1,42.384,89.801,91.124,24,4,4,4,3,2,4,2,3,3,4,3,4,3,4,4,3,1,1,4,4,1.146,54.219,55.845,22,5,4,2,4,3,3,2,3,4,4,4,1,4,3,3,3,3,3,3,3,2.429,49.454,50.4,22,,,,
3/1/18 12:14,3/1/18 12:20,0,,100,361,1,3/1/18 12:20,R_2fiYLcn089Nhkyy,,,,,,,anonymous,EN,1,10.911,10.911,14.266,1,36,3,4,4,4,3,3,3,4,4,3,4,3,3,4,4,4,4,3,5,4,1,8.475,100.715,102.99,23,4,4,4,4,3,4,3,5,4,4,2,4,5,3,5,3,3,2,4,4,10.808,114.443,117.441,24,3,3,2,5,3,3,3,3,4,4,4,1,3,3,4,3,5,4,3,3,11.198,89.132,91.226,22,,,,
3/1/18 12:19,3/1/18 12:22,0,,100,216,1,3/1/18 12:22,R_1dajte5iZ9tkzLG,,,,,,,anonymous,EN,1,74.543,75.566,81.626,2,25,4,3,4,3,4,4,4,4,3,2,4,4,4,5,4,4,4,3,4,4,1,6.174,37.533,38.711,22,4,,4,4,4,5,4,4,4,5,4,4,5,4,3,4,4,3,5,4,3.719,30.622,31.904,21,4,3,4,4,3,4,4,4,4,3,4,4,3,4,4,3,4,3,4,4,1.251,32.218,34.972,20,,,,
3/1/18 12:18,3/1/18 12:28,0,,100,603,1,3/1/18 12:28,R_1DTEwH5bPZvoZcM,,,,,,,anonymous,EN,1,11.076,11.076,14.433,1,38,4,4,4,4,4,4,4,4,4,1,4,1,1,3,4,2,2,2,5,4,1,13.952,160.686,162.217,24,5,4,4,4,5,4,2,5,4,2,1,5,2,4,4,1,1,1,1,4,75.188,271.97,273.725,25,2,1,1,4,2,4,2,2,4,1,5,1,3,4,2,3,4,4,2,1,3.709,125.612,127.438,27,,,,
3/1/18 12:25,3/1/18 12:34,0,,100,509,1,3/1/18 12:34,R_2wda2vrZPyVvben,,,,,,,anonymous,EN,1,11.257,11.257,15.443,1,38,1,5,5,3,5,3,5,1,1,1,1,1,1,1,1,4,1,1,5,5,1,6.92,161.534,163.647,28,5,5,5,3,4,4,4,1,1,2,1,5,1,4,4,3,1,1,1,4,7.269,164.46,166.055,25,1,1,1,4,2,3,4,4,5,1,1,1,3,4,1,3,1,1,2,5,10.313,140.096,146.187,23,,,,
3/1/18 13:01,3/1/18 13:07,0,,100,349,1,3/1/18 13:07,R_1je4EswO2BwMynE,,,,,,,anonymous,EN,1,16.124,16.124,18.466,1,56,5,2,1,5,4,5,4,5,5,1,5,5,1,3,1,1,5,5,5,5,1,10.253,95.99,97.387,21,5,4,5,5,2,5,5,4,5,2,1,5,5,5,2,3,5,1,5,4,11.001,108.028,113.45,22,5,5,5,5,4,5,5,,1,5,1,1,5,1,5,3,5,5,5,5,5.958,84.029,89.827,19,,,,
3/1/18 13:08,3/1/18 13:11,0,,100,205,1,3/1/18 13:11,R_AsuyBp3P6jedGQ9,,,,,,,anonymous,EN,1,11.934,12.167,13.121,2,27,4,3,4,3,4,3,4,3,3,3,4,4,3,2,4,3,4,4,4,4,1,2.23,58.517,59.787,38,4,4,4,3,4,4,3,3,3,3,,3,3,3,3,2,4,1,4,4,3.018,54.091,55.185,31,4,2,1,3,2,2,3,3,3,4,3,2,3,4,3,3,4,4,3,2,8.752,62.68,64.69,27,,,,
3/1/18 13:09,3/1/18 13:13,0,,100,234,1,3/1/18 13:13,R_C9tsLIuRGXumAJr,,,,,,,anonymous,EN,1,10.731,10.731,13.65,1,43,2,3,2,3,4,2,4,4,4,1,1,1,1,2,2,3,1,1,5,4,1,12.131,74.493,81.246,22,3,3,4,2,1,4,2,1,2,1,1,4,1,4,4,1,1,1,1,4,3.559,53.523,55.934,21,1,1,1,3,1,2,4,1,3,1,5,1,2,4,2,3,1,1,2,1,3.302,59.912,61.505,20,,,,
3/1/18 13:11,3/1/18 13:14,0,,100,200,1,3/1/18 13:14,R_2zItxBeyDgnsflO,,,,,,,anonymous,EN,1,17.336,17.336,19.546,1,23,5,3,4,2,4,5,4,3,5,4,4,4,4,4,4,3,3,4,4,5,1,13.118,13.118,16.268,1,4,3,2,4,5,3,1,3,4,4,4,4,2,4,4,5,3,1,4,4,94.061,95.445,102.701,2,4,4,3,3,4,1,4,4,3,3,5,5,2,3,4,3,4,1,3,2,29.888,35.345,46.088,7,,,,
3/1/18 13:13,3/1/18 13:17,0,,100,231,1,3/1/18 13:17,R_3EvdVgvXQVWQA70,,,,,,,anonymous,EN,1,1.643,4.555,6.448,3,28,3,4,4,4,5,4,4,4,4,2,4,4,4,3,4,4,4,4,3,5,1,2.621,67.262,74.25,29,4,4,5,4,4,4,3,5,4,4,2,4,4,4,4,4,4,2,4,4,5.098,56.852,58.19,27,4,4,3,4,3,3,3,3,4,4,,3,4,4,4,3,4,4,4,4,1.916,64.309,65.727,26,,,,
3/1/18 13:17,3/1/18 13:21,0,,100,269,1,3/1/18 13:21,R_82kH1tTKmW4w4V3,,,,,,,anonymous,EN,1,4.484,4.484,10.015,1,50,2,4,4,4,4,3,4,4,3,4,2,2,,4,4,4,2,3,3,4,1,6.004,78.598,79.927,24,4,4,4,3,3,3,3,4,3,3,3,3,4,3,4,3,3,2,3,4,8.224,62.688,64.629,20,3,,2,3,3,3,3,2,4,4,3,2,2,3,4,3,3,2,4,2,11.968,74.193,75.414,21,,,,
3/1/18 13:10,3/1/18 13:37,0,,100,1659,1,3/1/18 13:37,R_2q93XcibeXcbdiY,,,,,,,anonymous,EN,1,9.555,10.432,12.064,2,28,2,2,4,1,3,1,5,3,2,1,1,1,1,2,4,4,1,1,1,4,1,2.66,1465.71,1468.499,30,3,3,4,2,2,3,2,1,2,2,1,3,5,1,4,2,1,1,1,4,5.801,77.565,79.949,27,1,1,1,1,4,1,2,3,2,1,3,1,2,4,3,3,1,1,1,2,4.44,63.85,66.134,25,,,,
3/1/18 13:54,3/1/18 13:57,0,,100,167,1,3/1/18 13:57,R_1ds6chLhGyLirsJ,,,,,,,anonymous,EN,1,46.386,46.386,47.726,1,22,3,3,3,3,3,3,3,3,3,3,3,3,3,3,3,3,3,3,3,3,1,0,0,20.571,0,3,3,3,3,3,3,3,3,3,3,3,3,3,3,3,3,3,3,3,4,0,0,19.512,0,3,2,2,3,3,3,3,3,3,1,4,3,3,3,2,3,4,3,3,3,3.096,25.847,59.434,12,,,,
3/1/18 14:12,3/1/18 14:16,0,,100,197,1,3/1/18 14:16,R_3Jqjei3FIDJ2pkU,,,,,,,anonymous,EN,1,2.381,2.381,4.368,1,26,2,5,5,4,5,2,5,5,4,5,5,3,2,2,5,5,3,4,4,4,1,3.668,58.611,59.614,32,5,4,5,3,4,5,1,2,4,4,2,5,4,2,5,2,3,2,3,4,3.982,52.213,53.48,34,4,3,4,5,4,2,1,2,4,2,4,4,3,5,2,3,5,5,4,4,3.661,61.3,62.431,30,,,,
3/1/18 14:13,3/1/18 14:16,0,,100,171,1,3/1/18 14:16,R_1LIPLWBh3ZZNjKF,,,,,,,anonymous,EN,1,1.655,1.655,2.716,1,28,2,4,3,4,4,2,4,4,2,4,1,1,1,3,5,2,1,2,4,5,1,2.677,30.902,31.941,23,4,5,5,3,3,3,2,4,3,3,1,4,3,1,4,2,1,1,1,4,8.248,33.566,34.362,23,1,1,1,3,1,2,3,2,4,1,4,1,3,5,3,3,3,3,2,2,2.68,78.003,79.05,23,,,,
3/1/18 14:17,3/1/18 14:21,0,,100,202,1,3/1/18 14:21,R_2AG9ZqwkDXFv6Kj,,,,,,,anonymous,EN,1,2.365,2.775,4.111,2,24,3,2,4,4,4,4,4,4,5,3,2,3,2,3,4,4,3,4,4,4,1,2.375,58.483,60.039,27,4,4,5,2,4,4,4,1,3,3,1,4,1,3,5,3,1,1,1,4,6.638,62.758,63.868,30,1,1,1,4,1,3,4,3,4,1,1,1,4,4,4,3,3,3,3,1,10.392,58.566,60.132,30,,,,
3/1/18 14:20,3/1/18 14:30,0,,100,597,1,3/1/18 14:30,R_3fPloyZposz68Bg,,,,,,,anonymous,EN,1,47.997,47.997,50.958,1,39,4,1,4,4,4,4,4,4,4,5,4,4,5,2,4,4,5,5,5,4,1,9.463,142.671,144.126,21,4,4,2,2,2,4,1,5,4,2,1,4,2,4,4,1,3,1,5,4,3.267,296.226,298.49,20,5,5,1,4,4,2,1,2,4,4,1,1,3,5,4,3,5,5,3,1,4.383,82.577,84.742,22,,,,
3/1/18 14:50,3/1/18 14:56,0,,100,319,1,3/1/18 14:56,R_b94OCEE9xDroVUt,,,,,,,anonymous,EN,1,2.895,2.895,8.802,1,23,4,4,4,4,4,4,4,4,4,2,4,1,2,4,4,4,1,3,4,4,1,66.596,115.081,118.161,21,4,4,4,4,4,4,2,3,4,4,1,4,3,2,4,3,2,1,1,4,32.225,88.634,90.071,22,3,1,3,4,4,2,4,5,5,2,2,1,5,5,4,3,4,4,2,4,2.228,85.653,87.521,22,,,,
3/1/18 14:30,3/1/18 14:56,0,,100,1571,1,3/1/18 14:56,R_3kjwxRWMXrnBH4l,,,,,,,anonymous,EN,1,2.352,2.352,4.701,1,25,2,2,2,4,4,4,4,4,4,2,5,5,1,2,2,2,5,5,5,4,1,6.423,65.365,66.81,22,2,2,2,2,2,2,2,1,2,2,1,2,2,5,2,2,5,2,5,4,1.856,1455.064,1455.908,22,2,5,5,2,2,2,2,2,2,5,2,2,2,2,2,3,2,2,2,2,2.502,26.263,28.104,26,,,,
3/1/18 15:17,3/1/18 15:20,0,,100,183,1,3/1/18 15:20,R_8JrbJgr4oZB96IV,,,,,,,anonymous,EN,1,6.707,6.707,9.083,1,29,3,4,4,3,4,3,4,4,3,5,3,5,4,4,4,3,4,5,4,4,1,6.05,37.77,39.985,21,3,4,3,4,5,4,3,3,3,3,5,4,3,4,4,4,3,5,4,4,2.558,52.538,55.603,20,3,4,4,3,,4,4,3,3,4,5,3,3,5,4,3,4,4,4,5,4.413,40.147,51.922,19,,,,
3/1/18 15:18,3/1/18 15:23,0,,100,271,1,3/1/18 15:23,R_Z7SoysVOXzVyXiV,,,,,,,anonymous,EN,1,4.19,4.19,6.435,1,28,1,1,1,1,1,1,3,3,3,1,3,3,1,1,1,1,3,3,3,1,1,9.133,65.196,66.471,29,2,3,1,1,1,3,1,1,5,1,1,3,1,1,1,1,1,1,3,4,2.912,70.845,76.574,25,3,3,2,3,1,1,1,1,1,3,3,1,3,3,3,3,3,3,1,2,6.149,61.87,64.714,29,,,,
3/1/18 15:19,3/1/18 15:23,0,,100,243,1,3/1/18 15:23,R_CawftA7wnjcYOm5,,,,,,,anonymous,EN,1,6.102,13.346,15.818,3,40,2,4,4,4,4,4,4,4,4,4,4,2,3,2,4,4,4,2,2,4,1,4.346,73.646,75.551,26,4,4,4,4,4,4,2,5,4,4,2,4,4,4,4,2,4,2,3,4,3.72,62.417,63.816,21,4,3,2,4,2,2,2,2,4,4,4,1,2,4,4,3,4,4,2,2,3.982,67.16,68.448,23,,,,
3/1/18 15:17,3/1/18 15:24,0,,100,400,1,3/1/18 15:24,R_2yscqDTjMpY4JGS,,,,,,,anonymous,EN,1,12.437,12.437,15.185,1,39,2,3,4,4,3,2,4,4,4,2,3,2,1,2,4,4,3,2,3,4,1,78.16,166.949,168.282,27,3,4,4,2,2,4,2,1,2,2,4,4,3,4,3,2,1,1,2,4,5.545,76.898,81.397,21,3,4,2,2,3,1,1,2,4,2,4,3,2,4,2,3,1,1,2,2,3.56,108.021,109.531,24,,,,
3/1/18 15:24,3/1/18 15:32,0,,100,494,1,3/1/18 15:32,R_2V1S6VaYP79MJlq,,,,,,,anonymous,EN,1,14.411,16.05,16.526,2,28,1,2,4,2,2,1,4,4,4,1,4,1,1,2,2,2,2,2,3,4,1,58.851,137.105,138.727,21,2,4,4,2,2,4,2,5,4,1,1,4,4,5,2,1,2,1,1,4,22.237,140.815,142.738,24,1,3,1,4,4,4,1,1,2,1,4,1,1,2,4,3,3,4,2,2,53.31,172.304,173.513,23,,,,
3/1/18 15:42,3/1/18 15:46,0,,100,228,1,3/1/18 15:46,R_V3eZlldHYhfRx4Z,,,,,,,anonymous,EN,1,39.335,39.335,41.784,1,35,4,4,4,1,5,3,4,4,4,3,4,5,4,2,4,3,4,4,4,4,1,3.972,93.061,94.376,30,4,4,4,4,4,4,4,4,4,4,4,4,4,4,4,4,4,4,4,4,2.095,12.663,35.733,22,4,4,4,4,4,4,4,4,4,4,4,4,4,4,4,3,4,4,4,4,1.768,23.912,29.343,27,,,,
3/1/18 15:42,3/1/18 15:50,0,,100,464,1,3/1/18 15:50,R_3Hp4ex5rdWmNKD7,,,,,,,anonymous,EN,1,3.754,3.754,8.613,1,43,1,1,1,1,1,1,1,1,1,1,1,1,1,1,1,1,1,1,1,1,1,217.343,236.568,247.85,23,1,1,1,1,1,1,1,1,1,1,1,1,1,1,1,1,1,1,1,4,35.391,65.137,68.286,21,1,1,1,1,5,1,1,1,1,1,3,1,1,1,1,3,1,1,1,1,9.591,114.274,115.334,24,,,,
3/1/18 16:26,3/1/18 16:30,0,,100,245,1,3/1/18 16:30,R_4Pl30hNsvLWuVot,,,,,,,anonymous,EN,1,3.368,3.368,6.302,1,29,4,4,4,4,4,4,4,4,4,2,4,2,4,4,4,4,4,3,4,4,1,7.375,77.641,79.462,21,4,4,4,4,4,4,2,4,4,4,4,2,4,4,4,2,2,1,4,4,5.401,58.553,60.195,20,2,4,2,4,2,4,4,4,4,4,4,2,4,4,4,3,4,4,4,2,8.773,78.85,80.907,21,,,,
3/1/18 16:27,3/1/18 16:32,0,,100,296,1,3/1/18 16:32,R_sZ5yyZEcfxkAGJj,,,,,,,anonymous,EN,1,11.126,11.126,13.217,1,68,3,3,4,4,5,4,4,3,4,2,2,3,3,3,4,4,3,3,4,4,1,3.238,81.568,83.068,26,4,4,5,3,4,4,5,4,4,4,4,3,3,4,3,4,2,3,3,4,4.831,86.281,87.986,20,3,3,2,4,3,3,4,4,4,3,4,2,4,4,3,3,4,4,4,4,3.421,87.163,89.331,25,,,,
3/1/18 16:29,3/1/18 16:36,0,,100,394,1,3/1/18 16:36,R_1i3xKnXSrprj8qQ,,,,,,,anonymous,EN,1,2.683,7.201,8.315,8,34,4,2,2,2,2,2,3,1,2,1,1,2,1,2,2,2,2,1,4,2,2,31.76,148.078,149.598,59,4,1,2,1,1,4,1,1,2,1,1,5,2,2,4,2,1,2,1,4,5.285,72.558,73.817,64,1,1,1,2,1,4,3,2,2,1,4,1,3,4,1,3,2,4,4,4,0.517,109.589,111.218,66,,,,
3/1/18 16:34,3/1/18 16:37,0,,100,159,1,3/1/18 16:37,R_CdxvC2YVjOLo1Wx,,,,,,,anonymous,EN,1,2.855,2.855,4.398,1,33,5,,5,4,5,5,5,5,4,2,5,4,2,4,5,5,5,4,5,5,1,4.794,55.162,57.956,26,5,5,5,5,5,5,5,5,5,,1,5,5,5,5,5,5,1,2,4,6.376,33.359,39.958,26,5,3,5,5,5,5,5,3,5,5,1,1,5,5,5,3,5,5,5,3,1.71,33.695,35.8,33,,,,
3/1/18 16:29,3/1/18 16:44,0,,100,891,1,3/1/18 16:44,R_Qg1UeRM3XEVu1uV,,,,,,,anonymous,EN,1,2.817,6.404,16.099,2,46,4,5,5,5,5,5,5,5,5,5,5,5,1,1,5,5,5,5,5,5,1,5.954,141.127,142.929,31,4,5,5,3,4,4,5,2,4,5,3,5,5,4,2,4,1,1,5,4,1.846,397.859,401.302,52,5,5,3,5,5,2,5,1,5,5,1,1,3,5,5,3,5,5,1,5,20.359,172.041,173.65,27,,,,
3/1/18 16:47,3/1/18 16:53,0,,100,362,1,3/1/18 16:53,R_3gSLg0gJtyAcc4X,,,,,,,anonymous,EN,1,21.234,21.234,23.342,1,34,1,1,1,1,1,1,1,3,1,3,1,1,1,1,1,1,1,,1,1,1,31.299,202.74,219.251,11,1,1,1,1,1,1,1,1,1,3,1,1,1,1,1,1,1,1,1,4,0,0,38.738,0,1,1,1,1,5,1,1,1,1,1,1,1,1,3,1,3,1,1,1,3,2.445,26.608,62.725,2,,,,
3/1/18 17:05,3/1/18 17:12,0,,100,421,1,3/1/18 17:12,R_1nZAdl03mJURbJD,,,,,,,anonymous,EN,1,22.134,24.77,27.255,2,27,3,3,3,2,3,2,3,5,3,3,4,3,4,3,3,4,3,3,4,4,1,0.77,132.545,134.97,73,4,4,5,4,5,4,4,3,4,3,3,4,3,4,5,3,3,3,3,4,0.699,109.342,111.229,69,3,2,1,4,3,4,3,3,3,3,4,2,3,4,4,3,4,5,4,3,31.337,108.818,109.766,67,,,,
3/1/18 16:56,3/1/18 17:16,0,,100,1237,1,3/1/18 17:16,R_2Yu1R8hA85mFUbZ,,,,,,,anonymous,EN,1,1009.077,1009.077,1010.989,1,39,4,3,3,4,4,4,4,4,4,2,5,5,1,4,2,4,5,5,5,4,1,2.472,81.55,83.886,25,5,4,5,4,4,5,2,5,4,3,1,3,5,5,4,2,4,1,5,4,4.175,62.237,63.973,22,4,4,2,5,2,5,4,2,4,5,5,4,4,3,5,3,5,5,4,1,2.84,51.769,53.134,22,,,,
3/1/18 19:09,3/1/18 19:38,0,,100,1772,1,3/1/18 19:38,R_22JhSvjoETVeoyp,,,,,,,anonymous,EN,1,0.837,1009.695,1010.976,7,32,4,2,4,5,4,2,5,5,4,1,4,5,3,2,5,4,4,4,5,5,1,3.518,154.614,154.679,92,5,4,4,2,4,4,1,1,4,4,2,4,4,5,4,1,2,1,5,4,0.618,283.449,283.559,118,4,5,1,4,1,2,4,2,4,5,5,2,4,4,5,3,5,5,4,2,1.633,291.415,292.424,101,,,,
3/1/18 19:48,3/1/18 19:52,0,,100,204,1,3/1/18 19:52,R_25thMwAzpCykrDH,,,,,,,anonymous,EN,1,9.202,9.202,10.58,1,54,1,2,4,4,4,3,3,4,2,2,1,1,1,2,5,4,1,1,1,4,1,3.636,52.445,53.818,23,4,3,4,3,2,2,1,1,2,2,1,2,1,4,5,1,1,1,1,4,3.292,53.147,54.758,26,1,1,2,2,5,3,4,1,4,1,4,1,2,1,2,3,3,3,4,4,3.875,61.243,62.755,22,,,,
3/1/18 21:17,3/1/18 21:22,0,,100,344,1,3/1/18 21:22,R_2nJ7yxy5zi2vU1r,,,,,,,anonymous,EN,1,5.101,9.32,10.958,2,24,2,3,4,4,4,1,4,4,4,1,4,3,2,1,5,4,3,3,3,4,1,23.061,98.603,100.614,28,4,2,4,4,1,3,1,1,1,1,1,4,2,4,3,2,2,1,3,4,20.013,84.276,86.593,29,4,3,2,4,2,4,3,1,4,3,5,1,2,3,3,3,1,1,4,1,25.913,92.111,93.888,28,,,,
3/1/18 21:58,3/1/18 22:12,0,,100,834,1,3/1/18 22:12,R_2qsY66kw3tIU10I,,,,,,,anonymous,EN,1,482.701,482.701,484.161,1,33,2,5,5,2,2,5,1,3,2,4,1,4,5,2,2,5,5,5,5,1,1,266.35,269.012,274.561,2,3,5,4,1,3,1,1,3,2,5,5,4,5,2,2,2,3,1,1,4,11.191,14.567,33.972,2,4,4,1,2,2,4,4,1,2,5,5,2,3,2,3,3,4,5,2,4,12.545,12.545,13.703,1,,,,
3/1/18 23:01,3/1/18 23:07,0,,100,388,1,3/1/18 23:07,R_2aIw7GNw0thbWoR,,,,,,,anonymous,EN,1,11.39,11.39,14.26,1,32,4,4,4,5,4,3,5,4,4,3,4,5,5,3,4,4,5,4,5,4,1,9.307,114.756,116.935,25,4,3,4,3,4,5,2,4,4,3,4,5,5,3,4,4,5,3,5,4,8.53,103.337,105.201,20,5,4,1,5,2,3,5,4,4,5,5,2,4,5,5,3,4,5,4,2,15.668,124.012,126.452,23,,,,
3/2/18 0:01,3/2/18 0:06,0,,100,345,1,3/2/18 0:06,R_bIBcxpLuhsFjqlH,,,,,,,anonymous,EN,1,4.854,12.636,12.672,6,47,2,1,2,4,5,2,3,3,2,2,1,1,1,2,4,2,1,1,1,4,1,4.269,106.717,106.754,60,5,2,2,2,1,4,2,1,1,1,1,3,1,2,3,1,1,1,1,4,1.364,100.194,100.218,56,1,1,1,4,5,2,4,1,2,1,2,1,1,3,1,3,1,1,1,2,6.034,105.68,106.634,56,,,,
3/2/18 1:02,3/2/18 1:09,0,,100,420,1,3/2/18 1:09,R_1Fg3GdOHUVDATQI,,,,,,,anonymous,EN,1,29.48,29.48,31.486,1,30,4,4,4,4,5,4,5,4,4,1,1,1,1,1,4,4,1,1,4,4,1,5.739,130.537,132.564,28,4,5,5,4,2,4,1,4,4,3,4,4,1,1,4,3,1,3,1,4,4.875,93.689,95.096,26,1,1,1,4,1,1,1,4,5,1,1,1,4,5,5,3,5,4,5,5,28.982,137.402,139.44,21,,,,
3/2/18 2:18,3/2/18 2:23,0,,100,253,1,3/2/18 2:23,R_2AGNurnI1i2XBnA,,,,,,,anonymous,EN,1,6.331,7.775,7.876,3,42,4,3,3,3,4,3,5,5,4,3,1,1,1,3,4,4,1,1,4,5,1,2.861,67.441,69.44,23,3,3,5,1,1,1,1,4,3,3,1,1,1,1,2,1,1,1,1,4,4.345,58.838,60.448,21,1,1,1,4,2,1,4,3,4,1,1,1,3,3,1,3,5,5,2,2,8.331,84.547,86.831,22,,,,
3/2/18 3:18,3/2/18 3:21,0,,100,146,1,3/2/18 3:21,R_1JPBVR0xJoM0CgE,,,,,,,anonymous,EN,1,4.926,4.926,6.831,1,30,5,5,4,4,5,4,5,4,5,5,5,5,4,4,4,5,4,5,5,4,4,2.816,51.63,55.884,24,4,4,4,5,4,5,4,4,5,4,5,5,4,4,4,5,4,5,4,5,1.707,20.308,22.364,20,4,4,5,4,5,5,4,5,4,4,4,5,4,5,4,4,4,4,5,5,1.654,26.009,28.145,27,,,,
3/2/18 4:15,3/2/18 4:19,0,,100,278,1,3/2/18 4:19,R_Zw8uKbvC102SNc5,,,,,,,anonymous,EN,1,3.676,3.676,6.602,1,42,4,4,4,5,5,4,5,5,5,3,4,1,2,3,5,5,1,1,5,5,1,2.795,87.238,89.5,22,4,4,5,3,5,5,4,5,4,3,1,4,4,3,5,2,1,1,1,4,3.339,80.659,82.593,28,1,1,3,5,5,4,4,4,4,1,2,1,4,2,4,3,5,5,5,5,3.612,82.248,83.313,21,,,,
3/2/18 5:17,3/2/18 5:20,0,,100,199,1,3/2/18 5:20,R_1ponLlbIsNiPf1j,,,,,,,anonymous,EN,1,6.043,6.043,8.52,1,30,3,4,3,3,3,3,3,3,4,3,4,4,3,3,3,3,3,3,3,4,1,10.504,37.59,39.958,21,4,4,3,4,4,3,4,3,3,3,1,1,4,3,4,4,3,1,3,4,5.759,90.022,91.979,22,4,4,4,3,3,4,2,2,4,3,2,,3,2,4,3,4,4,2,2,10.583,33.998,35.484,27,,,,
3/2/18 6:21,3/2/18 6:27,0,,100,359,1,3/2/18 6:27,R_1Cm8IBqMPAdYlok,,,,,,,anonymous,EN,1,3.036,3.036,5.285,1,45,5,3,3,5,5,5,5,5,5,1,5,5,1,3,3,3,5,5,5,5,1,5.316,94.696,95.431,31,3,4,4,4,5,5,4,5,3,3,1,4,4,5,5,3,5,1,5,4,3.495,123.816,128.511,24,5,5,5,5,5,4,3,3,5,5,1,1,4,1,4,3,4,5,3,5,4.198,91.735,93.725,24,,,,
3/2/18 7:18,3/2/18 7:23,0,,100,292,1,3/2/18 7:23,R_2PtVj4OL2SMuw7V,,,,,,,anonymous,EN,1,14.675,14.675,17.916,1,55,5,5,5,5,5,4,5,5,5,5,5,5,1,5,5,5,5,5,5,5,1,2.914,69.634,71.121,21,5,5,5,5,5,5,2,1,5,4,1,2,5,5,5,5,5,1,5,4,3.321,86.301,87.586,21,5,5,1,5,2,5,5,2,5,5,4,1,2,5,4,3,1,1,5,2,5.562,92.848,95.418,20,,,,
3/2/18 8:33,3/2/18 8:49,0,,100,948,1,3/2/18 8:49,R_37ScsFmA3Wp8A01,,,,,,,anonymous,EN,1,692.944,692.944,695.628,1,40,3,3,3,3,3,3,4,3,3,2,4,4,2,3,4,3,4,3,4,4,1,6.923,74.935,79.86,26,3,4,3,3,3,4,2,4,3,3,2,3,4,4,3,3,3,2,4,4,3.033,90.773,92.225,24,4,4,3,4,4,3,4,3,4,4,2,3,3,3,4,3,4,4,3,3,2.305,58.11,59.036,23,,,,
3/2/18 10:01,3/2/18 10:02,0,,100,85,1,3/2/18 10:02,R_DAyhiet1E8yGOGt,,,,,,,anonymous,EN,1,5.682,6.877,7.281,2,26,4,4,4,3,3,3,4,5,3,4,3,4,3,4,3,2,2,3,4,4,1,8.275,19.65,20.563,21,3,3,4,5,3,2,3,3,4,3,2,3,5,4,4,3,3,4,3,4,8.227,16.972,18.13,20,3,2,3,2,4,3,4,4,4,3,2,4,4,3,5,3,3,5,3,3,0.689,23.755,24.762,23,,,,
3/2/18 11:02,3/2/18 11:08,0,,100,362,1,3/2/18 11:08,R_AmwvimoHhngUnRf,,,,,,,anonymous,EN,1,3.619,3.619,4.964,1,34,1,1,1,1,1,1,3,4,4,4,4,1,5,1,5,1,5,1,1,4,1,3.42,54.835,56.441,24,4,1,1,1,1,4,1,1,4,1,1,1,5,4,4,1,5,1,4,4,5.074,56.386,59.063,21,1,1,1,4,1,3,5,1,1,5,1,1,1,5,1,3,1,3,1,1,2.828,223.684,225.538,20,,,,
2/28/18 12:07,2/28/18 12:08,0,,30,45,0,3/2/18 12:08,R_2xFDyXv815yWEhS,,,,,,,anonymous,EN,1,6.421,6.421,18.952,1,37,,,,,,,,,,,,,,,,,,,,,,,,,,,,,,,,,,,,,,,,,,,,,,,,,,,,,,,,,,,,,,,,,,,,,,,,,,,,,
3/2/18 12:39,3/2/18 12:43,0,,100,240,1,3/2/18 12:43,R_1BPEygTYr5H7S7t,,,,,,,anonymous,EN,1,5.287,5.287,7.581,1,67,2,2,2,2,2,2,4,3,2,2,3,4,3,2,2,2,5,4,4,4,1,7.247,64.11,67.378,21,3,3,2,4,2,4,2,2,2,2,2,3,3,3,2,1,2,2,4,4,4.312,52.415,54.191,21,4,4,2,2,3,2,2,2,2,4,4,2,2,2,2,3,2,2,3,2,2.919,47.39,49.352,20,,,,
3/2/18 12:45,3/2/18 12:50,0,,100,282,1,3/2/18 12:50,R_Ti679U1eHbmwNod,,,,,,,anonymous,EN,1,8.693,8.693,12.349,1,61,4,4,4,5,5,5,5,5,4,4,5,5,3,4,4,4,5,5,5,5,1,3.759,70.73,72.435,23,4,4,4,4,4,5,3,5,5,4,1,2,5,4,4,3,4,1,5,4,5.817,74.812,76.527,20,5,5,5,5,5,4,4,4,4,5,1,4,4,3,5,3,5,5,5,5,8.834,89.191,91.901,23,,,,
3/2/18 13:48,3/2/18 13:57,0,,100,563,1,3/2/18 13:57,R_3iyfTYCp58E8uyE,,,,,,,anonymous,EN,1,14.457,14.457,16.13,1,26,4,5,4,4,5,4,4,4,4,4,4,5,2,5,4,4,5,4,5,5,1,7.695,44.859,55.098,26,5,4,5,4,4,4,2,3,4,5,1,4,4,4,4,4,2,1,5,4,3.81,39.878,57.889,24,5,5,2,4,2,4,2,4,4,5,5,1,4,5,4,3,4,4,4,2,6.682,52.694,64.547,28,,,,
2/28/18 16:28,2/28/18 16:32,0,,70,231,0,3/2/18 16:32,R_3rIM0Pl7tta3aEG,,,,,,,anonymous,EN,1,3.057,3.057,4.994,1,21,4,5,5,5,5,5,5,5,3,5,4,5,4,4,5,4,3,4,4,4,1,5.811,44.268,45.829,22,,,,,,,,,,,,,,,,,,,,,,,,,3,3,3,5,2,4,5,5,4,3,2,2,,1,4,3,5,4,2,2,77.968,121.199,122.424,23,,,,
2/28/18 19:14,2/28/18 19:14,0,,30,33,0,3/2/18 19:14,R_3kFl8QyQeulrDGK,,,,,,,anonymous,EN,1,4.558,4.558,6.886,1,32,,,,,,,,,,,,,,,,,,,,,,,,,,,,,,,,,,,,,,,,,,,,,,,,,,,,,,,,,,,,,,,,,,,,,,,,,,,,,
2/28/18 23:17,2/28/18 23:50,0,,30,2011,0,3/2/18 23:50,R_pfPRhWO8GhEbJxD,,,,,,,anonymous,EN,1,1998.201,1998.201,2002.275,1,28,,,,,,,,,,,,,,,,,,,,,,,,,,,,,,,,,,,,,,,,,,,,,,,,,,,,,,,,,,,,,,,,,,,,,,,,,,,,,
3/1/18 1:56,3/1/18 1:57,0,,30,66,0,3/3/18 1:57,R_zdSq0TnAPQCQb97,,,,,,,anonymous,EN,1,5.067,7.108,8.842,2,47,,,,,,,,,,,,,,,,,,,,,,,,,,,,,,,,,,,,,,,,,,,,,,,,,,,,,,,,,,,,,,,,,,,,,,,,,,,,,
3/1/18 5:06,3/1/18 5:06,0,,30,23,0,3/3/18 5:07,R_5upLEMwqt6O7aEx,,,,,,,anonymous,EN,1,1.119,3.044,4.553,3,27,,,,,,,,,,,,,,,,,,,,,,,,,,,,,,,,,,,,,,,,,,,,,,,,,,,,,,,,,,,,,,,,,,,,,,,,,,,,,
3/1/18 5:09,3/1/18 5:15,0,,90,390,0,3/3/18 5:15,R_BV3a3DsSNnq5cyt,,,,,,,anonymous,EN,1,0,0,3.323,0,29,,,,,,,,,,,,,,,,,,,,,,0,0,369.437,0,,,,,,,,,,,,,,,,,,,,,0,0,0.571,0,,,,,,,,,,,,,,,,,,,,,0.982,0.982,1.48,1,,,,
3/1/18 5:15,3/1/18 5:15,0,,30,9,0,3/3/18 5:16,R_1rwF1W08aMMl6Vm,,,,,,,anonymous,EN,1,2.875,3.126,3.705,2,19,,,,,,,,,,,,,,,,,,,,,,,,,,,,,,,,,,,,,,,,,,,,,,,,,,,,,,,,,,,,,,,,,,,,,,,,,,,,,
3/1/18 7:19,3/1/18 7:25,0,,50,348,0,3/3/18 7:25,R_3Phj9eUo8T006fP,,,,,,,anonymous,EN,1,2.666,2.666,3.607,1,28,,,,,,,,,,,,,,,,,,,,,,,,,,,,,,,,,,,,,,,,,,,,,,,,,,1,4,2,2,4,2,2,2,2,2,4,2,3,2,2,3,4,4,2,4,7.777,103.368,104.654,30,,,,
3/1/18 8:26,3/1/18 8:30,0,,50,232,0,3/3/18 8:30,R_1H7PqIgVLuBTlFv,,,,,,,anonymous,EN,1,7.272,7.272,10.708,1,36,,,,,,,,,,,,,,,,,,,,,,,,,,4,4,4,4,5,4,2,4,3,3,1,2,5,4,4,1,4,4,4,4,10.61,195.529,198.069,23,,,,,,,,,,,,,,,,,,,,,,,,,,,,
3/1/18 8:15,3/1/18 8:31,0,,90,973,0,3/3/18 8:32,R_24vFpmR40ytiepP,,,,,,,anonymous,EN,1,10.316,10.316,12.137,1,44,4,3,3,3,4,4,4,4,4,3,4,4,2,3,3,3,4,4,4,4,1,20.119,90.415,92.699,24,4,4,4,4,3,4,2,4,4,2,2,4,4,4,4,2,2,2,4,4,11.664,68.512,69.9,21,4,4,4,4,4,4,2,3,4,4,2,2,2,4,4,3,4,4,4,4,21.349,77.702,79.832,21,,,,
3/1/18 13:09,3/1/18 13:10,0,,50,110,0,3/3/18 13:11,R_1Oiwl1NvPPZA2Sn,,,,,,,anonymous,EN,1,13.525,13.525,14.369,1,26,,,,,,,,,,,,,,,,,,,,,,,,,,,,,,,,,,,,,,,,,,,,,,,,,,5,4,5,5,1,5,5,5,5,5,5,5,5,5,5,3,5,5,5,1,35.592,37.794,54.018,2,,,,
3/1/18 13:12,3/1/18 13:45,0,,50,1970,0,3/3/18 13:45,R_3L2avaQX1rj8lTn,,,,,,,anonymous,EN,1,2.725,2.725,7.938,1,26,5,5,3,5,4,4,5,5,5,2,5,3,3,2,4,5,5,5,5,5,1,1875.83,1946.45,1952.347,31,,,,,,,,,,,,,,,,,,,,,,,,,,,,,,,,,,,,,,,,,,,,,,,,,,,,
3/1/18 15:16,3/1/18 15:17,0,,50,109,0,3/3/18 15:18,R_3DzginZyZMLoKSB,,,,,,,anonymous,EN,1,5.518,5.518,8.237,1,24,,,,,,,,,,,,,,,,,,,,,,,,,,5,4,4,4,4,4,1,1,3,5,1,4,2,5,5,2,2,1,1,4,6.326,86.543,87.982,34,,,,,,,,,,,,,,,,,,,,,,,,,,,,
3/1/18 16:23,3/1/18 16:24,0,,30,52,0,3/3/18 16:24,R_diLDz9JH6fx1Vuh,,,,,,,anonymous,EN,1,33.03,33.03,34.804,1,44,,,,,,,,,,,,,,,,,,,,,,,,,,,,,,,,,,,,,,,,,,,,,,,,,,,,,,,,,,,,,,,,,,,,,,,,,,,,,
3/1/18 16:44,3/1/18 16:45,0,,30,31,0,3/3/18 16:45,R_1eqKuvIbCVTo3Jg,,,,,,,anonymous,EN,1,2.548,2.548,4.979,1,29,,,,,,,,,,,,,,,,,,,,,,,,,,,,,,,,,,,,,,,,,,,,,,,,,,,,,,,,,,,,,,,,,,,,,,,,,,,,,